[
  {
    "id": "greetings",
    "name": {
      "ko": "인사",
      "en": "Greetings"
    },
    "description": {
      "ko": "일상에서 사용하는 인사말",
      "en": "Everyday greetings and salutations"
    },
    "icon": "―",
    "color": "yellow",
    "order": 1
  },
  {
    "id": "emotions",
    "name": {
      "ko": "감정",
      "en": "Emotions"
    },
    "description": {
      "ko": "감정과 기분을 표현하는 단어",
      "en": "Words expressing feelings and moods"
    },
    "icon": "◐",
    "color": "pink",
    "order": 2
  },
  {
    "id": "daily-life",
    "name": {
      "ko": "일상생활",
      "en": "Daily Life"
    },
    "description": {
      "ko": "일상생활에서 자주 쓰는 단어",
      "en": "Common words used in daily activities"
    },
    "icon": "⌂",
    "color": "blue",
    "order": 3
  },
  {
    "id": "food",
    "name": {
      "ko": "음식",
      "en": "Food"
    },
    "description": {
      "ko": "음식과 식사 관련 단어",
      "en": "Food and dining related vocabulary"
    },
    "icon": "○",
    "color": "orange",
    "order": 4
  },
  {
    "id": "travel",
    "name": {
      "ko": "여행",
      "en": "Travel"
    },
    "description": {
      "ko": "여행과 이동 관련 단어",
      "en": "Travel and transportation vocabulary"
    },
    "icon": "→",
    "color": "teal",
    "order": 5
  },
  {
    "id": "work",
    "name": {
      "ko": "직장",
      "en": "Work"
    },
    "description": {
      "ko": "직장과 비즈니스 관련 단어",
      "en": "Work and business related vocabulary"
    },
    "icon": "□",
    "color": "indigo",
    "order": 6
  },
  {
    "id": "culture",
    "name": {
      "ko": "문화",
      "en": "Culture"
    },
    "description": {
      "ko": "한국 문화 관련 단어",
      "en": "Korean culture related vocabulary"
    },
    "icon": "◇",
    "color": "purple",
    "order": 7
  },
  {
    "id": "numbers",
    "name": {
      "ko": "숫자/시간",
      "en": "Numbers & Time"
    },
    "description": {
      "ko": "숫자와 시간 관련 단어",
      "en": "Numbers and time related vocabulary"
    },
    "icon": "#",
    "color": "green",
    "order": 8
  },
  {
    "id": "music",
    "name": {
      "ko": "음악",
      "en": "Music"
    },
    "description": {
      "ko": "악기와 음악 관련 단어",
      "en": "Musical instruments and music vocabulary"
    },
    "icon": "♪",
    "color": "red",
    "order": 9
  },
  {
    "id": "art",
    "name": {
      "ko": "예술",
      "en": "Art"
    },
    "description": {
      "ko": "미술과 예술 관련 단어",
      "en": "Art and creative expression vocabulary"
    },
    "icon": "◎",
    "color": "purple",
    "order": 10
  },
  {
    "id": "sports",
    "name": {
      "ko": "스포츠",
      "en": "Sports"
    },
    "description": {
      "ko": "스포츠와 운동 관련 단어",
      "en": "Sports and exercise vocabulary"
    },
    "icon": "●",
    "color": "green",
    "order": 11
  },
  {
    "id": "space",
    "name": {
      "ko": "우주",
      "en": "Space"
    },
    "description": {
      "ko": "우주와 천문학 관련 단어",
      "en": "Space and astronomy vocabulary"
    },
    "icon": "☆",
    "color": "indigo",
    "order": 12
  },
  {
    "id": "physics",
    "name": {
      "ko": "물리학",
      "en": "Physics"
    },
    "description": {
      "ko": "물리학과 과학 관련 단어",
      "en": "Physics and science vocabulary"
    },
    "icon": "∿",
    "color": "blue",
    "order": 13
  },
  {
    "id": "math",
    "name": {
      "ko": "수학",
      "en": "Mathematics"
    },
    "description": {
      "ko": "수학과 계산 관련 단어",
      "en": "Mathematics and calculation vocabulary"
    },
    "icon": "∑",
    "color": "teal",
    "order": 14
  },
  {
    "id": "time-date",
    "name": {
      "ko": "시간/날짜",
      "en": "Time & Date"
    },
    "description": {
      "ko": "시간, 날짜, 요일 관련 단어",
      "en": "Time, date, and day-related vocabulary"
    },
    "icon": "◴",
    "color": "blue",
    "order": 15
  },
  {
    "id": "family",
    "name": {
      "ko": "가족/관계",
      "en": "Family & Relationships"
    },
    "description": {
      "ko": "가족, 친척, 인간관계 관련 단어",
      "en": "Family, relatives, and relationship vocabulary"
    },
    "icon": "∞",
    "color": "pink",
    "order": 16
  },
  {
    "id": "verbs-basic",
    "name": {
      "ko": "기본 동사",
      "en": "Basic Verbs"
    },
    "description": {
      "ko": "TOPIK 필수 기본 동사",
      "en": "Essential basic verbs for TOPIK"
    },
    "icon": "→",
    "color": "orange",
    "order": 17
  },
  {
    "id": "adjectives-basic",
    "name": {
      "ko": "기본 형용사",
      "en": "Basic Adjectives"
    },
    "description": {
      "ko": "TOPIK 필수 기본 형용사",
      "en": "Essential basic adjectives for TOPIK"
    },
    "icon": "◆",
    "color": "purple",
    "order": 18
  },
  {
    "id": "shopping",
    "name": {
      "ko": "쇼핑",
      "en": "Shopping"
    },
    "description": {
      "ko": "쇼핑과 구매 관련 단어",
      "en": "Shopping and purchasing vocabulary"
    },
    "icon": "▢",
    "color": "pink",
    "order": 19
  },
  {
    "id": "transportation",
    "name": {
      "ko": "교통",
      "en": "Transportation"
    },
    "description": {
      "ko": "교통수단과 이동 관련 단어",
      "en": "Transportation and travel vocabulary"
    },
    "icon": "⊳",
    "color": "blue",
    "order": 20
  },
  {
    "id": "coding",
    "name": {
      "ko": "코딩/개발",
      "en": "Coding & Development"
    },
    "description": {
      "ko": "웹 개발, TypeScript, React, PWA 관련 용어 (RRv7 + SSG + Tailwind v4)",
      "en": "Web development, TypeScript, React, PWA terminology (RRv7 + SSG + Tailwind v4)"
    },
    "icon": "⌘",
    "color": "indigo",
    "order": 21
  },
  {
    "id": "countries",
    "name": {
      "ko": "국가",
      "en": "Countries"
    },
    "description": {
      "ko": "전 세계 국가와 지역의 이름",
      "en": "Names of countries and regions around the world"
    },
    "icon": "◯",
    "color": "teal",
    "order": 22
  },
  {
    "id": "particles",
    "name": {
      "ko": "조사",
      "en": "Particles"
    },
    "description": {
      "ko": "문법적 관계를 나타내는 조사",
      "en": "Grammatical particles indicating relationships"
    },
    "icon": "∘",
    "color": "indigo",
    "order": 23
  },
  {
    "id": "geography",
    "name": {
      "ko": "지리",
      "en": "Geography"
    },
    "description": {
      "ko": "대륙, 바다 등 지리 관련 단어",
      "en": "Geography-related words including continents and oceans"
    },
    "icon": "◐",
    "color": "teal",
    "order": 24
  },
  {
    "id": "colors",
    "name": {
      "ko": "색깔",
      "en": "Colors"
    },
    "description": {
      "ko": "다양한 색깔과 색상 관련 단어",
      "en": "Various colors and color-related vocabulary"
    },
    "icon": "◉",
    "color": "red",
    "order": 25
  }
]