{
  "version": "1.0.0",
  "generatedAt": "2026-01-12T01:08:52.446Z",
  "baseUrl": "https://raw.githubusercontent.com/soundbluemusic/public-monorepo/main/data/context",
  "files": {
    "categories": "categories.json",
    "conversations": "conversations.json",
    "entries": [
      "entries/actions.json",
      "entries/adjectives-basic.json",
      "entries/adverbs.json",
      "entries/anatomy.json",
      "entries/art.json",
      "entries/body-misc.json",
      "entries/body-parts.json",
      "entries/coding.json",
      "entries/colors.json",
      "entries/compound-words.json",
      "entries/countries.json",
      "entries/cultural-expressions.json",
      "entries/culture.json",
      "entries/daily-misc.json",
      "entries/education.json",
      "entries/emotions.json",
      "entries/events.json",
      "entries/family.json",
      "entries/food.json",
      "entries/geography.json",
      "entries/gestures.json",
      "entries/greetings.json",
      "entries/health.json",
      "entries/home.json",
      "entries/idioms.json",
      "entries/interjections.json",
      "entries/legal.json",
      "entries/math.json",
      "entries/medical.json",
      "entries/music.json",
      "entries/nouns-common.json",
      "entries/numbers.json",
      "entries/objects.json",
      "entries/onomatopoeia.json",
      "entries/particles.json",
      "entries/phrasal-verbs.json",
      "entries/physics.json",
      "entries/places.json",
      "entries/pronouns.json",
      "entries/responses.json",
      "entries/routines.json",
      "entries/shopping.json",
      "entries/slang.json",
      "entries/space.json",
      "entries/sports.json",
      "entries/time-date.json",
      "entries/transportation.json",
      "entries/travel.json",
      "entries/verb-stems.json",
      "entries/verbs-basic.json",
      "entries/verbs-common.json",
      "entries/work.json"
    ]
  },
  "counts": {
    "categories": 25,
    "conversations": 53,
    "entryFiles": 52
  }
}