[
  {
    "id": "sengil",
    "korean": "생일",
    "romanization": "saengil",
    "pronunciation": {
      "korean": "[생일]",
      "ipa": "[sɛŋil]"
    },
    "partOfSpeech": "noun",
    "categoryId": "events",
    "difficulty": "beginner",
    "frequency": "common",
    "tags": [
      "event",
      "celebration"
    ],
    "hasDialogue": true,
    "translations": {
      "en": {
        "word": "Birthday",
        "explanation": "A day celebrating one's birth.",
        "examples": {
          "beginner": "I birthday every day.",
          "intermediate": "Birthday is important in daily life.",
          "advanced": "Through birthday, I maintain a regular lifestyle.",
          "master": "Making birthday a habit is key to improving quality of life."
        }
      },
      "ko": {
        "word": "생일",
        "explanation": "태어난 날을 기념하는 날.",
        "examples": {
          "beginner": "매일 생일을/를 해요.",
          "intermediate": "생일은/는 일상에서 중요해요.",
          "advanced": "생일을/를 통해 규칙적인 생활을 유지합니다.",
          "master": "생일의 습관화는 삶의 질을 향상시키는 핵심입니다."
        }
      }
    }
  },
  {
    "id": "kyeolhon",
    "korean": "결혼",
    "romanization": "gyeolhon",
    "pronunciation": {
      "korean": "[결혼]",
      "ipa": "[kjʌlhon]"
    },
    "partOfSpeech": "noun",
    "categoryId": "events",
    "difficulty": "beginner",
    "frequency": "common",
    "tags": [
      "event",
      "life"
    ],
    "hasDialogue": true,
    "translations": {
      "en": {
        "word": "Marriage / Wedding",
        "explanation": "Becoming legally married.",
        "examples": {
          "beginner": "I marriage / wedding every day.",
          "intermediate": "Marriage / Wedding is important in daily life.",
          "advanced": "Through marriage / wedding, I maintain a regular lifestyle.",
          "master": "Making marriage / wedding a habit is key to improving quality of life."
        }
      },
      "ko": {
        "word": "결혼",
        "explanation": "법적으로 부부가 되는 것.",
        "examples": {
          "beginner": "매일 결혼을/를 해요.",
          "intermediate": "결혼은/는 일상에서 중요해요.",
          "advanced": "결혼을/를 통해 규칙적인 생활을 유지합니다.",
          "master": "결혼의 습관화는 삶의 질을 향상시키는 핵심입니다."
        }
      }
    }
  },
  {
    "id": "ipsa",
    "korean": "이사",
    "romanization": "isa",
    "pronunciation": {
      "korean": "[입사]",
      "ipa": "[ipsa]"
    },
    "partOfSpeech": "noun",
    "categoryId": "events",
    "difficulty": "beginner",
    "frequency": "common",
    "tags": [
      "life",
      "housing"
    ],
    "hasDialogue": true,
    "translations": {
      "en": {
        "word": "Moving (house)",
        "explanation": "Relocating to a new residence.",
        "examples": {
          "beginner": "I moving (house) every day.",
          "intermediate": "Moving (house) is important in daily life.",
          "advanced": "Through moving (house), I maintain a regular lifestyle.",
          "master": "Making moving (house) a habit is key to improving quality of life."
        }
      },
      "ko": {
        "word": "이사",
        "explanation": "살던 곳을 옮기는 것.",
        "examples": {
          "beginner": "매일 이사을/를 해요.",
          "intermediate": "이사은/는 일상에서 중요해요.",
          "advanced": "이사을/를 통해 규칙적인 생활을 유지합니다.",
          "master": "이사의 습관화는 삶의 질을 향상시키는 핵심입니다."
        }
      }
    }
  },
  {
    "id": "yaksok",
    "korean": "약속",
    "romanization": "yaksok",
    "pronunciation": {
      "korean": "[약속]",
      "ipa": "[jaksok]"
    },
    "partOfSpeech": "noun",
    "categoryId": "events",
    "difficulty": "beginner",
    "frequency": "common",
    "tags": [
      "social",
      "basic"
    ],
    "hasDialogue": true,
    "translations": {
      "en": {
        "word": "Promise / Appointment",
        "explanation": "Agreeing to do something in the future. Or words promised to be kept.",
        "examples": {
          "beginner": "I promise / appointment every day.",
          "intermediate": "Promise / Appointment is important in daily life.",
          "advanced": "Through promise / appointment, I maintain a regular lifestyle.",
          "master": "Making promise / appointment a habit is key to improving quality of life."
        }
      },
      "ko": {
        "word": "약속",
        "explanation": "미래에 할 일을 정하는 것. 또는 지키기로 한 말.",
        "examples": {
          "beginner": "매일 약속을/를 해요.",
          "intermediate": "약속은/는 일상에서 중요해요.",
          "advanced": "약속을/를 통해 규칙적인 생활을 유지합니다.",
          "master": "약속의 습관화는 삶의 질을 향상시키는 핵심입니다."
        }
      }
    }
  },
  {
    "id": "sogaeting",
    "korean": "소개팅",
    "romanization": "sogaeting",
    "pronunciation": {
      "korean": "[소개팅]",
      "ipa": "[soɡɛtʰiŋ]"
    },
    "partOfSpeech": "noun",
    "categoryId": "events",
    "difficulty": "intermediate",
    "frequency": "common",
    "tags": [
      "social",
      "dating"
    ],
    "hasDialogue": true,
    "translations": {
      "en": {
        "word": "Blind date",
        "explanation": "A first meeting set up by an acquaintance.",
        "examples": {
          "beginner": "I blind date every day.",
          "intermediate": "Blind date is important in daily life.",
          "advanced": "Through blind date, I maintain a regular lifestyle.",
          "master": "Making blind date a habit is key to improving quality of life."
        }
      },
      "ko": {
        "word": "소개팅",
        "explanation": "지인의 소개로 처음 만나는 데이트.",
        "examples": {
          "beginner": "매일 소개팅을/를 해요.",
          "intermediate": "소개팅은/는 일상에서 중요해요.",
          "advanced": "소개팅을/를 통해 규칙적인 생활을 유지합니다.",
          "master": "소개팅의 습관화는 삶의 질을 향상시키는 핵심입니다."
        }
      }
    }
  },
  {
    "id": "hoeshik",
    "korean": "회식",
    "romanization": "hoesik",
    "pronunciation": {
      "korean": "[회식]",
      "ipa": "[hweɕik]"
    },
    "partOfSpeech": "noun",
    "categoryId": "events",
    "difficulty": "intermediate",
    "frequency": "common",
    "tags": [
      "work",
      "social"
    ],
    "hasDialogue": true,
    "translations": {
      "en": {
        "word": "Company dinner / Team dinner",
        "explanation": "A meal gathering with coworkers at work.",
        "examples": {
          "beginner": "I company dinner / team dinner every day.",
          "intermediate": "Company dinner / Team dinner is important in daily life.",
          "advanced": "Through company dinner / team dinner, I maintain a regular lifestyle.",
          "master": "Making company dinner / team dinner a habit is key to improving quality of life."
        }
      },
      "ko": {
        "word": "회식",
        "explanation": "직장에서 동료들과 함께 하는 식사 모임.",
        "examples": {
          "beginner": "매일 회식을/를 해요.",
          "intermediate": "회식은/는 일상에서 중요해요.",
          "advanced": "회식을/를 통해 규칙적인 생활을 유지합니다.",
          "master": "회식의 습관화는 삶의 질을 향상시키는 핵심입니다."
        }
      }
    }
  },
  {
    "id": "d-hom-patio",
    "korean": "파티오",
    "romanization": "patio",
    "pronunciation": {
      "korean": "[파티오]",
      "ipa": "[patio]"
    },
    "partOfSpeech": "noun",
    "categoryId": "events",
    "difficulty": "beginner",
    "frequency": "common",
    "tags": [],
    "hasDialogue": true,
    "translations": {
      "en": {
        "word": "patio",
        "explanation": "'파티오' means 'patio' in English.",
        "examples": {
          "beginner": "We say \"파티오\" in Korean.",
          "intermediate": "In Korea, people often say \"파티오\".",
          "advanced": "\"파티오\" is an important expression in Korean.",
          "master": "Understanding the cultural context of \"파티오\" makes communication more natural."
        },
        "variations": {
          "formal": [
            "It is patio.",
            "There is patio."
          ],
          "casual": [
            "It's patio.",
            "patio, you know."
          ],
          "short": [
            "patio"
          ]
        }
      },
      "ko": {
        "word": "파티오",
        "explanation": "파티오의 뜻은 'patio'입니다.",
        "examples": {
          "beginner": "\"파티오\"는 한국어로 말해요.",
          "intermediate": "한국에서는 \"파티오\"를 자주 써요.",
          "advanced": "\"파티오\"는 한국어에서 중요한 표현입니다.",
          "master": "\"파티오\"의 문화적 맥락을 이해하면 더 자연스럽게 소통할 수 있습니다."
        },
        "variations": {
          "formal": [
            "파티오입니다.",
            "파티오이/가 있습니다."
          ],
          "casual": [
            "파티오이야.",
            "파티오 있어."
          ],
          "short": [
            "파티"
          ]
        }
      }
    }
  },
  {
    "id": "d-hom-moimjibung",
    "korean": "모임지붕",
    "romanization": "moimjibung",
    "pronunciation": {
      "korean": "[모임지붕]",
      "ipa": "[moimjibung]"
    },
    "partOfSpeech": "noun",
    "categoryId": "events",
    "difficulty": "beginner",
    "frequency": "common",
    "tags": [],
    "hasDialogue": true,
    "translations": {
      "en": {
        "word": "pyramid roof",
        "explanation": "'모임지붕' means 'pyramid roof' in English.",
        "examples": {
          "beginner": "We say \"모임지붕\" in Korean.",
          "intermediate": "In Korea, people often say \"모임지붕\".",
          "advanced": "\"모임지붕\" is an important expression in Korean.",
          "master": "Understanding the cultural context of \"모임지붕\" makes communication more natural."
        },
        "variations": {
          "formal": [
            "It is pyramid roof.",
            "There is pyramid roof."
          ],
          "casual": [
            "It's pyramid roof.",
            "pyramid roof, you know."
          ],
          "short": [
            "pyramid"
          ]
        }
      },
      "ko": {
        "word": "모임지붕",
        "explanation": "모임지붕의 뜻은 'pyramid roof'입니다.",
        "examples": {
          "beginner": "\"모임지붕\"는 한국어로 말해요.",
          "intermediate": "한국에서는 \"모임지붕\"를 자주 써요.",
          "advanced": "\"모임지붕\"는 한국어에서 중요한 표현입니다.",
          "master": "\"모임지붕\"의 문화적 맥락을 이해하면 더 자연스럽게 소통할 수 있습니다."
        },
        "variations": {
          "formal": [
            "모임지붕입니다.",
            "모임지붕이/가 있습니다."
          ],
          "casual": [
            "모임지붕이야.",
            "모임지붕 있어."
          ],
          "short": [
            "모임"
          ]
        }
      }
    }
  },
  {
    "id": "d-hom-pati션",
    "korean": "파티션",
    "romanization": "patisyeon",
    "pronunciation": {
      "korean": "[파티션]",
      "ipa": "[patisyeon]"
    },
    "partOfSpeech": "noun",
    "categoryId": "events",
    "difficulty": "beginner",
    "frequency": "common",
    "tags": [],
    "hasDialogue": true,
    "translations": {
      "en": {
        "word": "partition",
        "explanation": "'파티션' means 'partition' in English.",
        "examples": {
          "beginner": "We say \"파티션\" in Korean.",
          "intermediate": "In Korea, people often say \"파티션\".",
          "advanced": "\"파티션\" is an important expression in Korean.",
          "master": "Understanding the cultural context of \"파티션\" makes communication more natural."
        },
        "variations": {
          "formal": [
            "It is partition.",
            "There is partition."
          ],
          "casual": [
            "It's partition.",
            "partition, you know."
          ],
          "short": [
            "partition"
          ]
        }
      },
      "ko": {
        "word": "파티션",
        "explanation": "파티션의 뜻은 'partition'입니다.",
        "examples": {
          "beginner": "\"파티션\"는 한국어로 말해요.",
          "intermediate": "한국에서는 \"파티션\"를 자주 써요.",
          "advanced": "\"파티션\"는 한국어에서 중요한 표현입니다.",
          "master": "\"파티션\"의 문화적 맥락을 이해하면 더 자연스럽게 소통할 수 있습니다."
        },
        "variations": {
          "formal": [
            "파티션입니다.",
            "파티션이/가 있습니다."
          ],
          "casual": [
            "파티션이야.",
            "파티션 있어."
          ],
          "short": [
            "파티"
          ]
        }
      }
    }
  },
  {
    "id": "d-hom-jakadeukeo튼",
    "korean": "자카드커튼",
    "romanization": "jakadeukeoteun",
    "pronunciation": {
      "korean": "[자카드커튼]",
      "ipa": "[jakadeukeoteun]"
    },
    "partOfSpeech": "noun",
    "categoryId": "events",
    "difficulty": "beginner",
    "frequency": "common",
    "tags": [],
    "hasDialogue": true,
    "translations": {
      "en": {
        "word": "jacquard curtain",
        "explanation": "'자카드커튼' means 'jacquard curtain' in English.",
        "examples": {
          "beginner": "We say \"자카드커튼\" in Korean.",
          "intermediate": "In Korea, people often say \"자카드커튼\".",
          "advanced": "\"자카드커튼\" is an important expression in Korean.",
          "master": "Understanding the cultural context of \"자카드커튼\" makes communication more natural."
        },
        "variations": {
          "formal": [
            "It is jacquard curtain.",
            "There is jacquard curtain."
          ],
          "casual": [
            "It's jacquard curtain.",
            "jacquard curtain, you know."
          ],
          "short": [
            "jacquard"
          ]
        }
      },
      "ko": {
        "word": "자카드커튼",
        "explanation": "자카드커튼의 뜻은 'jacquard curtain'입니다.",
        "examples": {
          "beginner": "\"자카드커튼\"는 한국어로 말해요.",
          "intermediate": "한국에서는 \"자카드커튼\"를 자주 써요.",
          "advanced": "\"자카드커튼\"는 한국어에서 중요한 표현입니다.",
          "master": "\"자카드커튼\"의 문화적 맥락을 이해하면 더 자연스럽게 소통할 수 있습니다."
        },
        "variations": {
          "formal": [
            "자카드커튼입니다.",
            "자카드커튼이/가 있습니다."
          ],
          "casual": [
            "자카드커튼이야.",
            "자카드커튼 있어."
          ],
          "short": [
            "자카"
          ]
        }
      }
    }
  },
  {
    "id": "d-hom-kadeuki",
    "korean": "카드키",
    "romanization": "kadeuki",
    "pronunciation": {
      "korean": "[카드키]",
      "ipa": "[kadeuki]"
    },
    "partOfSpeech": "noun",
    "categoryId": "events",
    "difficulty": "beginner",
    "frequency": "common",
    "tags": [],
    "hasDialogue": true,
    "translations": {
      "en": {
        "word": "key card",
        "explanation": "'카드키' means 'key card' in English.",
        "examples": {
          "beginner": "We say \"카드키\" in Korean.",
          "intermediate": "In Korea, people often say \"카드키\".",
          "advanced": "\"카드키\" is an important expression in Korean.",
          "master": "Understanding the cultural context of \"카드키\" makes communication more natural."
        },
        "variations": {
          "formal": [
            "It is key card.",
            "There is key card."
          ],
          "casual": [
            "It's key card.",
            "key card, you know."
          ],
          "short": [
            "key"
          ]
        }
      },
      "ko": {
        "word": "카드키",
        "explanation": "카드키의 뜻은 'key card'입니다.",
        "examples": {
          "beginner": "\"카드키\"는 한국어로 말해요.",
          "intermediate": "한국에서는 \"카드키\"를 자주 써요.",
          "advanced": "\"카드키\"는 한국어에서 중요한 표현입니다.",
          "master": "\"카드키\"의 문화적 맥락을 이해하면 더 자연스럽게 소통할 수 있습니다."
        },
        "variations": {
          "formal": [
            "카드키입니다.",
            "카드키이/가 있습니다."
          ],
          "casual": [
            "카드키이야.",
            "카드키 있어."
          ],
          "short": [
            "카드"
          ]
        }
      }
    }
  }
]