[
  {
    "id": "d-bod-숨쉬da",
    "korean": "숨쉬다",
    "romanization": "sumswida",
    "pronunciation": {
      "korean": "[숨쉬다]",
      "ipa": "[sumswida]"
    },
    "partOfSpeech": "noun",
    "categoryId": "health",
    "difficulty": "beginner",
    "frequency": "common",
    "tags": [],
    "hasDialogue": true,
    "translations": {
      "en": {
        "word": "breathe",
        "explanation": "'숨쉬다' means 'breathe' in English.",
        "examples": {
          "beginner": "We say \"숨쉬다\" in Korean.",
          "intermediate": "In Korea, people often say \"숨쉬다\".",
          "advanced": "\"숨쉬다\" is an important expression in Korean.",
          "master": "Understanding the cultural context of \"숨쉬다\" makes communication more natural."
        },
        "variations": {
          "formal": [
            "It is breathe.",
            "There is breathe."
          ],
          "casual": [
            "It's breathe.",
            "breathe, you know."
          ],
          "short": [
            "breathe"
          ]
        }
      },
      "ko": {
        "word": "breathe",
        "explanation": "'숨쉬다' means 'breathe' in English.",
        "examples": {
          "beginner": "We say \"숨쉬다\" in Korean.",
          "intermediate": "In Korea, people often say \"숨쉬다\".",
          "advanced": "\"숨쉬다\" is an important expression in Korean.",
          "master": "Understanding the cultural context of \"숨쉬다\" makes communication more natural."
        },
        "variations": {
          "formal": [
            "It is breathe.",
            "There is breathe."
          ],
          "casual": [
            "It's breathe.",
            "breathe, you know."
          ],
          "short": [
            "breathe"
          ]
        }
      }
    }
  },
  {
    "id": "d-bod-숨chamda",
    "korean": "숨참다",
    "romanization": "sumchamda",
    "pronunciation": {
      "korean": "[숨참다]",
      "ipa": "[sumchamda]"
    },
    "partOfSpeech": "noun",
    "categoryId": "health",
    "difficulty": "beginner",
    "frequency": "common",
    "tags": [],
    "hasDialogue": true,
    "translations": {
      "en": {
        "word": "hold breath",
        "explanation": "'숨참다' means 'hold breath' in English.",
        "examples": {
          "beginner": "We say \"숨참다\" in Korean.",
          "intermediate": "In Korea, people often say \"숨참다\".",
          "advanced": "\"숨참다\" is an important expression in Korean.",
          "master": "Understanding the cultural context of \"숨참다\" makes communication more natural."
        },
        "variations": {
          "formal": [
            "It is hold breath.",
            "There is hold breath."
          ],
          "casual": [
            "It's hold breath.",
            "hold breath, you know."
          ],
          "short": [
            "hold"
          ]
        }
      },
      "ko": {
        "word": "hold breath",
        "explanation": "'숨참다' means 'hold breath' in English.",
        "examples": {
          "beginner": "We say \"숨참다\" in Korean.",
          "intermediate": "In Korea, people often say \"숨참다\".",
          "advanced": "\"숨참다\" is an important expression in Korean.",
          "master": "Understanding the cultural context of \"숨참다\" makes communication more natural."
        },
        "variations": {
          "formal": [
            "It is hold breath.",
            "There is hold breath."
          ],
          "casual": [
            "It's hold breath.",
            "hold breath, you know."
          ],
          "short": [
            "hold"
          ]
        }
      }
    }
  },
  {
    "id": "d-bod-gichimhada",
    "korean": "기침하다",
    "romanization": "gichimhada",
    "pronunciation": {
      "korean": "[기침하다]",
      "ipa": "[gichimhada]"
    },
    "partOfSpeech": "noun",
    "categoryId": "health",
    "difficulty": "beginner",
    "frequency": "common",
    "tags": [],
    "hasDialogue": true,
    "translations": {
      "en": {
        "word": "cough",
        "explanation": "'기침하다' means 'cough' in English.",
        "examples": {
          "beginner": "We say \"기침하다\" in Korean.",
          "intermediate": "In Korea, people often say \"기침하다\".",
          "advanced": "\"기침하다\" is an important expression in Korean.",
          "master": "Understanding the cultural context of \"기침하다\" makes communication more natural."
        },
        "variations": {
          "formal": [
            "It is cough.",
            "There is cough."
          ],
          "casual": [
            "It's cough.",
            "cough, you know."
          ],
          "short": [
            "cough"
          ]
        }
      },
      "ko": {
        "word": "기침하다",
        "explanation": "기침하다의 뜻은 'cough'입니다.",
        "examples": {
          "beginner": "\"기침하다\"는 한국어로 말해요.",
          "intermediate": "한국에서는 \"기침하다\"를 자주 써요.",
          "advanced": "\"기침하다\"는 한국어에서 중요한 표현입니다.",
          "master": "\"기침하다\"의 문화적 맥락을 이해하면 더 자연스럽게 소통할 수 있습니다."
        },
        "variations": {
          "formal": [
            "기침하다입니다.",
            "기침하다이/가 있습니다."
          ],
          "casual": [
            "기침하다이야.",
            "기침하다 있어."
          ],
          "short": [
            "기침"
          ]
        }
      }
    }
  },
  {
    "id": "d-bod-땀heulrida",
    "korean": "땀흘리다",
    "romanization": "ttamheullida",
    "pronunciation": {
      "korean": "[땀흘리다]",
      "ipa": "[ttamheullida]"
    },
    "partOfSpeech": "noun",
    "categoryId": "health",
    "difficulty": "beginner",
    "frequency": "common",
    "tags": [],
    "hasDialogue": true,
    "translations": {
      "en": {
        "word": "sweat",
        "explanation": "'땀흘리다' means 'sweat' in English.",
        "examples": {
          "beginner": "We say \"땀흘리다\" in Korean.",
          "intermediate": "In Korea, people often say \"땀흘리다\".",
          "advanced": "\"땀흘리다\" is an important expression in Korean.",
          "master": "Understanding the cultural context of \"땀흘리다\" makes communication more natural."
        },
        "variations": {
          "formal": [
            "It is sweat.",
            "There is sweat."
          ],
          "casual": [
            "It's sweat.",
            "sweat, you know."
          ],
          "short": [
            "sweat"
          ]
        }
      },
      "ko": {
        "word": "땀흘리다",
        "explanation": "땀흘리다의 뜻은 'sweat'입니다.",
        "examples": {
          "beginner": "\"땀흘리다\"는 한국어로 말해요.",
          "intermediate": "한국에서는 \"땀흘리다\"를 자주 써요.",
          "advanced": "\"땀흘리다\"는 한국어에서 중요한 표현입니다.",
          "master": "\"땀흘리다\"의 문화적 맥락을 이해하면 더 자연스럽게 소통할 수 있습니다."
        },
        "variations": {
          "formal": [
            "땀흘리다입니다.",
            "땀흘리다이/가 있습니다."
          ],
          "casual": [
            "땀흘리다이야.",
            "땀흘리다 있어."
          ],
          "short": [
            "땀흘"
          ]
        }
      }
    }
  },
  {
    "id": "d-bod-oyeolhada",
    "korean": "오열하다",
    "romanization": "oyeolhada",
    "pronunciation": {
      "korean": "[오열하다]",
      "ipa": "[oyeolhada]"
    },
    "partOfSpeech": "noun",
    "categoryId": "health",
    "difficulty": "beginner",
    "frequency": "common",
    "tags": [],
    "hasDialogue": true,
    "translations": {
      "en": {
        "word": "wail",
        "explanation": "'오열하다' means 'wail' in English.",
        "examples": {
          "beginner": "We say \"오열하다\" in Korean.",
          "intermediate": "In Korea, people often say \"오열하다\".",
          "advanced": "\"오열하다\" is an important expression in Korean.",
          "master": "Understanding the cultural context of \"오열하다\" makes communication more natural."
        },
        "variations": {
          "formal": [
            "It is wail.",
            "There is wail."
          ],
          "casual": [
            "It's wail.",
            "wail, you know."
          ],
          "short": [
            "wail"
          ]
        }
      },
      "ko": {
        "word": "오열하다",
        "explanation": "오열하다의 뜻은 'wail'입니다.",
        "examples": {
          "beginner": "\"오열하다\"는 한국어로 말해요.",
          "intermediate": "한국에서는 \"오열하다\"를 자주 써요.",
          "advanced": "\"오열하다\"는 한국어에서 중요한 표현입니다.",
          "master": "\"오열하다\"의 문화적 맥락을 이해하면 더 자연스럽게 소통할 수 있습니다."
        },
        "variations": {
          "formal": [
            "오열하다입니다.",
            "오열하다이/가 있습니다."
          ],
          "casual": [
            "오열하다이야.",
            "오열하다 있어."
          ],
          "short": [
            "오열"
          ]
        }
      }
    }
  },
  {
    "id": "d-bod-munyeolda",
    "korean": "문열다",
    "romanization": "munyeolda",
    "pronunciation": {
      "korean": "[문열다]",
      "ipa": "[munyeolda]"
    },
    "partOfSpeech": "noun",
    "categoryId": "health",
    "difficulty": "beginner",
    "frequency": "common",
    "tags": [],
    "hasDialogue": true,
    "translations": {
      "en": {
        "word": "open door",
        "explanation": "'문열다' means 'open door' in English.",
        "examples": {
          "beginner": "We say \"문열다\" in Korean.",
          "intermediate": "In Korea, people often say \"문열다\".",
          "advanced": "\"문열다\" is an important expression in Korean.",
          "master": "Understanding the cultural context of \"문열다\" makes communication more natural."
        },
        "variations": {
          "formal": [
            "It is open door.",
            "There is open door."
          ],
          "casual": [
            "It's open door.",
            "open door, you know."
          ],
          "short": [
            "open"
          ]
        }
      },
      "ko": {
        "word": "문열다",
        "explanation": "문열다의 뜻은 'open door'입니다.",
        "examples": {
          "beginner": "\"문열다\"는 한국어로 말해요.",
          "intermediate": "한국에서는 \"문열다\"를 자주 써요.",
          "advanced": "\"문열다\"는 한국어에서 중요한 표현입니다.",
          "master": "\"문열다\"의 문화적 맥락을 이해하면 더 자연스럽게 소통할 수 있습니다."
        },
        "variations": {
          "formal": [
            "문열다입니다.",
            "문열다이/가 있습니다."
          ],
          "casual": [
            "문열다이야.",
            "문열다 있어."
          ],
          "short": [
            "문열"
          ]
        }
      }
    }
  },
  {
    "id": "d-bod-yeolda",
    "korean": "열다",
    "romanization": "yeolda",
    "pronunciation": {
      "korean": "[열다]",
      "ipa": "[yeolda]"
    },
    "partOfSpeech": "noun",
    "categoryId": "health",
    "difficulty": "beginner",
    "frequency": "common",
    "tags": [],
    "hasDialogue": true,
    "translations": {
      "en": {
        "word": "open",
        "explanation": "'열다' means 'open' in English.",
        "examples": {
          "beginner": "We say \"열다\" in Korean.",
          "intermediate": "In Korea, people often say \"열다\".",
          "advanced": "\"열다\" is an important expression in Korean.",
          "master": "Understanding the cultural context of \"열다\" makes communication more natural."
        },
        "variations": {
          "formal": [
            "It is open.",
            "There is open."
          ],
          "casual": [
            "It's open.",
            "open, you know."
          ],
          "short": [
            "open"
          ]
        }
      },
      "ko": {
        "word": "열다",
        "explanation": "열다의 뜻은 'open'입니다.",
        "examples": {
          "beginner": "\"열다\"는 한국어로 말해요.",
          "intermediate": "한국에서는 \"열다\"를 자주 써요.",
          "advanced": "\"열다\"는 한국어에서 중요한 표현입니다.",
          "master": "\"열다\"의 문화적 맥락을 이해하면 더 자연스럽게 소통할 수 있습니다."
        },
        "variations": {
          "formal": [
            "열다입니다.",
            "열다이/가 있습니다."
          ],
          "casual": [
            "열다이야.",
            "열다 있어."
          ],
          "short": [
            "열다"
          ]
        }
      }
    }
  },
  {
    "id": "d-bod-딸깍yeolda",
    "korean": "딸깍열다",
    "romanization": "ttalkkakyeolda",
    "pronunciation": {
      "korean": "[딸깍열다]",
      "ipa": "[ttalkkakyeolda]"
    },
    "partOfSpeech": "noun",
    "categoryId": "health",
    "difficulty": "beginner",
    "frequency": "common",
    "tags": [],
    "hasDialogue": true,
    "translations": {
      "en": {
        "word": "click open",
        "explanation": "'딸깍열다' means 'click open' in English.",
        "examples": {
          "beginner": "We say \"딸깍열다\" in Korean.",
          "intermediate": "In Korea, people often say \"딸깍열다\".",
          "advanced": "\"딸깍열다\" is an important expression in Korean.",
          "master": "Understanding the cultural context of \"딸깍열다\" makes communication more natural."
        },
        "variations": {
          "formal": [
            "It is click open.",
            "There is click open."
          ],
          "casual": [
            "It's click open.",
            "click open, you know."
          ],
          "short": [
            "click"
          ]
        }
      },
      "ko": {
        "word": "딸깍열다",
        "explanation": "딸깍열다의 뜻은 'click open'입니다.",
        "examples": {
          "beginner": "\"딸깍열다\"는 한국어로 말해요.",
          "intermediate": "한국에서는 \"딸깍열다\"를 자주 써요.",
          "advanced": "\"딸깍열다\"는 한국어에서 중요한 표현입니다.",
          "master": "\"딸깍열다\"의 문화적 맥락을 이해하면 더 자연스럽게 소통할 수 있습니다."
        },
        "variations": {
          "formal": [
            "딸깍열다입니다.",
            "딸깍열다이/가 있습니다."
          ],
          "casual": [
            "딸깍열다이야.",
            "딸깍열다 있어."
          ],
          "short": [
            "딸깍"
          ]
        }
      }
    }
  },
  {
    "id": "d-bod-콧gumeong",
    "korean": "콧구멍",
    "romanization": "kotgumeong",
    "pronunciation": {
      "korean": "[콧구멍]",
      "ipa": "[kotgumeong]"
    },
    "partOfSpeech": "noun",
    "categoryId": "health",
    "difficulty": "beginner",
    "frequency": "common",
    "tags": [],
    "hasDialogue": true,
    "translations": {
      "en": {
        "word": "nostril",
        "explanation": "'콧구멍' means 'nostril' in English.",
        "examples": {
          "beginner": "We say \"콧구멍\" in Korean.",
          "intermediate": "In Korea, people often say \"콧구멍\".",
          "advanced": "\"콧구멍\" is an important expression in Korean.",
          "master": "Understanding the cultural context of \"콧구멍\" makes communication more natural."
        },
        "variations": {
          "formal": [
            "It is nostril.",
            "There is nostril."
          ],
          "casual": [
            "It's nostril.",
            "nostril, you know."
          ],
          "short": [
            "nostril"
          ]
        }
      },
      "ko": {
        "word": "콧구멍",
        "explanation": "콧구멍의 뜻은 'nostril'입니다.",
        "examples": {
          "beginner": "\"콧구멍\"는 한국어로 말해요.",
          "intermediate": "한국에서는 \"콧구멍\"를 자주 써요.",
          "advanced": "\"콧구멍\"는 한국어에서 중요한 표현입니다.",
          "master": "\"콧구멍\"의 문화적 맥락을 이해하면 더 자연스럽게 소통할 수 있습니다."
        },
        "variations": {
          "formal": [
            "콧구멍입니다.",
            "콧구멍이/가 있습니다."
          ],
          "casual": [
            "콧구멍이야.",
            "콧구멍 있어."
          ],
          "short": [
            "콧구"
          ]
        }
      }
    }
  },
  {
    "id": "d-dig-식doyeolgong",
    "korean": "식도열공",
    "romanization": "sikdoyeolgong",
    "pronunciation": {
      "korean": "[식도열공]",
      "ipa": "[sikdoyeolgong]"
    },
    "partOfSpeech": "noun",
    "categoryId": "health",
    "difficulty": "beginner",
    "frequency": "common",
    "tags": [],
    "hasDialogue": true,
    "translations": {
      "en": {
        "word": "esophageal hiatus",
        "explanation": "'식도열공' means 'esophageal hiatus' in English.",
        "examples": {
          "beginner": "We say \"식도열공\" in Korean.",
          "intermediate": "In Korea, people often say \"식도열공\".",
          "advanced": "\"식도열공\" is an important expression in Korean.",
          "master": "Understanding the cultural context of \"식도열공\" makes communication more natural."
        },
        "variations": {
          "formal": [
            "It is esophageal hiatus.",
            "There is esophageal hiatus."
          ],
          "casual": [
            "It's esophageal hiatus.",
            "esophageal hiatus, you know."
          ],
          "short": [
            "esophageal"
          ]
        }
      },
      "ko": {
        "word": "식도열공",
        "explanation": "식도열공의 뜻은 'esophageal hiatus'입니다.",
        "examples": {
          "beginner": "\"식도열공\"는 한국어로 말해요.",
          "intermediate": "한국에서는 \"식도열공\"를 자주 써요.",
          "advanced": "\"식도열공\"는 한국어에서 중요한 표현입니다.",
          "master": "\"식도열공\"의 문화적 맥락을 이해하면 더 자연스럽게 소통할 수 있습니다."
        },
        "variations": {
          "formal": [
            "식도열공입니다.",
            "식도열공이/가 있습니다."
          ],
          "casual": [
            "식도열공이야.",
            "식도열공 있어."
          ],
          "short": [
            "식도"
          ]
        }
      }
    }
  },
  {
    "id": "d-int-콧su염",
    "korean": "콧수염",
    "romanization": "kotsuyeom",
    "pronunciation": {
      "korean": "[콧수염]",
      "ipa": "[kotsuyeom]"
    },
    "partOfSpeech": "noun",
    "categoryId": "health",
    "difficulty": "beginner",
    "frequency": "common",
    "tags": [],
    "hasDialogue": true,
    "translations": {
      "en": {
        "word": "mustache",
        "explanation": "'콧수염' means 'mustache' in English.",
        "examples": {
          "beginner": "We say \"콧수염\" in Korean.",
          "intermediate": "In Korea, people often say \"콧수염\".",
          "advanced": "\"콧수염\" is an important expression in Korean.",
          "master": "Understanding the cultural context of \"콧수염\" makes communication more natural."
        },
        "variations": {
          "formal": [
            "It is mustache.",
            "There is mustache."
          ],
          "casual": [
            "It's mustache.",
            "mustache, you know."
          ],
          "short": [
            "mustache"
          ]
        }
      },
      "ko": {
        "word": "mustache",
        "explanation": "'콧수염' means 'mustache' in English.",
        "examples": {
          "beginner": "We say \"콧수염\" in Korean.",
          "intermediate": "In Korea, people often say \"콧수염\".",
          "advanced": "\"콧수염\" is an important expression in Korean.",
          "master": "Understanding the cultural context of \"콧수염\" makes communication more natural."
        },
        "variations": {
          "formal": [
            "It is mustache.",
            "There is mustache."
          ],
          "casual": [
            "It's mustache.",
            "mustache, you know."
          ],
          "short": [
            "mustache"
          ]
        }
      }
    }
  },
  {
    "id": "d-int-땀샘",
    "korean": "땀샘",
    "romanization": "ttamsaem",
    "pronunciation": {
      "korean": "[땀샘]",
      "ipa": "[ttamsaem]"
    },
    "partOfSpeech": "noun",
    "categoryId": "health",
    "difficulty": "beginner",
    "frequency": "common",
    "tags": [],
    "hasDialogue": true,
    "translations": {
      "en": {
        "word": "sweat gland",
        "explanation": "'땀샘' means 'sweat gland' in English.",
        "examples": {
          "beginner": "We say \"땀샘\" in Korean.",
          "intermediate": "In Korea, people often say \"땀샘\".",
          "advanced": "\"땀샘\" is an important expression in Korean.",
          "master": "Understanding the cultural context of \"땀샘\" makes communication more natural."
        },
        "variations": {
          "formal": [
            "It is sweat gland.",
            "There is sweat gland."
          ],
          "casual": [
            "It's sweat gland.",
            "sweat gland, you know."
          ],
          "short": [
            "sweat"
          ]
        }
      },
      "ko": {
        "word": "땀샘",
        "explanation": "땀샘의 뜻은 'sweat gland'입니다.",
        "examples": {
          "beginner": "\"땀샘\"는 한국어로 말해요.",
          "intermediate": "한국에서는 \"땀샘\"를 자주 써요.",
          "advanced": "\"땀샘\"는 한국어에서 중요한 표현입니다.",
          "master": "\"땀샘\"의 문화적 맥락을 이해하면 더 자연스럽게 소통할 수 있습니다."
        },
        "variations": {
          "formal": [
            "땀샘입니다.",
            "땀샘이/가 있습니다."
          ],
          "casual": [
            "땀샘이야.",
            "땀샘 있어."
          ],
          "short": [
            "땀샘"
          ]
        }
      }
    }
  },
  {
    "id": "d-int-ekeurin땀샘",
    "korean": "에크린땀샘",
    "romanization": "ekeurinttamsaem",
    "pronunciation": {
      "korean": "[에크린땀샘]",
      "ipa": "[ekeurinttamsaem]"
    },
    "partOfSpeech": "noun",
    "categoryId": "health",
    "difficulty": "beginner",
    "frequency": "common",
    "tags": [],
    "hasDialogue": true,
    "translations": {
      "en": {
        "word": "eccrine sweat gland",
        "explanation": "'에크린땀샘' means 'eccrine sweat gland' in English.",
        "examples": {
          "beginner": "We say \"에크린땀샘\" in Korean.",
          "intermediate": "In Korea, people often say \"에크린땀샘\".",
          "advanced": "\"에크린땀샘\" is an important expression in Korean.",
          "master": "Understanding the cultural context of \"에크린땀샘\" makes communication more natural."
        },
        "variations": {
          "formal": [
            "It is eccrine sweat gland.",
            "There is eccrine sweat gland."
          ],
          "casual": [
            "It's eccrine sweat gland.",
            "eccrine sweat gland, you know."
          ],
          "short": [
            "eccrine"
          ]
        }
      },
      "ko": {
        "word": "에크린땀샘",
        "explanation": "에크린땀샘의 뜻은 'eccrine sweat gland'입니다.",
        "examples": {
          "beginner": "\"에크린땀샘\"는 한국어로 말해요.",
          "intermediate": "한국에서는 \"에크린땀샘\"를 자주 써요.",
          "advanced": "\"에크린땀샘\"는 한국어에서 중요한 표현입니다.",
          "master": "\"에크린땀샘\"의 문화적 맥락을 이해하면 더 자연스럽게 소통할 수 있습니다."
        },
        "variations": {
          "formal": [
            "에크린땀샘입니다.",
            "에크린땀샘이/가 있습니다."
          ],
          "casual": [
            "에크린땀샘이야.",
            "에크린땀샘 있어."
          ],
          "short": [
            "에크"
          ]
        }
      }
    }
  },
  {
    "id": "d-int-apokeurin땀샘",
    "korean": "아포크린땀샘",
    "romanization": "apokeurinttamsaem",
    "pronunciation": {
      "korean": "[아포크린땀샘]",
      "ipa": "[apokeurinttamsaem]"
    },
    "partOfSpeech": "noun",
    "categoryId": "health",
    "difficulty": "beginner",
    "frequency": "common",
    "tags": [],
    "hasDialogue": true,
    "translations": {
      "en": {
        "word": "apocrine sweat gland",
        "explanation": "'아포크린땀샘' means 'apocrine sweat gland' in English.",
        "examples": {
          "beginner": "We say \"아포크린땀샘\" in Korean.",
          "intermediate": "In Korea, people often say \"아포크린땀샘\".",
          "advanced": "\"아포크린땀샘\" is an important expression in Korean.",
          "master": "Understanding the cultural context of \"아포크린땀샘\" makes communication more natural."
        },
        "variations": {
          "formal": [
            "It is apocrine sweat gland.",
            "There is apocrine sweat gland."
          ],
          "casual": [
            "It's apocrine sweat gland.",
            "apocrine sweat gland, you know."
          ],
          "short": [
            "apocrine"
          ]
        }
      },
      "ko": {
        "word": "아포크린땀샘",
        "explanation": "아포크린땀샘의 뜻은 'apocrine sweat gland'입니다.",
        "examples": {
          "beginner": "\"아포크린땀샘\"는 한국어로 말해요.",
          "intermediate": "한국에서는 \"아포크린땀샘\"를 자주 써요.",
          "advanced": "\"아포크린땀샘\"는 한국어에서 중요한 표현입니다.",
          "master": "\"아포크린땀샘\"의 문화적 맥락을 이해하면 더 자연스럽게 소통할 수 있습니다."
        },
        "variations": {
          "formal": [
            "아포크린땀샘입니다.",
            "아포크린땀샘이/가 있습니다."
          ],
          "casual": [
            "아포크린땀샘이야.",
            "아포크린땀샘 있어."
          ],
          "short": [
            "아포"
          ]
        }
      }
    }
  },
  {
    "id": "d-mus-dayeol근",
    "korean": "다열근",
    "romanization": "dayeolgeun",
    "pronunciation": {
      "korean": "[다열근]",
      "ipa": "[dayeolgeun]"
    },
    "partOfSpeech": "noun",
    "categoryId": "health",
    "difficulty": "beginner",
    "frequency": "common",
    "tags": [],
    "hasDialogue": true,
    "translations": {
      "en": {
        "word": "multifidus",
        "explanation": "'다열근' means 'multifidus' in English.",
        "examples": {
          "beginner": "We say \"다열근\" in Korean.",
          "intermediate": "In Korea, people often say \"다열근\".",
          "advanced": "\"다열근\" is an important expression in Korean.",
          "master": "Understanding the cultural context of \"다열근\" makes communication more natural."
        },
        "variations": {
          "formal": [
            "It is multifidus.",
            "There is multifidus."
          ],
          "casual": [
            "It's multifidus.",
            "multifidus, you know."
          ],
          "short": [
            "multifidus"
          ]
        }
      },
      "ko": {
        "word": "다열근",
        "explanation": "다열근의 뜻은 'multifidus'입니다.",
        "examples": {
          "beginner": "\"다열근\"는 한국어로 말해요.",
          "intermediate": "한국에서는 \"다열근\"를 자주 써요.",
          "advanced": "\"다열근\"는 한국어에서 중요한 표현입니다.",
          "master": "\"다열근\"의 문화적 맥락을 이해하면 더 자연스럽게 소통할 수 있습니다."
        },
        "variations": {
          "formal": [
            "다열근입니다.",
            "다열근이/가 있습니다."
          ],
          "casual": [
            "다열근이야.",
            "다열근 있어."
          ],
          "short": [
            "다열"
          ]
        }
      }
    }
  },
  {
    "id": "d-res-yeobganyeol",
    "korean": "엽간열",
    "romanization": "yeopganyeol",
    "pronunciation": {
      "korean": "[엽간열]",
      "ipa": "[yeopganyeol]"
    },
    "partOfSpeech": "noun",
    "categoryId": "health",
    "difficulty": "beginner",
    "frequency": "common",
    "tags": [],
    "hasDialogue": true,
    "translations": {
      "en": {
        "word": "interlobar fissure",
        "explanation": "'엽간열' means 'interlobar fissure' in English.",
        "examples": {
          "beginner": "We say \"엽간열\" in Korean.",
          "intermediate": "In Korea, people often say \"엽간열\".",
          "advanced": "\"엽간열\" is an important expression in Korean.",
          "master": "Understanding the cultural context of \"엽간열\" makes communication more natural."
        },
        "variations": {
          "formal": [
            "It is interlobar fissure.",
            "There is interlobar fissure."
          ],
          "casual": [
            "It's interlobar fissure.",
            "interlobar fissure, you know."
          ],
          "short": [
            "interlobar"
          ]
        }
      },
      "ko": {
        "word": "엽간열",
        "explanation": "엽간열의 뜻은 'interlobar fissure'입니다.",
        "examples": {
          "beginner": "\"엽간열\"는 한국어로 말해요.",
          "intermediate": "한국에서는 \"엽간열\"를 자주 써요.",
          "advanced": "\"엽간열\"는 한국어에서 중요한 표현입니다.",
          "master": "\"엽간열\"의 문화적 맥락을 이해하면 더 자연스럽게 소통할 수 있습니다."
        },
        "variations": {
          "formal": [
            "엽간열입니다.",
            "엽간열이/가 있습니다."
          ],
          "casual": [
            "엽간열이야.",
            "엽간열 있어."
          ],
          "short": [
            "엽간"
          ]
        }
      }
    }
  },
  {
    "id": "d-res-supyeongyeol",
    "korean": "수평열",
    "romanization": "supyeongyeol",
    "pronunciation": {
      "korean": "[수평열]",
      "ipa": "[supyeongyeol]"
    },
    "partOfSpeech": "noun",
    "categoryId": "health",
    "difficulty": "beginner",
    "frequency": "common",
    "tags": [],
    "hasDialogue": true,
    "translations": {
      "en": {
        "word": "horizontal fissure",
        "explanation": "'수평열' means 'horizontal fissure' in English.",
        "examples": {
          "beginner": "We say \"수평열\" in Korean.",
          "intermediate": "In Korea, people often say \"수평열\".",
          "advanced": "\"수평열\" is an important expression in Korean.",
          "master": "Understanding the cultural context of \"수평열\" makes communication more natural."
        },
        "variations": {
          "formal": [
            "It is horizontal fissure.",
            "There is horizontal fissure."
          ],
          "casual": [
            "It's horizontal fissure.",
            "horizontal fissure, you know."
          ],
          "short": [
            "horizontal"
          ]
        }
      },
      "ko": {
        "word": "수평열",
        "explanation": "수평열의 뜻은 'horizontal fissure'입니다.",
        "examples": {
          "beginner": "\"수평열\"는 한국어로 말해요.",
          "intermediate": "한국에서는 \"수평열\"를 자주 써요.",
          "advanced": "\"수평열\"는 한국어에서 중요한 표현입니다.",
          "master": "\"수평열\"의 문화적 맥락을 이해하면 더 자연스럽게 소통할 수 있습니다."
        },
        "variations": {
          "formal": [
            "수평열입니다.",
            "수평열이/가 있습니다."
          ],
          "casual": [
            "수평열이야.",
            "수평열 있어."
          ],
          "short": [
            "수평"
          ]
        }
      }
    }
  },
  {
    "id": "d-res-sayeol",
    "korean": "사열",
    "romanization": "sayeol",
    "pronunciation": {
      "korean": "[사열]",
      "ipa": "[sayeol]"
    },
    "partOfSpeech": "noun",
    "categoryId": "health",
    "difficulty": "beginner",
    "frequency": "common",
    "tags": [],
    "hasDialogue": true,
    "translations": {
      "en": {
        "word": "oblique fissure",
        "explanation": "'사열' means 'oblique fissure' in English.",
        "examples": {
          "beginner": "We say \"사열\" in Korean.",
          "intermediate": "In Korea, people often say \"사열\".",
          "advanced": "\"사열\" is an important expression in Korean.",
          "master": "Understanding the cultural context of \"사열\" makes communication more natural."
        },
        "variations": {
          "formal": [
            "It is oblique fissure.",
            "There is oblique fissure."
          ],
          "casual": [
            "It's oblique fissure.",
            "oblique fissure, you know."
          ],
          "short": [
            "oblique"
          ]
        }
      },
      "ko": {
        "word": "사열",
        "explanation": "사열의 뜻은 'oblique fissure'입니다.",
        "examples": {
          "beginner": "\"사열\"는 한국어로 말해요.",
          "intermediate": "한국에서는 \"사열\"를 자주 써요.",
          "advanced": "\"사열\"는 한국어에서 중요한 표현입니다.",
          "master": "\"사열\"의 문화적 맥락을 이해하면 더 자연스럽게 소통할 수 있습니다."
        },
        "variations": {
          "formal": [
            "사열입니다.",
            "사열이/가 있습니다."
          ],
          "casual": [
            "사열이야.",
            "사열 있어."
          ],
          "short": [
            "사열"
          ]
        }
      }
    }
  },
  {
    "id": "d-res-ho흡mak",
    "korean": "호흡막",
    "romanization": "hoheupmak",
    "pronunciation": {
      "korean": "[호흡막]",
      "ipa": "[hoheupmak]"
    },
    "partOfSpeech": "noun",
    "categoryId": "health",
    "difficulty": "beginner",
    "frequency": "common",
    "tags": [],
    "hasDialogue": true,
    "translations": {
      "en": {
        "word": "respiratory membrane",
        "explanation": "'호흡막' means 'respiratory membrane' in English.",
        "examples": {
          "beginner": "We say \"호흡막\" in Korean.",
          "intermediate": "In Korea, people often say \"호흡막\".",
          "advanced": "\"호흡막\" is an important expression in Korean.",
          "master": "Understanding the cultural context of \"호흡막\" makes communication more natural."
        },
        "variations": {
          "formal": [
            "It is respiratory membrane.",
            "There is respiratory membrane."
          ],
          "casual": [
            "It's respiratory membrane.",
            "respiratory membrane, you know."
          ],
          "short": [
            "respiratory"
          ]
        }
      },
      "ko": {
        "word": "호흡막",
        "explanation": "호흡막의 뜻은 'respiratory membrane'입니다.",
        "examples": {
          "beginner": "\"호흡막\"는 한국어로 말해요.",
          "intermediate": "한국에서는 \"호흡막\"를 자주 써요.",
          "advanced": "\"호흡막\"는 한국어에서 중요한 표현입니다.",
          "master": "\"호흡막\"의 문화적 맥락을 이해하면 더 자연스럽게 소통할 수 있습니다."
        },
        "variations": {
          "formal": [
            "호흡막입니다.",
            "호흡막이/가 있습니다."
          ],
          "casual": [
            "호흡막이야.",
            "호흡막 있어."
          ],
          "short": [
            "호흡"
          ]
        }
      }
    }
  },
  {
    "id": "d-sen-냉jeom",
    "korean": "냉점",
    "romanization": "naengjeom",
    "pronunciation": {
      "korean": "[냉점]",
      "ipa": "[naengjeom]"
    },
    "partOfSpeech": "noun",
    "categoryId": "health",
    "difficulty": "beginner",
    "frequency": "common",
    "tags": [],
    "hasDialogue": true,
    "translations": {
      "en": {
        "word": "cold receptor",
        "explanation": "'냉점' means 'cold receptor' in English.",
        "examples": {
          "beginner": "We say \"냉점\" in Korean.",
          "intermediate": "In Korea, people often say \"냉점\".",
          "advanced": "\"냉점\" is an important expression in Korean.",
          "master": "Understanding the cultural context of \"냉점\" makes communication more natural."
        },
        "variations": {
          "formal": [
            "It is cold receptor.",
            "There is cold receptor."
          ],
          "casual": [
            "It's cold receptor.",
            "cold receptor, you know."
          ],
          "short": [
            "cold"
          ]
        }
      },
      "ko": {
        "word": "cold receptor",
        "explanation": "'냉점' means 'cold receptor' in English.",
        "examples": {
          "beginner": "We say \"냉점\" in Korean.",
          "intermediate": "In Korea, people often say \"냉점\".",
          "advanced": "\"냉점\" is an important expression in Korean.",
          "master": "Understanding the cultural context of \"냉점\" makes communication more natural."
        },
        "variations": {
          "formal": [
            "It is cold receptor.",
            "There is cold receptor."
          ],
          "casual": [
            "It's cold receptor.",
            "cold receptor, you know."
          ],
          "short": [
            "cold"
          ]
        }
      }
    }
  },
  {
    "id": "d-ske-흉golbyeong",
    "korean": "흉골병",
    "romanization": "hyunggolbyeong",
    "pronunciation": {
      "korean": "[흉골병]",
      "ipa": "[hyunggolbyeong]"
    },
    "partOfSpeech": "noun",
    "categoryId": "health",
    "difficulty": "beginner",
    "frequency": "common",
    "tags": [],
    "hasDialogue": true,
    "translations": {
      "en": {
        "word": "manubrium",
        "explanation": "'흉골병' means 'manubrium' in English.",
        "examples": {
          "beginner": "We say \"흉골병\" in Korean.",
          "intermediate": "In Korea, people often say \"흉골병\".",
          "advanced": "\"흉골병\" is an important expression in Korean.",
          "master": "Understanding the cultural context of \"흉골병\" makes communication more natural."
        },
        "variations": {
          "formal": [
            "It is manubrium.",
            "There is manubrium."
          ],
          "casual": [
            "It's manubrium.",
            "manubrium, you know."
          ],
          "short": [
            "manubrium"
          ]
        }
      },
      "ko": {
        "word": "흉골병",
        "explanation": "흉골병의 뜻은 'manubrium'입니다.",
        "examples": {
          "beginner": "\"흉골병\"는 한국어로 말해요.",
          "intermediate": "한국에서는 \"흉골병\"를 자주 써요.",
          "advanced": "\"흉골병\"는 한국어에서 중요한 표현입니다.",
          "master": "\"흉골병\"의 문화적 맥락을 이해하면 더 자연스럽게 소통할 수 있습니다."
        },
        "variations": {
          "formal": [
            "흉골병입니다.",
            "흉골병이/가 있습니다."
          ],
          "casual": [
            "흉골병이야.",
            "흉골병 있어."
          ],
          "short": [
            "흉골"
          ]
        }
      }
    }
  }
]