[
  {
    "id": "d-leg-pigoin",
    "korean": "피고인",
    "romanization": "pigoin",
    "partOfSpeech": "noun",
    "categoryId": "legal",
    "difficulty": "beginner",
    "frequency": "common",
    "tags": [],
    "translations": {
      "ko": {
        "word": "피고인",
        "explanation": "피고인의 뜻은 'defendant'입니다.",
        "examples": {
          "beginner": "\"피고인\"는 한국어로 말해요.",
          "intermediate": "한국에서는 \"피고인\"를 자주 써요.",
          "advanced": "\"피고인\"는 한국어에서 중요한 표현입니다.",
          "master": "\"피고인\"의 문화적 맥락을 이해하면 더 자연스럽게 소통할 수 있습니다."
        },
        "variations": {
          "formal": [
            "피고인입니다.",
            "피고인이/가 있습니다."
          ],
          "casual": [
            "피고인이야.",
            "피고인 있어."
          ],
          "short": [
            "피고"
          ]
        },
        "dialogue": {
          "context": "일상 대화에서",
          "dialogue": [
            {
              "speaker": "A",
              "text": "피고인이/가 뭐예요?",
              "romanization": "pigoini/ga mwoyeyo?",
              "translation": "What is \"피고인\"?"
            },
            {
              "speaker": "B",
              "text": "피고인은/는 defendant(이)에요.",
              "romanization": "pigoineun/neun defendant(i)eyo.",
              "translation": "\"피고인\" means \"defendant\"."
            }
          ]
        }
      },
      "en": {
        "word": "defendant",
        "explanation": "'피고인' means 'defendant' in English.",
        "examples": {
          "beginner": "We say \"피고인\" in Korean.",
          "intermediate": "In Korea, people often say \"피고인\".",
          "advanced": "\"피고인\" is an important expression in Korean.",
          "master": "Understanding the cultural context of \"피고인\" makes communication more natural."
        },
        "variations": {
          "formal": [
            "It is defendant.",
            "There is defendant."
          ],
          "casual": [
            "It's defendant.",
            "defendant, you know."
          ],
          "short": [
            "defendant"
          ]
        },
        "dialogue": {
          "context": "In daily conversation",
          "dialogue": [
            {
              "speaker": "A",
              "text": "What is \"피고인\"?",
              "romanization": "",
              "translation": "피고인이/가 뭐예요?"
            },
            {
              "speaker": "B",
              "text": "\"피고인\" means \"defendant\".",
              "romanization": "",
              "translation": "피고인은/는 defendant(이)에요."
            }
          ]
        }
      }
    },
    "pronunciation": {
      "korean": "[피고인]",
      "ipa": "[pigoin]"
    }
  },
  {
    "id": "d-leg-원go",
    "korean": "원고",
    "romanization": "wongo",
    "partOfSpeech": "noun",
    "categoryId": "legal",
    "difficulty": "beginner",
    "frequency": "common",
    "tags": [],
    "translations": {
      "ko": {
        "word": "원고",
        "explanation": "원고의 뜻은 'plaintiff'입니다.",
        "examples": {
          "beginner": "\"원고\"는 한국어로 말해요.",
          "intermediate": "한국에서는 \"원고\"를 자주 써요.",
          "advanced": "\"원고\"는 한국어에서 중요한 표현입니다.",
          "master": "\"원고\"의 문화적 맥락을 이해하면 더 자연스럽게 소통할 수 있습니다."
        },
        "variations": {
          "formal": [
            "원고입니다.",
            "원고이/가 있습니다."
          ],
          "casual": [
            "원고이야.",
            "원고 있어."
          ],
          "short": [
            "원고"
          ]
        },
        "dialogue": {
          "context": "일상 대화에서",
          "dialogue": [
            {
              "speaker": "A",
              "text": "원고이/가 뭐예요?",
              "romanization": "wongoi/ga mwoyeyo?",
              "translation": "What is \"원고\"?"
            },
            {
              "speaker": "B",
              "text": "원고은/는 plaintiff(이)에요.",
              "romanization": "wongoeun/neun plaintiff(i)eyo.",
              "translation": "\"원고\" means \"plaintiff\"."
            }
          ]
        }
      },
      "en": {
        "word": "plaintiff",
        "explanation": "'원고' means 'plaintiff' in English.",
        "examples": {
          "beginner": "We say \"원고\" in Korean.",
          "intermediate": "In Korea, people often say \"원고\".",
          "advanced": "\"원고\" is an important expression in Korean.",
          "master": "Understanding the cultural context of \"원고\" makes communication more natural."
        },
        "variations": {
          "formal": [
            "It is plaintiff.",
            "There is plaintiff."
          ],
          "casual": [
            "It's plaintiff.",
            "plaintiff, you know."
          ],
          "short": [
            "plaintiff"
          ]
        },
        "dialogue": {
          "context": "In daily conversation",
          "dialogue": [
            {
              "speaker": "A",
              "text": "What is \"원고\"?",
              "romanization": "",
              "translation": "원고이/가 뭐예요?"
            },
            {
              "speaker": "B",
              "text": "\"원고\" means \"plaintiff\".",
              "romanization": "",
              "translation": "원고은/는 plaintiff(이)에요."
            }
          ]
        }
      }
    },
    "pronunciation": {
      "korean": "[원고]",
      "ipa": "[wongo]"
    }
  },
  {
    "id": "d-leg-jeungin",
    "korean": "증인",
    "romanization": "jeungin",
    "partOfSpeech": "noun",
    "categoryId": "legal",
    "difficulty": "beginner",
    "frequency": "common",
    "tags": [],
    "translations": {
      "ko": {
        "word": "증인",
        "explanation": "증인의 뜻은 'witness'입니다.",
        "examples": {
          "beginner": "\"증인\"는 한국어로 말해요.",
          "intermediate": "한국에서는 \"증인\"를 자주 써요.",
          "advanced": "\"증인\"는 한국어에서 중요한 표현입니다.",
          "master": "\"증인\"의 문화적 맥락을 이해하면 더 자연스럽게 소통할 수 있습니다."
        },
        "variations": {
          "formal": [
            "증인입니다.",
            "증인이/가 있습니다."
          ],
          "casual": [
            "증인이야.",
            "증인 있어."
          ],
          "short": [
            "증인"
          ]
        },
        "dialogue": {
          "context": "일상 대화에서",
          "dialogue": [
            {
              "speaker": "A",
              "text": "증인이/가 뭐예요?",
              "romanization": "jeungini/ga mwoyeyo?",
              "translation": "What is \"증인\"?"
            },
            {
              "speaker": "B",
              "text": "증인은/는 witness(이)에요.",
              "romanization": "jeungineun/neun witness(i)eyo.",
              "translation": "\"증인\" means \"witness\"."
            }
          ]
        }
      },
      "en": {
        "word": "witness",
        "explanation": "'증인' means 'witness' in English.",
        "examples": {
          "beginner": "We say \"증인\" in Korean.",
          "intermediate": "In Korea, people often say \"증인\".",
          "advanced": "\"증인\" is an important expression in Korean.",
          "master": "Understanding the cultural context of \"증인\" makes communication more natural."
        },
        "variations": {
          "formal": [
            "It is witness.",
            "There is witness."
          ],
          "casual": [
            "It's witness.",
            "witness, you know."
          ],
          "short": [
            "witness"
          ]
        },
        "dialogue": {
          "context": "In daily conversation",
          "dialogue": [
            {
              "speaker": "A",
              "text": "What is \"증인\"?",
              "romanization": "",
              "translation": "증인이/가 뭐예요?"
            },
            {
              "speaker": "B",
              "text": "\"증인\" means \"witness\".",
              "romanization": "",
              "translation": "증인은/는 witness(이)에요."
            }
          ]
        }
      }
    },
    "pronunciation": {
      "korean": "[증인]",
      "ipa": "[jeungin]"
    }
  },
  {
    "id": "d-leg-mujoe",
    "korean": "무죄",
    "romanization": "mujoe",
    "partOfSpeech": "noun",
    "categoryId": "legal",
    "difficulty": "beginner",
    "frequency": "common",
    "tags": [],
    "translations": {
      "ko": {
        "word": "무죄",
        "explanation": "무죄의 뜻은 'not guilty'입니다.",
        "examples": {
          "beginner": "\"무죄\"는 한국어로 말해요.",
          "intermediate": "한국에서는 \"무죄\"를 자주 써요.",
          "advanced": "\"무죄\"는 한국어에서 중요한 표현입니다.",
          "master": "\"무죄\"의 문화적 맥락을 이해하면 더 자연스럽게 소통할 수 있습니다."
        },
        "variations": {
          "formal": [
            "무죄입니다.",
            "무죄이/가 있습니다."
          ],
          "casual": [
            "무죄이야.",
            "무죄 있어."
          ],
          "short": [
            "무죄"
          ]
        },
        "dialogue": {
          "context": "일상 대화에서",
          "dialogue": [
            {
              "speaker": "A",
              "text": "무죄이/가 뭐예요?",
              "romanization": "mujoei/ga mwoyeyo?",
              "translation": "What is \"무죄\"?"
            },
            {
              "speaker": "B",
              "text": "무죄은/는 not guilty(이)에요.",
              "romanization": "mujoeeun/neun not guilty(i)eyo.",
              "translation": "\"무죄\" means \"not guilty\"."
            }
          ]
        }
      },
      "en": {
        "word": "not guilty",
        "explanation": "'무죄' means 'not guilty' in English.",
        "examples": {
          "beginner": "We say \"무죄\" in Korean.",
          "intermediate": "In Korea, people often say \"무죄\".",
          "advanced": "\"무죄\" is an important expression in Korean.",
          "master": "Understanding the cultural context of \"무죄\" makes communication more natural."
        },
        "variations": {
          "formal": [
            "It is not guilty.",
            "There is not guilty."
          ],
          "casual": [
            "It's not guilty.",
            "not guilty, you know."
          ],
          "short": [
            "not"
          ]
        },
        "dialogue": {
          "context": "In daily conversation",
          "dialogue": [
            {
              "speaker": "A",
              "text": "What is \"무죄\"?",
              "romanization": "",
              "translation": "무죄이/가 뭐예요?"
            },
            {
              "speaker": "B",
              "text": "\"무죄\" means \"not guilty\".",
              "romanization": "",
              "translation": "무죄은/는 not guilty(이)에요."
            }
          ]
        }
      }
    },
    "pronunciation": {
      "korean": "[무죄]",
      "ipa": "[mujoe]"
    }
  },
  {
    "id": "d-leg-yujoe",
    "korean": "유죄",
    "romanization": "yujoe",
    "partOfSpeech": "noun",
    "categoryId": "legal",
    "difficulty": "beginner",
    "frequency": "common",
    "tags": [],
    "translations": {
      "ko": {
        "word": "유죄",
        "explanation": "유죄의 뜻은 'guilty'입니다.",
        "examples": {
          "beginner": "\"유죄\"는 한국어로 말해요.",
          "intermediate": "한국에서는 \"유죄\"를 자주 써요.",
          "advanced": "\"유죄\"는 한국어에서 중요한 표현입니다.",
          "master": "\"유죄\"의 문화적 맥락을 이해하면 더 자연스럽게 소통할 수 있습니다."
        },
        "variations": {
          "formal": [
            "유죄입니다.",
            "유죄이/가 있습니다."
          ],
          "casual": [
            "유죄이야.",
            "유죄 있어."
          ],
          "short": [
            "유죄"
          ]
        },
        "dialogue": {
          "context": "일상 대화에서",
          "dialogue": [
            {
              "speaker": "A",
              "text": "유죄이/가 뭐예요?",
              "romanization": "yujoei/ga mwoyeyo?",
              "translation": "What is \"유죄\"?"
            },
            {
              "speaker": "B",
              "text": "유죄은/는 guilty(이)에요.",
              "romanization": "yujoeeun/neun guilty(i)eyo.",
              "translation": "\"유죄\" means \"guilty\"."
            }
          ]
        }
      },
      "en": {
        "word": "guilty",
        "explanation": "'유죄' means 'guilty' in English.",
        "examples": {
          "beginner": "We say \"유죄\" in Korean.",
          "intermediate": "In Korea, people often say \"유죄\".",
          "advanced": "\"유죄\" is an important expression in Korean.",
          "master": "Understanding the cultural context of \"유죄\" makes communication more natural."
        },
        "variations": {
          "formal": [
            "It is guilty.",
            "There is guilty."
          ],
          "casual": [
            "It's guilty.",
            "guilty, you know."
          ],
          "short": [
            "guilty"
          ]
        },
        "dialogue": {
          "context": "In daily conversation",
          "dialogue": [
            {
              "speaker": "A",
              "text": "What is \"유죄\"?",
              "romanization": "",
              "translation": "유죄이/가 뭐예요?"
            },
            {
              "speaker": "B",
              "text": "\"유죄\" means \"guilty\".",
              "romanization": "",
              "translation": "유죄은/는 guilty(이)에요."
            }
          ]
        }
      }
    },
    "pronunciation": {
      "korean": "[유죄]",
      "ipa": "[yujoe]"
    }
  },
  {
    "id": "d-leg-pan결",
    "korean": "판결",
    "romanization": "pangyeol",
    "partOfSpeech": "noun",
    "categoryId": "legal",
    "difficulty": "beginner",
    "frequency": "common",
    "tags": [],
    "translations": {
      "ko": {
        "word": "판결",
        "explanation": "판결의 뜻은 'verdict'입니다.",
        "examples": {
          "beginner": "\"판결\"는 한국어로 말해요.",
          "intermediate": "한국에서는 \"판결\"를 자주 써요.",
          "advanced": "\"판결\"는 한국어에서 중요한 표현입니다.",
          "master": "\"판결\"의 문화적 맥락을 이해하면 더 자연스럽게 소통할 수 있습니다."
        },
        "variations": {
          "formal": [
            "판결입니다.",
            "판결이/가 있습니다."
          ],
          "casual": [
            "판결이야.",
            "판결 있어."
          ],
          "short": [
            "판결"
          ]
        },
        "dialogue": {
          "context": "일상 대화에서",
          "dialogue": [
            {
              "speaker": "A",
              "text": "판결이/가 뭐예요?",
              "romanization": "pangyeoli/ga mwoyeyo?",
              "translation": "What is \"판결\"?"
            },
            {
              "speaker": "B",
              "text": "판결은/는 verdict(이)에요.",
              "romanization": "pangyeoleun/neun verdict(i)eyo.",
              "translation": "\"판결\" means \"verdict\"."
            }
          ]
        }
      },
      "en": {
        "word": "verdict",
        "explanation": "'판결' means 'verdict' in English.",
        "examples": {
          "beginner": "We say \"판결\" in Korean.",
          "intermediate": "In Korea, people often say \"판결\".",
          "advanced": "\"판결\" is an important expression in Korean.",
          "master": "Understanding the cultural context of \"판결\" makes communication more natural."
        },
        "variations": {
          "formal": [
            "It is verdict.",
            "There is verdict."
          ],
          "casual": [
            "It's verdict.",
            "verdict, you know."
          ],
          "short": [
            "verdict"
          ]
        },
        "dialogue": {
          "context": "In daily conversation",
          "dialogue": [
            {
              "speaker": "A",
              "text": "What is \"판결\"?",
              "romanization": "",
              "translation": "판결이/가 뭐예요?"
            },
            {
              "speaker": "B",
              "text": "\"판결\" means \"verdict\".",
              "romanization": "",
              "translation": "판결은/는 verdict(이)에요."
            }
          ]
        }
      }
    },
    "pronunciation": {
      "korean": "[판결]",
      "ipa": "[pangyeol]"
    }
  },
  {
    "id": "d-leg-son해baesang",
    "korean": "손해배상",
    "romanization": "sonhaebaesang",
    "partOfSpeech": "noun",
    "categoryId": "legal",
    "difficulty": "beginner",
    "frequency": "common",
    "tags": [],
    "translations": {
      "ko": {
        "word": "손해배상",
        "explanation": "손해배상의 뜻은 'damages'입니다.",
        "examples": {
          "beginner": "\"손해배상\"는 한국어로 말해요.",
          "intermediate": "한국에서는 \"손해배상\"를 자주 써요.",
          "advanced": "\"손해배상\"는 한국어에서 중요한 표현입니다.",
          "master": "\"손해배상\"의 문화적 맥락을 이해하면 더 자연스럽게 소통할 수 있습니다."
        },
        "variations": {
          "formal": [
            "손해배상입니다.",
            "손해배상이/가 있습니다."
          ],
          "casual": [
            "손해배상이야.",
            "손해배상 있어."
          ],
          "short": [
            "손해"
          ]
        },
        "dialogue": {
          "context": "일상 대화에서",
          "dialogue": [
            {
              "speaker": "A",
              "text": "손해배상이/가 뭐예요?",
              "romanization": "sonhaebaesangi/ga mwoyeyo?",
              "translation": "What is \"손해배상\"?"
            },
            {
              "speaker": "B",
              "text": "손해배상은/는 damages(이)에요.",
              "romanization": "sonhaebaesangeun/neun damages(i)eyo.",
              "translation": "\"손해배상\" means \"damages\"."
            }
          ]
        }
      },
      "en": {
        "word": "damages",
        "explanation": "'손해배상' means 'damages' in English.",
        "examples": {
          "beginner": "We say \"손해배상\" in Korean.",
          "intermediate": "In Korea, people often say \"손해배상\".",
          "advanced": "\"손해배상\" is an important expression in Korean.",
          "master": "Understanding the cultural context of \"손해배상\" makes communication more natural."
        },
        "variations": {
          "formal": [
            "It is damages.",
            "There is damages."
          ],
          "casual": [
            "It's damages.",
            "damages, you know."
          ],
          "short": [
            "damages"
          ]
        },
        "dialogue": {
          "context": "In daily conversation",
          "dialogue": [
            {
              "speaker": "A",
              "text": "What is \"손해배상\"?",
              "romanization": "",
              "translation": "손해배상이/가 뭐예요?"
            },
            {
              "speaker": "B",
              "text": "\"손해배상\" means \"damages\".",
              "romanization": "",
              "translation": "손해배상은/는 damages(이)에요."
            }
          ]
        }
      }
    },
    "pronunciation": {
      "korean": "[손해배상]",
      "ipa": "[sonhaebaesang]"
    }
  },
  {
    "id": "d-leg-baesang",
    "korean": "배상",
    "romanization": "baesang",
    "partOfSpeech": "noun",
    "categoryId": "legal",
    "difficulty": "beginner",
    "frequency": "common",
    "tags": [],
    "translations": {
      "ko": {
        "word": "배상",
        "explanation": "배상의 뜻은 'compensation'입니다.",
        "examples": {
          "beginner": "\"배상\"는 한국어로 말해요.",
          "intermediate": "한국에서는 \"배상\"를 자주 써요.",
          "advanced": "\"배상\"는 한국어에서 중요한 표현입니다.",
          "master": "\"배상\"의 문화적 맥락을 이해하면 더 자연스럽게 소통할 수 있습니다."
        },
        "variations": {
          "formal": [
            "배상입니다.",
            "배상이/가 있습니다."
          ],
          "casual": [
            "배상이야.",
            "배상 있어."
          ],
          "short": [
            "배상"
          ]
        },
        "dialogue": {
          "context": "일상 대화에서",
          "dialogue": [
            {
              "speaker": "A",
              "text": "배상이/가 뭐예요?",
              "romanization": "baesangi/ga mwoyeyo?",
              "translation": "What is \"배상\"?"
            },
            {
              "speaker": "B",
              "text": "배상은/는 compensation(이)에요.",
              "romanization": "baesangeun/neun compensation(i)eyo.",
              "translation": "\"배상\" means \"compensation\"."
            }
          ]
        }
      },
      "en": {
        "word": "compensation",
        "explanation": "'배상' means 'compensation' in English.",
        "examples": {
          "beginner": "We say \"배상\" in Korean.",
          "intermediate": "In Korea, people often say \"배상\".",
          "advanced": "\"배상\" is an important expression in Korean.",
          "master": "Understanding the cultural context of \"배상\" makes communication more natural."
        },
        "variations": {
          "formal": [
            "It is compensation.",
            "There is compensation."
          ],
          "casual": [
            "It's compensation.",
            "compensation, you know."
          ],
          "short": [
            "compensation"
          ]
        },
        "dialogue": {
          "context": "In daily conversation",
          "dialogue": [
            {
              "speaker": "A",
              "text": "What is \"배상\"?",
              "romanization": "",
              "translation": "배상이/가 뭐예요?"
            },
            {
              "speaker": "B",
              "text": "\"배상\" means \"compensation\".",
              "romanization": "",
              "translation": "배상은/는 compensation(이)에요."
            }
          ]
        }
      }
    },
    "pronunciation": {
      "korean": "[배상]",
      "ipa": "[baesang]"
    }
  },
  {
    "id": "d-leg-변ron",
    "korean": "변론",
    "romanization": "byeonlon",
    "partOfSpeech": "noun",
    "categoryId": "legal",
    "difficulty": "beginner",
    "frequency": "common",
    "tags": [],
    "translations": {
      "ko": {
        "word": "변론",
        "explanation": "변론의 뜻은 'plea'입니다.",
        "examples": {
          "beginner": "\"변론\"는 한국어로 말해요.",
          "intermediate": "한국에서는 \"변론\"를 자주 써요.",
          "advanced": "\"변론\"는 한국어에서 중요한 표현입니다.",
          "master": "\"변론\"의 문화적 맥락을 이해하면 더 자연스럽게 소통할 수 있습니다."
        },
        "variations": {
          "formal": [
            "변론입니다.",
            "변론이/가 있습니다."
          ],
          "casual": [
            "변론이야.",
            "변론 있어."
          ],
          "short": [
            "변론"
          ]
        },
        "dialogue": {
          "context": "일상 대화에서",
          "dialogue": [
            {
              "speaker": "A",
              "text": "변론이/가 뭐예요?",
              "romanization": "byeonloni/ga mwoyeyo?",
              "translation": "What is \"변론\"?"
            },
            {
              "speaker": "B",
              "text": "변론은/는 plea(이)에요.",
              "romanization": "byeonloneun/neun plea(i)eyo.",
              "translation": "\"변론\" means \"plea\"."
            }
          ]
        }
      },
      "en": {
        "word": "plea",
        "explanation": "'변론' means 'plea' in English.",
        "examples": {
          "beginner": "We say \"변론\" in Korean.",
          "intermediate": "In Korea, people often say \"변론\".",
          "advanced": "\"변론\" is an important expression in Korean.",
          "master": "Understanding the cultural context of \"변론\" makes communication more natural."
        },
        "variations": {
          "formal": [
            "It is plea.",
            "There is plea."
          ],
          "casual": [
            "It's plea.",
            "plea, you know."
          ],
          "short": [
            "plea"
          ]
        },
        "dialogue": {
          "context": "In daily conversation",
          "dialogue": [
            {
              "speaker": "A",
              "text": "What is \"변론\"?",
              "romanization": "",
              "translation": "변론이/가 뭐예요?"
            },
            {
              "speaker": "B",
              "text": "\"변론\" means \"plea\".",
              "romanization": "",
              "translation": "변론은/는 plea(이)에요."
            }
          ]
        }
      }
    },
    "pronunciation": {
      "korean": "[변론]",
      "ipa": "[byeonlon]"
    }
  },
  {
    "id": "d-leg-jaepan",
    "korean": "재판",
    "romanization": "jaepan",
    "partOfSpeech": "noun",
    "categoryId": "legal",
    "difficulty": "beginner",
    "frequency": "common",
    "tags": [],
    "translations": {
      "ko": {
        "word": "재판",
        "explanation": "재판의 뜻은 'trial'입니다.",
        "examples": {
          "beginner": "\"재판\"는 한국어로 말해요.",
          "intermediate": "한국에서는 \"재판\"를 자주 써요.",
          "advanced": "\"재판\"는 한국어에서 중요한 표현입니다.",
          "master": "\"재판\"의 문화적 맥락을 이해하면 더 자연스럽게 소통할 수 있습니다."
        },
        "variations": {
          "formal": [
            "재판입니다.",
            "재판이/가 있습니다."
          ],
          "casual": [
            "재판이야.",
            "재판 있어."
          ],
          "short": [
            "재판"
          ]
        },
        "dialogue": {
          "context": "일상 대화에서",
          "dialogue": [
            {
              "speaker": "A",
              "text": "재판이/가 뭐예요?",
              "romanization": "jaepani/ga mwoyeyo?",
              "translation": "What is \"재판\"?"
            },
            {
              "speaker": "B",
              "text": "재판은/는 trial(이)에요.",
              "romanization": "jaepaneun/neun trial(i)eyo.",
              "translation": "\"재판\" means \"trial\"."
            }
          ]
        }
      },
      "en": {
        "word": "trial",
        "explanation": "'재판' means 'trial' in English.",
        "examples": {
          "beginner": "We say \"재판\" in Korean.",
          "intermediate": "In Korea, people often say \"재판\".",
          "advanced": "\"재판\" is an important expression in Korean.",
          "master": "Understanding the cultural context of \"재판\" makes communication more natural."
        },
        "variations": {
          "formal": [
            "It is trial.",
            "There is trial."
          ],
          "casual": [
            "It's trial.",
            "trial, you know."
          ],
          "short": [
            "trial"
          ]
        },
        "dialogue": {
          "context": "In daily conversation",
          "dialogue": [
            {
              "speaker": "A",
              "text": "What is \"재판\"?",
              "romanization": "",
              "translation": "재판이/가 뭐예요?"
            },
            {
              "speaker": "B",
              "text": "\"재판\" means \"trial\".",
              "romanization": "",
              "translation": "재판은/는 trial(이)에요."
            }
          ]
        }
      }
    },
    "pronunciation": {
      "korean": "[재판]",
      "ipa": "[jaepan]"
    }
  },
  {
    "id": "d-leg-hangso",
    "korean": "항소",
    "romanization": "hangso",
    "partOfSpeech": "noun",
    "categoryId": "legal",
    "difficulty": "beginner",
    "frequency": "common",
    "tags": [],
    "translations": {
      "ko": {
        "word": "항소",
        "explanation": "항소의 뜻은 'appeal'입니다.",
        "examples": {
          "beginner": "\"항소\"는 한국어로 말해요.",
          "intermediate": "한국에서는 \"항소\"를 자주 써요.",
          "advanced": "\"항소\"는 한국어에서 중요한 표현입니다.",
          "master": "\"항소\"의 문화적 맥락을 이해하면 더 자연스럽게 소통할 수 있습니다."
        },
        "variations": {
          "formal": [
            "항소입니다.",
            "항소이/가 있습니다."
          ],
          "casual": [
            "항소이야.",
            "항소 있어."
          ],
          "short": [
            "항소"
          ]
        },
        "dialogue": {
          "context": "일상 대화에서",
          "dialogue": [
            {
              "speaker": "A",
              "text": "항소이/가 뭐예요?",
              "romanization": "hangsoi/ga mwoyeyo?",
              "translation": "What is \"항소\"?"
            },
            {
              "speaker": "B",
              "text": "항소은/는 appeal(이)에요.",
              "romanization": "hangsoeun/neun appeal(i)eyo.",
              "translation": "\"항소\" means \"appeal\"."
            }
          ]
        }
      },
      "en": {
        "word": "appeal",
        "explanation": "'항소' means 'appeal' in English.",
        "examples": {
          "beginner": "We say \"항소\" in Korean.",
          "intermediate": "In Korea, people often say \"항소\".",
          "advanced": "\"항소\" is an important expression in Korean.",
          "master": "Understanding the cultural context of \"항소\" makes communication more natural."
        },
        "variations": {
          "formal": [
            "It is appeal.",
            "There is appeal."
          ],
          "casual": [
            "It's appeal.",
            "appeal, you know."
          ],
          "short": [
            "appeal"
          ]
        },
        "dialogue": {
          "context": "In daily conversation",
          "dialogue": [
            {
              "speaker": "A",
              "text": "What is \"항소\"?",
              "romanization": "",
              "translation": "항소이/가 뭐예요?"
            },
            {
              "speaker": "B",
              "text": "\"항소\" means \"appeal\".",
              "romanization": "",
              "translation": "항소은/는 appeal(이)에요."
            }
          ]
        }
      }
    },
    "pronunciation": {
      "korean": "[항소]",
      "ipa": "[hangso]"
    }
  },
  {
    "id": "d-leg-sosong",
    "korean": "소송",
    "romanization": "sosong",
    "partOfSpeech": "noun",
    "categoryId": "legal",
    "difficulty": "beginner",
    "frequency": "common",
    "tags": [],
    "translations": {
      "ko": {
        "word": "소송",
        "explanation": "소송의 뜻은 'lawsuit'입니다.",
        "examples": {
          "beginner": "\"소송\"는 한국어로 말해요.",
          "intermediate": "한국에서는 \"소송\"를 자주 써요.",
          "advanced": "\"소송\"는 한국어에서 중요한 표현입니다.",
          "master": "\"소송\"의 문화적 맥락을 이해하면 더 자연스럽게 소통할 수 있습니다."
        },
        "variations": {
          "formal": [
            "소송입니다.",
            "소송이/가 있습니다."
          ],
          "casual": [
            "소송이야.",
            "소송 있어."
          ],
          "short": [
            "소송"
          ]
        },
        "dialogue": {
          "context": "일상 대화에서",
          "dialogue": [
            {
              "speaker": "A",
              "text": "소송이/가 뭐예요?",
              "romanization": "sosongi/ga mwoyeyo?",
              "translation": "What is \"소송\"?"
            },
            {
              "speaker": "B",
              "text": "소송은/는 lawsuit(이)에요.",
              "romanization": "sosongeun/neun lawsuit(i)eyo.",
              "translation": "\"소송\" means \"lawsuit\"."
            }
          ]
        }
      },
      "en": {
        "word": "lawsuit",
        "explanation": "'소송' means 'lawsuit' in English.",
        "examples": {
          "beginner": "We say \"소송\" in Korean.",
          "intermediate": "In Korea, people often say \"소송\".",
          "advanced": "\"소송\" is an important expression in Korean.",
          "master": "Understanding the cultural context of \"소송\" makes communication more natural."
        },
        "variations": {
          "formal": [
            "It is lawsuit.",
            "There is lawsuit."
          ],
          "casual": [
            "It's lawsuit.",
            "lawsuit, you know."
          ],
          "short": [
            "lawsuit"
          ]
        },
        "dialogue": {
          "context": "In daily conversation",
          "dialogue": [
            {
              "speaker": "A",
              "text": "What is \"소송\"?",
              "romanization": "",
              "translation": "소송이/가 뭐예요?"
            },
            {
              "speaker": "B",
              "text": "\"소송\" means \"lawsuit\".",
              "romanization": "",
              "translation": "소송은/는 lawsuit(이)에요."
            }
          ]
        }
      }
    },
    "pronunciation": {
      "korean": "[소송]",
      "ipa": "[sosong]"
    }
  },
  {
    "id": "d-leg-합의",
    "korean": "합의",
    "romanization": "hapui",
    "partOfSpeech": "noun",
    "categoryId": "legal",
    "difficulty": "beginner",
    "frequency": "common",
    "tags": [],
    "translations": {
      "ko": {
        "word": "합의",
        "explanation": "합의의 뜻은 'settlement'입니다.",
        "examples": {
          "beginner": "\"합의\"는 한국어로 말해요.",
          "intermediate": "한국에서는 \"합의\"를 자주 써요.",
          "advanced": "\"합의\"는 한국어에서 중요한 표현입니다.",
          "master": "\"합의\"의 문화적 맥락을 이해하면 더 자연스럽게 소통할 수 있습니다."
        },
        "variations": {
          "formal": [
            "합의입니다.",
            "합의이/가 있습니다."
          ],
          "casual": [
            "합의이야.",
            "합의 있어."
          ],
          "short": [
            "합의"
          ]
        },
        "dialogue": {
          "context": "일상 대화에서",
          "dialogue": [
            {
              "speaker": "A",
              "text": "합의이/가 뭐예요?",
              "romanization": "hapuii/ga mwoyeyo?",
              "translation": "What is \"합의\"?"
            },
            {
              "speaker": "B",
              "text": "합의은/는 settlement(이)에요.",
              "romanization": "hapuieun/neun settlement(i)eyo.",
              "translation": "\"합의\" means \"settlement\"."
            }
          ]
        }
      },
      "en": {
        "word": "settlement",
        "explanation": "'합의' means 'settlement' in English.",
        "examples": {
          "beginner": "We say \"합의\" in Korean.",
          "intermediate": "In Korea, people often say \"합의\".",
          "advanced": "\"합의\" is an important expression in Korean.",
          "master": "Understanding the cultural context of \"합의\" makes communication more natural."
        },
        "variations": {
          "formal": [
            "It is settlement.",
            "There is settlement."
          ],
          "casual": [
            "It's settlement.",
            "settlement, you know."
          ],
          "short": [
            "settlement"
          ]
        },
        "dialogue": {
          "context": "In daily conversation",
          "dialogue": [
            {
              "speaker": "A",
              "text": "What is \"합의\"?",
              "romanization": "",
              "translation": "합의이/가 뭐예요?"
            },
            {
              "speaker": "B",
              "text": "\"합의\" means \"settlement\".",
              "romanization": "",
              "translation": "합의은/는 settlement(이)에요."
            }
          ]
        }
      }
    },
    "pronunciation": {
      "korean": "[합의]",
      "ipa": "[hapui]"
    }
  },
  {
    "id": "d-leg-jeunggeo",
    "korean": "증거",
    "romanization": "jeunggeo",
    "partOfSpeech": "noun",
    "categoryId": "legal",
    "difficulty": "beginner",
    "frequency": "common",
    "tags": [],
    "translations": {
      "ko": {
        "word": "증거",
        "explanation": "증거의 뜻은 'evidence'입니다.",
        "examples": {
          "beginner": "\"증거\"는 한국어로 말해요.",
          "intermediate": "한국에서는 \"증거\"를 자주 써요.",
          "advanced": "\"증거\"는 한국어에서 중요한 표현입니다.",
          "master": "\"증거\"의 문화적 맥락을 이해하면 더 자연스럽게 소통할 수 있습니다."
        },
        "variations": {
          "formal": [
            "증거입니다.",
            "증거이/가 있습니다."
          ],
          "casual": [
            "증거이야.",
            "증거 있어."
          ],
          "short": [
            "증거"
          ]
        },
        "dialogue": {
          "context": "일상 대화에서",
          "dialogue": [
            {
              "speaker": "A",
              "text": "증거이/가 뭐예요?",
              "romanization": "jeunggeoi/ga mwoyeyo?",
              "translation": "What is \"증거\"?"
            },
            {
              "speaker": "B",
              "text": "증거은/는 evidence(이)에요.",
              "romanization": "jeunggeoeun/neun evidence(i)eyo.",
              "translation": "\"증거\" means \"evidence\"."
            }
          ]
        }
      },
      "en": {
        "word": "evidence",
        "explanation": "'증거' means 'evidence' in English.",
        "examples": {
          "beginner": "We say \"증거\" in Korean.",
          "intermediate": "In Korea, people often say \"증거\".",
          "advanced": "\"증거\" is an important expression in Korean.",
          "master": "Understanding the cultural context of \"증거\" makes communication more natural."
        },
        "variations": {
          "formal": [
            "It is evidence.",
            "There is evidence."
          ],
          "casual": [
            "It's evidence.",
            "evidence, you know."
          ],
          "short": [
            "evidence"
          ]
        },
        "dialogue": {
          "context": "In daily conversation",
          "dialogue": [
            {
              "speaker": "A",
              "text": "What is \"증거\"?",
              "romanization": "",
              "translation": "증거이/가 뭐예요?"
            },
            {
              "speaker": "B",
              "text": "\"증거\" means \"evidence\".",
              "romanization": "",
              "translation": "증거은/는 evidence(이)에요."
            }
          ]
        }
      }
    },
    "pronunciation": {
      "korean": "[증거]",
      "ipa": "[jeunggeo]"
    }
  },
  {
    "id": "d-leg-jinsul",
    "korean": "진술",
    "romanization": "jinsul",
    "partOfSpeech": "noun",
    "categoryId": "legal",
    "difficulty": "beginner",
    "frequency": "common",
    "tags": [],
    "translations": {
      "ko": {
        "word": "진술",
        "explanation": "진술의 뜻은 'statement'입니다.",
        "examples": {
          "beginner": "\"진술\"는 한국어로 말해요.",
          "intermediate": "한국에서는 \"진술\"를 자주 써요.",
          "advanced": "\"진술\"는 한국어에서 중요한 표현입니다.",
          "master": "\"진술\"의 문화적 맥락을 이해하면 더 자연스럽게 소통할 수 있습니다."
        },
        "variations": {
          "formal": [
            "진술입니다.",
            "진술이/가 있습니다."
          ],
          "casual": [
            "진술이야.",
            "진술 있어."
          ],
          "short": [
            "진술"
          ]
        },
        "dialogue": {
          "context": "일상 대화에서",
          "dialogue": [
            {
              "speaker": "A",
              "text": "진술이/가 뭐예요?",
              "romanization": "jinsuli/ga mwoyeyo?",
              "translation": "What is \"진술\"?"
            },
            {
              "speaker": "B",
              "text": "진술은/는 statement(이)에요.",
              "romanization": "jinsuleun/neun statement(i)eyo.",
              "translation": "\"진술\" means \"statement\"."
            }
          ]
        }
      },
      "en": {
        "word": "statement",
        "explanation": "'진술' means 'statement' in English.",
        "examples": {
          "beginner": "We say \"진술\" in Korean.",
          "intermediate": "In Korea, people often say \"진술\".",
          "advanced": "\"진술\" is an important expression in Korean.",
          "master": "Understanding the cultural context of \"진술\" makes communication more natural."
        },
        "variations": {
          "formal": [
            "It is statement.",
            "There is statement."
          ],
          "casual": [
            "It's statement.",
            "statement, you know."
          ],
          "short": [
            "statement"
          ]
        },
        "dialogue": {
          "context": "In daily conversation",
          "dialogue": [
            {
              "speaker": "A",
              "text": "What is \"진술\"?",
              "romanization": "",
              "translation": "진술이/가 뭐예요?"
            },
            {
              "speaker": "B",
              "text": "\"진술\" means \"statement\".",
              "romanization": "",
              "translation": "진술은/는 statement(이)에요."
            }
          ]
        }
      }
    },
    "pronunciation": {
      "korean": "[진술]",
      "ipa": "[jinsul]"
    }
  },
  {
    "id": "d-leg-gye약",
    "korean": "계약",
    "romanization": "gyeyak",
    "partOfSpeech": "noun",
    "categoryId": "legal",
    "difficulty": "beginner",
    "frequency": "common",
    "tags": [],
    "translations": {
      "ko": {
        "word": "계약",
        "explanation": "계약의 뜻은 'contract'입니다.",
        "examples": {
          "beginner": "\"계약\"는 한국어로 말해요.",
          "intermediate": "한국에서는 \"계약\"를 자주 써요.",
          "advanced": "\"계약\"는 한국어에서 중요한 표현입니다.",
          "master": "\"계약\"의 문화적 맥락을 이해하면 더 자연스럽게 소통할 수 있습니다."
        },
        "variations": {
          "formal": [
            "계약입니다.",
            "계약이/가 있습니다."
          ],
          "casual": [
            "계약이야.",
            "계약 있어."
          ],
          "short": [
            "계약"
          ]
        },
        "dialogue": {
          "context": "일상 대화에서",
          "dialogue": [
            {
              "speaker": "A",
              "text": "계약이/가 뭐예요?",
              "romanization": "gyeyaki/ga mwoyeyo?",
              "translation": "What is \"계약\"?"
            },
            {
              "speaker": "B",
              "text": "계약은/는 contract(이)에요.",
              "romanization": "gyeyakeun/neun contract(i)eyo.",
              "translation": "\"계약\" means \"contract\"."
            }
          ]
        }
      },
      "en": {
        "word": "contract",
        "explanation": "'계약' means 'contract' in English.",
        "examples": {
          "beginner": "We say \"계약\" in Korean.",
          "intermediate": "In Korea, people often say \"계약\".",
          "advanced": "\"계약\" is an important expression in Korean.",
          "master": "Understanding the cultural context of \"계약\" makes communication more natural."
        },
        "variations": {
          "formal": [
            "It is contract.",
            "There is contract."
          ],
          "casual": [
            "It's contract.",
            "contract, you know."
          ],
          "short": [
            "contract"
          ]
        },
        "dialogue": {
          "context": "In daily conversation",
          "dialogue": [
            {
              "speaker": "A",
              "text": "What is \"계약\"?",
              "romanization": "",
              "translation": "계약이/가 뭐예요?"
            },
            {
              "speaker": "B",
              "text": "\"계약\" means \"contract\".",
              "romanization": "",
              "translation": "계약은/는 contract(이)에요."
            }
          ]
        }
      }
    },
    "pronunciation": {
      "korean": "[계약]",
      "ipa": "[gyeyak]"
    }
  },
  {
    "id": "d-leg-gwonri",
    "korean": "권리",
    "romanization": "gwonli",
    "partOfSpeech": "noun",
    "categoryId": "legal",
    "difficulty": "beginner",
    "frequency": "common",
    "tags": [],
    "translations": {
      "ko": {
        "word": "권리",
        "explanation": "권리의 뜻은 'right'입니다.",
        "examples": {
          "beginner": "\"권리\"는 한국어로 말해요.",
          "intermediate": "한국에서는 \"권리\"를 자주 써요.",
          "advanced": "\"권리\"는 한국어에서 중요한 표현입니다.",
          "master": "\"권리\"의 문화적 맥락을 이해하면 더 자연스럽게 소통할 수 있습니다."
        },
        "variations": {
          "formal": [
            "권리입니다.",
            "권리이/가 있습니다."
          ],
          "casual": [
            "권리이야.",
            "권리 있어."
          ],
          "short": [
            "권리"
          ]
        },
        "dialogue": {
          "context": "일상 대화에서",
          "dialogue": [
            {
              "speaker": "A",
              "text": "권리이/가 뭐예요?",
              "romanization": "gwonlii/ga mwoyeyo?",
              "translation": "What is \"권리\"?"
            },
            {
              "speaker": "B",
              "text": "권리은/는 right(이)에요.",
              "romanization": "gwonlieun/neun right(i)eyo.",
              "translation": "\"권리\" means \"right\"."
            }
          ]
        }
      },
      "en": {
        "word": "right",
        "explanation": "'권리' means 'right' in English.",
        "examples": {
          "beginner": "We say \"권리\" in Korean.",
          "intermediate": "In Korea, people often say \"권리\".",
          "advanced": "\"권리\" is an important expression in Korean.",
          "master": "Understanding the cultural context of \"권리\" makes communication more natural."
        },
        "variations": {
          "formal": [
            "It is right.",
            "There is right."
          ],
          "casual": [
            "It's right.",
            "right, you know."
          ],
          "short": [
            "right"
          ]
        },
        "dialogue": {
          "context": "In daily conversation",
          "dialogue": [
            {
              "speaker": "A",
              "text": "What is \"권리\"?",
              "romanization": "",
              "translation": "권리이/가 뭐예요?"
            },
            {
              "speaker": "B",
              "text": "\"권리\" means \"right\".",
              "romanization": "",
              "translation": "권리은/는 right(이)에요."
            }
          ]
        }
      }
    },
    "pronunciation": {
      "korean": "[권리]",
      "ipa": "[gwonli]"
    }
  },
  {
    "id": "d-leg-의mu",
    "korean": "의무",
    "romanization": "uimu",
    "partOfSpeech": "noun",
    "categoryId": "legal",
    "difficulty": "beginner",
    "frequency": "common",
    "tags": [],
    "translations": {
      "ko": {
        "word": "의무",
        "explanation": "의무의 뜻은 'obligation'입니다.",
        "examples": {
          "beginner": "\"의무\"는 한국어로 말해요.",
          "intermediate": "한국에서는 \"의무\"를 자주 써요.",
          "advanced": "\"의무\"는 한국어에서 중요한 표현입니다.",
          "master": "\"의무\"의 문화적 맥락을 이해하면 더 자연스럽게 소통할 수 있습니다."
        },
        "variations": {
          "formal": [
            "의무입니다.",
            "의무이/가 있습니다."
          ],
          "casual": [
            "의무이야.",
            "의무 있어."
          ],
          "short": [
            "의무"
          ]
        },
        "dialogue": {
          "context": "일상 대화에서",
          "dialogue": [
            {
              "speaker": "A",
              "text": "의무이/가 뭐예요?",
              "romanization": "uimui/ga mwoyeyo?",
              "translation": "What is \"의무\"?"
            },
            {
              "speaker": "B",
              "text": "의무은/는 obligation(이)에요.",
              "romanization": "uimueun/neun obligation(i)eyo.",
              "translation": "\"의무\" means \"obligation\"."
            }
          ]
        }
      },
      "en": {
        "word": "obligation",
        "explanation": "'의무' means 'obligation' in English.",
        "examples": {
          "beginner": "We say \"의무\" in Korean.",
          "intermediate": "In Korea, people often say \"의무\".",
          "advanced": "\"의무\" is an important expression in Korean.",
          "master": "Understanding the cultural context of \"의무\" makes communication more natural."
        },
        "variations": {
          "formal": [
            "It is obligation.",
            "There is obligation."
          ],
          "casual": [
            "It's obligation.",
            "obligation, you know."
          ],
          "short": [
            "obligation"
          ]
        },
        "dialogue": {
          "context": "In daily conversation",
          "dialogue": [
            {
              "speaker": "A",
              "text": "What is \"의무\"?",
              "romanization": "",
              "translation": "의무이/가 뭐예요?"
            },
            {
              "speaker": "B",
              "text": "\"의무\" means \"obligation\".",
              "romanization": "",
              "translation": "의무은/는 obligation(이)에요."
            }
          ]
        }
      }
    },
    "pronunciation": {
      "korean": "[의무]",
      "ipa": "[uimu]"
    }
  },
  {
    "id": "d-leg-위ban",
    "korean": "위반",
    "romanization": "wiban",
    "partOfSpeech": "noun",
    "categoryId": "legal",
    "difficulty": "beginner",
    "frequency": "common",
    "tags": [],
    "translations": {
      "ko": {
        "word": "위반",
        "explanation": "위반의 뜻은 'violation'입니다.",
        "examples": {
          "beginner": "\"위반\"는 한국어로 말해요.",
          "intermediate": "한국에서는 \"위반\"를 자주 써요.",
          "advanced": "\"위반\"는 한국어에서 중요한 표현입니다.",
          "master": "\"위반\"의 문화적 맥락을 이해하면 더 자연스럽게 소통할 수 있습니다."
        },
        "variations": {
          "formal": [
            "위반입니다.",
            "위반이/가 있습니다."
          ],
          "casual": [
            "위반이야.",
            "위반 있어."
          ],
          "short": [
            "위반"
          ]
        },
        "dialogue": {
          "context": "일상 대화에서",
          "dialogue": [
            {
              "speaker": "A",
              "text": "위반이/가 뭐예요?",
              "romanization": "wibani/ga mwoyeyo?",
              "translation": "What is \"위반\"?"
            },
            {
              "speaker": "B",
              "text": "위반은/는 violation(이)에요.",
              "romanization": "wibaneun/neun violation(i)eyo.",
              "translation": "\"위반\" means \"violation\"."
            }
          ]
        }
      },
      "en": {
        "word": "violation",
        "explanation": "'위반' means 'violation' in English.",
        "examples": {
          "beginner": "We say \"위반\" in Korean.",
          "intermediate": "In Korea, people often say \"위반\".",
          "advanced": "\"위반\" is an important expression in Korean.",
          "master": "Understanding the cultural context of \"위반\" makes communication more natural."
        },
        "variations": {
          "formal": [
            "It is violation.",
            "There is violation."
          ],
          "casual": [
            "It's violation.",
            "violation, you know."
          ],
          "short": [
            "violation"
          ]
        },
        "dialogue": {
          "context": "In daily conversation",
          "dialogue": [
            {
              "speaker": "A",
              "text": "What is \"위반\"?",
              "romanization": "",
              "translation": "위반이/가 뭐예요?"
            },
            {
              "speaker": "B",
              "text": "\"위반\" means \"violation\".",
              "romanization": "",
              "translation": "위반은/는 violation(이)에요."
            }
          ]
        }
      }
    },
    "pronunciation": {
      "korean": "[위반]",
      "ipa": "[wiban]"
    }
  },
  {
    "id": "d-leg-beob률",
    "korean": "법률",
    "romanization": "beopryul",
    "partOfSpeech": "noun",
    "categoryId": "legal",
    "difficulty": "beginner",
    "frequency": "common",
    "tags": [],
    "translations": {
      "ko": {
        "word": "법률",
        "explanation": "법률의 뜻은 'law'입니다.",
        "examples": {
          "beginner": "\"법률\"는 한국어로 말해요.",
          "intermediate": "한국에서는 \"법률\"를 자주 써요.",
          "advanced": "\"법률\"는 한국어에서 중요한 표현입니다.",
          "master": "\"법률\"의 문화적 맥락을 이해하면 더 자연스럽게 소통할 수 있습니다."
        },
        "variations": {
          "formal": [
            "법률입니다.",
            "법률이/가 있습니다."
          ],
          "casual": [
            "법률이야.",
            "법률 있어."
          ],
          "short": [
            "법률"
          ]
        },
        "dialogue": {
          "context": "일상 대화에서",
          "dialogue": [
            {
              "speaker": "A",
              "text": "법률이/가 뭐예요?",
              "romanization": "beopryuli/ga mwoyeyo?",
              "translation": "What is \"법률\"?"
            },
            {
              "speaker": "B",
              "text": "법률은/는 law(이)에요.",
              "romanization": "beopryuleun/neun law(i)eyo.",
              "translation": "\"법률\" means \"law\"."
            }
          ]
        }
      },
      "en": {
        "word": "law",
        "explanation": "'법률' means 'law' in English.",
        "examples": {
          "beginner": "We say \"법률\" in Korean.",
          "intermediate": "In Korea, people often say \"법률\".",
          "advanced": "\"법률\" is an important expression in Korean.",
          "master": "Understanding the cultural context of \"법률\" makes communication more natural."
        },
        "variations": {
          "formal": [
            "It is law.",
            "There is law."
          ],
          "casual": [
            "It's law.",
            "law, you know."
          ],
          "short": [
            "law"
          ]
        },
        "dialogue": {
          "context": "In daily conversation",
          "dialogue": [
            {
              "speaker": "A",
              "text": "What is \"법률\"?",
              "romanization": "",
              "translation": "법률이/가 뭐예요?"
            },
            {
              "speaker": "B",
              "text": "\"법률\" means \"law\".",
              "romanization": "",
              "translation": "법률은/는 law(이)에요."
            }
          ]
        }
      }
    },
    "pronunciation": {
      "korean": "[법률]",
      "ipa": "[beopryul]"
    }
  },
  {
    "id": "d-leg-johang",
    "korean": "조항",
    "romanization": "johang",
    "partOfSpeech": "noun",
    "categoryId": "legal",
    "difficulty": "beginner",
    "frequency": "common",
    "tags": [],
    "translations": {
      "ko": {
        "word": "조항",
        "explanation": "조항의 뜻은 'clause'입니다.",
        "examples": {
          "beginner": "\"조항\"는 한국어로 말해요.",
          "intermediate": "한국에서는 \"조항\"를 자주 써요.",
          "advanced": "\"조항\"는 한국어에서 중요한 표현입니다.",
          "master": "\"조항\"의 문화적 맥락을 이해하면 더 자연스럽게 소통할 수 있습니다."
        },
        "variations": {
          "formal": [
            "조항입니다.",
            "조항이/가 있습니다."
          ],
          "casual": [
            "조항이야.",
            "조항 있어."
          ],
          "short": [
            "조항"
          ]
        },
        "dialogue": {
          "context": "일상 대화에서",
          "dialogue": [
            {
              "speaker": "A",
              "text": "조항이/가 뭐예요?",
              "romanization": "johangi/ga mwoyeyo?",
              "translation": "What is \"조항\"?"
            },
            {
              "speaker": "B",
              "text": "조항은/는 clause(이)에요.",
              "romanization": "johangeun/neun clause(i)eyo.",
              "translation": "\"조항\" means \"clause\"."
            }
          ]
        }
      },
      "en": {
        "word": "clause",
        "explanation": "'조항' means 'clause' in English.",
        "examples": {
          "beginner": "We say \"조항\" in Korean.",
          "intermediate": "In Korea, people often say \"조항\".",
          "advanced": "\"조항\" is an important expression in Korean.",
          "master": "Understanding the cultural context of \"조항\" makes communication more natural."
        },
        "variations": {
          "formal": [
            "It is clause.",
            "There is clause."
          ],
          "casual": [
            "It's clause.",
            "clause, you know."
          ],
          "short": [
            "clause"
          ]
        },
        "dialogue": {
          "context": "In daily conversation",
          "dialogue": [
            {
              "speaker": "A",
              "text": "What is \"조항\"?",
              "romanization": "",
              "translation": "조항이/가 뭐예요?"
            },
            {
              "speaker": "B",
              "text": "\"조항\" means \"clause\".",
              "romanization": "",
              "translation": "조항은/는 clause(이)에요."
            }
          ]
        }
      }
    },
    "pronunciation": {
      "korean": "[조항]",
      "ipa": "[johang]"
    }
  },
  {
    "id": "d-leg-gyujeong",
    "korean": "규정",
    "romanization": "gyujeong",
    "partOfSpeech": "noun",
    "categoryId": "legal",
    "difficulty": "beginner",
    "frequency": "common",
    "tags": [],
    "translations": {
      "ko": {
        "word": "규정",
        "explanation": "규정의 뜻은 'regulation'입니다.",
        "examples": {
          "beginner": "\"규정\"는 한국어로 말해요.",
          "intermediate": "한국에서는 \"규정\"를 자주 써요.",
          "advanced": "\"규정\"는 한국어에서 중요한 표현입니다.",
          "master": "\"규정\"의 문화적 맥락을 이해하면 더 자연스럽게 소통할 수 있습니다."
        },
        "variations": {
          "formal": [
            "규정입니다.",
            "규정이/가 있습니다."
          ],
          "casual": [
            "규정이야.",
            "규정 있어."
          ],
          "short": [
            "규정"
          ]
        },
        "dialogue": {
          "context": "일상 대화에서",
          "dialogue": [
            {
              "speaker": "A",
              "text": "규정이/가 뭐예요?",
              "romanization": "gyujeongi/ga mwoyeyo?",
              "translation": "What is \"규정\"?"
            },
            {
              "speaker": "B",
              "text": "규정은/는 regulation(이)에요.",
              "romanization": "gyujeongeun/neun regulation(i)eyo.",
              "translation": "\"규정\" means \"regulation\"."
            }
          ]
        }
      },
      "en": {
        "word": "regulation",
        "explanation": "'규정' means 'regulation' in English.",
        "examples": {
          "beginner": "We say \"규정\" in Korean.",
          "intermediate": "In Korea, people often say \"규정\".",
          "advanced": "\"규정\" is an important expression in Korean.",
          "master": "Understanding the cultural context of \"규정\" makes communication more natural."
        },
        "variations": {
          "formal": [
            "It is regulation.",
            "There is regulation."
          ],
          "casual": [
            "It's regulation.",
            "regulation, you know."
          ],
          "short": [
            "regulation"
          ]
        },
        "dialogue": {
          "context": "In daily conversation",
          "dialogue": [
            {
              "speaker": "A",
              "text": "What is \"규정\"?",
              "romanization": "",
              "translation": "규정이/가 뭐예요?"
            },
            {
              "speaker": "B",
              "text": "\"규정\" means \"regulation\".",
              "romanization": "",
              "translation": "규정은/는 regulation(이)에요."
            }
          ]
        }
      }
    },
    "pronunciation": {
      "korean": "[규정]",
      "ipa": "[gyujeong]"
    }
  }
]