[
  {
    "id": "suhak",
    "korean": "수학",
    "romanization": "suhak",
    "pronunciation": {
      "korean": "[수학]",
      "ipa": "[suɦak]"
    },
    "partOfSpeech": "noun",
    "categoryId": "math",
    "difficulty": "beginner",
    "frequency": "common",
    "tags": [
      "math",
      "science",
      "study"
    ],
    "translations": {
      "ko": {
        "word": "수학",
        "explanation": "수, 양, 구조, 공간 등을 연구하는 학문. 논리와 패턴을 다룬다.",
        "examples": {
          "beginner": "수학을/를 배워요.",
          "intermediate": "수학이/가 어려워요.",
          "advanced": "수학은/는 수학의 기본 개념입니다.",
          "master": "수학의 원리를 이해하면 수학적 사고력이 향상됩니다."
        },
        "variations": {
          "formal": [
            "수학입니다",
            "산수",
            "수리"
          ],
          "casual": [
            "수학~",
            "수학 해?"
          ],
          "short": [
            "수학",
            "math"
          ]
        },
        "dialogue": {
          "context": "수학 공부를 하며",
          "dialogue": [
            {
              "speaker": "A",
              "text": "수학 어떤 부분 공부해요?",
              "romanization": "suhak eotteon bubun gongbuhaeyo?",
              "translation": "What part of math are you studying?"
            },
            {
              "speaker": "B",
              "text": "수학을/를 공부하고 있어요.",
              "romanization": "suhakeul/reul gongbuhago iseoyo.",
              "translation": "I'm studying mathematics / math."
            },
            {
              "speaker": "A",
              "text": "어때요?",
              "romanization": "eottaeyo?",
              "translation": "How is it?"
            },
            {
              "speaker": "B",
              "text": "점점 이해되고 있어요.",
              "romanization": "jeomjeom ihaedoego iseoyo.",
              "translation": "I'm starting to understand it."
            }
          ]
        }
      },
      "en": {
        "word": "Mathematics / Math",
        "explanation": "The study of numbers, quantity, structure, space, etc. Deals with logic and patterns.",
        "examples": {
          "beginner": "I learn mathematics / math.",
          "intermediate": "Mathematics / Math is difficult.",
          "advanced": "Mathematics / Math is a fundamental concept in mathematics.",
          "master": "Understanding the principles of mathematics / math improves mathematical thinking."
        },
        "variations": {
          "formal": [
            "It is mathematics",
            "Arithmetic",
            "Mathematical science"
          ],
          "casual": [
            "Math~",
            "Do math?"
          ],
          "short": [
            "Math",
            "Maths"
          ]
        },
        "dialogue": {
          "context": "Studying math",
          "dialogue": [
            {
              "speaker": "A",
              "text": "What part of math are you studying?",
              "romanization": "",
              "translation": "수학 어떤 부분 공부해요?"
            },
            {
              "speaker": "B",
              "text": "I'm studying mathematics / math.",
              "romanization": "",
              "translation": "수학을/를 공부하고 있어요."
            },
            {
              "speaker": "A",
              "text": "How is it?",
              "romanization": "",
              "translation": "어때요?"
            },
            {
              "speaker": "B",
              "text": "I'm starting to understand it.",
              "romanization": "",
              "translation": "점점 이해되고 있어요."
            }
          ]
        }
      }
    }
  },
  {
    "id": "su",
    "korean": "수",
    "romanization": "su",
    "pronunciation": {
      "korean": "[수]",
      "ipa": "[su]"
    },
    "partOfSpeech": "noun",
    "categoryId": "math",
    "difficulty": "beginner",
    "frequency": "common",
    "tags": [
      "math",
      "number",
      "basic"
    ],
    "translations": {
      "ko": {
        "word": "수",
        "explanation": "사물의 개수나 양을 나타내는 기호. 1, 2, 3과 같은 숫자.",
        "examples": {
          "beginner": "수을/를 배워요.",
          "intermediate": "수이/가 어려워요.",
          "advanced": "수은/는 수학의 기본 개념입니다.",
          "master": "수의 원리를 이해하면 수학적 사고력이 향상됩니다."
        },
        "variations": {
          "formal": [
            "수입니다",
            "숫자",
            "번호"
          ],
          "casual": [
            "수~",
            "수로"
          ],
          "short": [
            "수",
            "number"
          ]
        },
        "dialogue": {
          "context": "수학 공부를 하며",
          "dialogue": [
            {
              "speaker": "A",
              "text": "수학 어떤 부분 공부해요?",
              "romanization": "suhak eotteon bubun gongbuhaeyo?",
              "translation": "What part of math are you studying?"
            },
            {
              "speaker": "B",
              "text": "수을/를 공부하고 있어요.",
              "romanization": "sueul/reul gongbuhago iseoyo.",
              "translation": "I'm studying number."
            },
            {
              "speaker": "A",
              "text": "어때요?",
              "romanization": "eottaeyo?",
              "translation": "How is it?"
            },
            {
              "speaker": "B",
              "text": "점점 이해되고 있어요.",
              "romanization": "jeomjeom ihaedoego iseoyo.",
              "translation": "I'm starting to understand it."
            }
          ]
        }
      },
      "en": {
        "word": "Number",
        "explanation": "A symbol representing the quantity or amount of things. Numerals like 1, 2, 3.",
        "examples": {
          "beginner": "I learn number.",
          "intermediate": "Number is difficult.",
          "advanced": "Number is a fundamental concept in mathematics.",
          "master": "Understanding the principles of number improves mathematical thinking."
        },
        "variations": {
          "formal": [
            "It is a number",
            "Numeral",
            "Digit"
          ],
          "casual": [
            "Number~",
            "By number"
          ],
          "short": [
            "Number",
            "Num"
          ]
        },
        "dialogue": {
          "context": "Studying math",
          "dialogue": [
            {
              "speaker": "A",
              "text": "What part of math are you studying?",
              "romanization": "",
              "translation": "수학 어떤 부분 공부해요?"
            },
            {
              "speaker": "B",
              "text": "I'm studying number.",
              "romanization": "",
              "translation": "수을/를 공부하고 있어요."
            },
            {
              "speaker": "A",
              "text": "How is it?",
              "romanization": "",
              "translation": "어때요?"
            },
            {
              "speaker": "B",
              "text": "I'm starting to understand it.",
              "romanization": "",
              "translation": "점점 이해되고 있어요."
            }
          ]
        }
      }
    }
  },
  {
    "id": "deotсem",
    "korean": "덧셈",
    "romanization": "deotsem",
    "pronunciation": {
      "korean": "[덧셈]",
      "ipa": "[tʌtːsem]"
    },
    "partOfSpeech": "noun",
    "categoryId": "math",
    "difficulty": "beginner",
    "frequency": "common",
    "tags": [
      "math",
      "operation",
      "addition"
    ],
    "translations": {
      "ko": {
        "word": "덧셈",
        "explanation": "두 수를 더하는 계산. + 기호를 사용한다.",
        "examples": {
          "beginner": "덧셈을/를 배워요.",
          "intermediate": "덧셈이/가 어려워요.",
          "advanced": "덧셈은/는 수학의 기본 개념입니다.",
          "master": "덧셈의 원리를 이해하면 수학적 사고력이 향상됩니다."
        },
        "variations": {
          "formal": [
            "덧셈입니다",
            "가산",
            "합산"
          ],
          "casual": [
            "덧셈~",
            "더하기"
          ],
          "short": [
            "덧셈",
            "addition"
          ]
        },
        "dialogue": {
          "context": "수학 공부를 하며",
          "dialogue": [
            {
              "speaker": "A",
              "text": "수학 어떤 부분 공부해요?",
              "romanization": "suhak eotteon bubun gongbuhaeyo?",
              "translation": "What part of math are you studying?"
            },
            {
              "speaker": "B",
              "text": "덧셈을/를 공부하고 있어요.",
              "romanization": "deossemeul/reul gongbuhago iseoyo.",
              "translation": "I'm studying addition."
            },
            {
              "speaker": "A",
              "text": "어때요?",
              "romanization": "eottaeyo?",
              "translation": "How is it?"
            },
            {
              "speaker": "B",
              "text": "점점 이해되고 있어요.",
              "romanization": "jeomjeom ihaedoego iseoyo.",
              "translation": "I'm starting to understand it."
            }
          ]
        }
      },
      "en": {
        "word": "Addition",
        "explanation": "Calculation of adding two numbers. Uses the + symbol.",
        "examples": {
          "beginner": "I learn addition.",
          "intermediate": "Addition is difficult.",
          "advanced": "Addition is a fundamental concept in mathematics.",
          "master": "Understanding the principles of addition improves mathematical thinking."
        },
        "variations": {
          "formal": [
            "It is addition",
            "Summation",
            "Plus"
          ],
          "casual": [
            "Addition~",
            "Plus"
          ],
          "short": [
            "Addition",
            "Add"
          ]
        },
        "dialogue": {
          "context": "Studying math",
          "dialogue": [
            {
              "speaker": "A",
              "text": "What part of math are you studying?",
              "romanization": "",
              "translation": "수학 어떤 부분 공부해요?"
            },
            {
              "speaker": "B",
              "text": "I'm studying addition.",
              "romanization": "",
              "translation": "덧셈을/를 공부하고 있어요."
            },
            {
              "speaker": "A",
              "text": "How is it?",
              "romanization": "",
              "translation": "어때요?"
            },
            {
              "speaker": "B",
              "text": "I'm starting to understand it.",
              "romanization": "",
              "translation": "점점 이해되고 있어요."
            }
          ]
        }
      }
    }
  },
  {
    "id": "bbaelsem",
    "korean": "뺄셈",
    "romanization": "ppaelsem",
    "pronunciation": {
      "korean": "[뺄셈]",
      "ipa": "[pːɛlsem]"
    },
    "partOfSpeech": "noun",
    "categoryId": "math",
    "difficulty": "beginner",
    "frequency": "common",
    "tags": [
      "math",
      "operation",
      "subtraction"
    ],
    "translations": {
      "ko": {
        "word": "뺄셈",
        "explanation": "한 수에서 다른 수를 빼는 계산. - 기호를 사용한다.",
        "examples": {
          "beginner": "뺄셈을/를 배워요.",
          "intermediate": "뺄셈이/가 어려워요.",
          "advanced": "뺄셈은/는 수학의 기본 개념입니다.",
          "master": "뺄셈의 원리를 이해하면 수학적 사고력이 향상됩니다."
        },
        "variations": {
          "formal": [
            "뺄셈입니다",
            "감산",
            "차"
          ],
          "casual": [
            "뺄셈~",
            "빼기"
          ],
          "short": [
            "뺄셈",
            "subtraction"
          ]
        },
        "dialogue": {
          "context": "수학 공부를 하며",
          "dialogue": [
            {
              "speaker": "A",
              "text": "수학 어떤 부분 공부해요?",
              "romanization": "suhak eotteon bubun gongbuhaeyo?",
              "translation": "What part of math are you studying?"
            },
            {
              "speaker": "B",
              "text": "뺄셈을/를 공부하고 있어요.",
              "romanization": "ppaelsemeul/reul gongbuhago iseoyo.",
              "translation": "I'm studying subtraction."
            },
            {
              "speaker": "A",
              "text": "어때요?",
              "romanization": "eottaeyo?",
              "translation": "How is it?"
            },
            {
              "speaker": "B",
              "text": "점점 이해되고 있어요.",
              "romanization": "jeomjeom ihaedoego iseoyo.",
              "translation": "I'm starting to understand it."
            }
          ]
        }
      },
      "en": {
        "word": "Subtraction",
        "explanation": "Calculation of taking one number from another. Uses the - symbol.",
        "examples": {
          "beginner": "I learn subtraction.",
          "intermediate": "Subtraction is difficult.",
          "advanced": "Subtraction is a fundamental concept in mathematics.",
          "master": "Understanding the principles of subtraction improves mathematical thinking."
        },
        "variations": {
          "formal": [
            "It is subtraction",
            "Minus",
            "Difference"
          ],
          "casual": [
            "Subtraction~",
            "Minus"
          ],
          "short": [
            "Subtraction",
            "Sub"
          ]
        },
        "dialogue": {
          "context": "Studying math",
          "dialogue": [
            {
              "speaker": "A",
              "text": "What part of math are you studying?",
              "romanization": "",
              "translation": "수학 어떤 부분 공부해요?"
            },
            {
              "speaker": "B",
              "text": "I'm studying subtraction.",
              "romanization": "",
              "translation": "뺄셈을/를 공부하고 있어요."
            },
            {
              "speaker": "A",
              "text": "How is it?",
              "romanization": "",
              "translation": "어때요?"
            },
            {
              "speaker": "B",
              "text": "I'm starting to understand it.",
              "romanization": "",
              "translation": "점점 이해되고 있어요."
            }
          ]
        }
      }
    }
  },
  {
    "id": "gopsem",
    "korean": "곱셈",
    "romanization": "gopsem",
    "pronunciation": {
      "korean": "[곱셈]",
      "ipa": "[kopsem]"
    },
    "partOfSpeech": "noun",
    "categoryId": "math",
    "difficulty": "beginner",
    "frequency": "common",
    "tags": [
      "math",
      "operation",
      "multiplication"
    ],
    "translations": {
      "ko": {
        "word": "곱셈",
        "explanation": "한 수를 다른 수만큼 반복해서 더하는 계산. × 기호를 사용한다.",
        "examples": {
          "beginner": "곱셈을/를 배워요.",
          "intermediate": "곱셈이/가 어려워요.",
          "advanced": "곱셈은/는 수학의 기본 개념입니다.",
          "master": "곱셈의 원리를 이해하면 수학적 사고력이 향상됩니다."
        },
        "variations": {
          "formal": [
            "곱셈입니다",
            "승산",
            "적"
          ],
          "casual": [
            "곱셈~",
            "곱하기"
          ],
          "short": [
            "곱셈",
            "multiplication"
          ]
        },
        "dialogue": {
          "context": "수학 공부를 하며",
          "dialogue": [
            {
              "speaker": "A",
              "text": "수학 어떤 부분 공부해요?",
              "romanization": "suhak eotteon bubun gongbuhaeyo?",
              "translation": "What part of math are you studying?"
            },
            {
              "speaker": "B",
              "text": "곱셈을/를 공부하고 있어요.",
              "romanization": "gopsemeul/reul gongbuhago iseoyo.",
              "translation": "I'm studying multiplication."
            },
            {
              "speaker": "A",
              "text": "어때요?",
              "romanization": "eottaeyo?",
              "translation": "How is it?"
            },
            {
              "speaker": "B",
              "text": "점점 이해되고 있어요.",
              "romanization": "jeomjeom ihaedoego iseoyo.",
              "translation": "I'm starting to understand it."
            }
          ]
        }
      },
      "en": {
        "word": "Multiplication",
        "explanation": "Calculation of repeatedly adding one number by another number. Uses the × symbol.",
        "examples": {
          "beginner": "I learn multiplication.",
          "intermediate": "Multiplication is difficult.",
          "advanced": "Multiplication is a fundamental concept in mathematics.",
          "master": "Understanding the principles of multiplication improves mathematical thinking."
        },
        "variations": {
          "formal": [
            "It is multiplication",
            "Times",
            "Product"
          ],
          "casual": [
            "Multiplication~",
            "Times"
          ],
          "short": [
            "Multiplication",
            "Mult"
          ]
        },
        "dialogue": {
          "context": "Studying math",
          "dialogue": [
            {
              "speaker": "A",
              "text": "What part of math are you studying?",
              "romanization": "",
              "translation": "수학 어떤 부분 공부해요?"
            },
            {
              "speaker": "B",
              "text": "I'm studying multiplication.",
              "romanization": "",
              "translation": "곱셈을/를 공부하고 있어요."
            },
            {
              "speaker": "A",
              "text": "How is it?",
              "romanization": "",
              "translation": "어때요?"
            },
            {
              "speaker": "B",
              "text": "I'm starting to understand it.",
              "romanization": "",
              "translation": "점점 이해되고 있어요."
            }
          ]
        }
      }
    }
  },
  {
    "id": "nanutсem",
    "korean": "나눗셈",
    "romanization": "nanutsem",
    "pronunciation": {
      "korean": "[나눗셈]",
      "ipa": "[nanutːsem]"
    },
    "partOfSpeech": "noun",
    "categoryId": "math",
    "difficulty": "beginner",
    "frequency": "common",
    "tags": [
      "math",
      "operation",
      "division"
    ],
    "translations": {
      "ko": {
        "word": "나눗셈",
        "explanation": "한 수를 다른 수로 나누는 계산. ÷ 기호를 사용한다.",
        "examples": {
          "beginner": "나눗셈을/를 배워요.",
          "intermediate": "나눗셈이/가 어려워요.",
          "advanced": "나눗셈은/는 수학의 기본 개념입니다.",
          "master": "나눗셈의 원리를 이해하면 수학적 사고력이 향상됩니다."
        },
        "variations": {
          "formal": [
            "나눗셈입니다",
            "제산",
            "몫"
          ],
          "casual": [
            "나눗셈~",
            "나누기"
          ],
          "short": [
            "나눗셈",
            "division"
          ]
        },
        "dialogue": {
          "context": "수학 공부를 하며",
          "dialogue": [
            {
              "speaker": "A",
              "text": "수학 어떤 부분 공부해요?",
              "romanization": "suhak eotteon bubun gongbuhaeyo?",
              "translation": "What part of math are you studying?"
            },
            {
              "speaker": "B",
              "text": "나눗셈을/를 공부하고 있어요.",
              "romanization": "nanussemeul/reul gongbuhago iseoyo.",
              "translation": "I'm studying division."
            },
            {
              "speaker": "A",
              "text": "어때요?",
              "romanization": "eottaeyo?",
              "translation": "How is it?"
            },
            {
              "speaker": "B",
              "text": "점점 이해되고 있어요.",
              "romanization": "jeomjeom ihaedoego iseoyo.",
              "translation": "I'm starting to understand it."
            }
          ]
        }
      },
      "en": {
        "word": "Division",
        "explanation": "Calculation of dividing one number by another. Uses the ÷ symbol.",
        "examples": {
          "beginner": "I learn division.",
          "intermediate": "Division is difficult.",
          "advanced": "Division is a fundamental concept in mathematics.",
          "master": "Understanding the principles of division improves mathematical thinking."
        },
        "variations": {
          "formal": [
            "It is division",
            "Quotient",
            "Divide"
          ],
          "casual": [
            "Division~",
            "Divided by"
          ],
          "short": [
            "Division",
            "Div"
          ]
        },
        "dialogue": {
          "context": "Studying math",
          "dialogue": [
            {
              "speaker": "A",
              "text": "What part of math are you studying?",
              "romanization": "",
              "translation": "수학 어떤 부분 공부해요?"
            },
            {
              "speaker": "B",
              "text": "I'm studying division.",
              "romanization": "",
              "translation": "나눗셈을/를 공부하고 있어요."
            },
            {
              "speaker": "A",
              "text": "How is it?",
              "romanization": "",
              "translation": "어때요?"
            },
            {
              "speaker": "B",
              "text": "I'm starting to understand it.",
              "romanization": "",
              "translation": "점점 이해되고 있어요."
            }
          ]
        }
      }
    }
  },
  {
    "id": "bunsu",
    "korean": "분수",
    "romanization": "bunsu",
    "pronunciation": {
      "korean": "[분수]",
      "ipa": "[punsu]"
    },
    "partOfSpeech": "noun",
    "categoryId": "math",
    "difficulty": "intermediate",
    "frequency": "common",
    "tags": [
      "math",
      "fraction",
      "number"
    ],
    "translations": {
      "ko": {
        "word": "분수",
        "explanation": "전체를 여러 부분으로 나눈 것 중 일부를 나타내는 수. 1/2, 3/4 같은 형태.",
        "examples": {
          "beginner": "분수을/를 배워요.",
          "intermediate": "분수이/가 어려워요.",
          "advanced": "분수은/는 수학의 기본 개념입니다.",
          "master": "분수의 원리를 이해하면 수학적 사고력이 향상됩니다."
        },
        "variations": {
          "formal": [
            "분수입니다",
            "유리수",
            "비율"
          ],
          "casual": [
            "분수~",
            "분수로"
          ],
          "short": [
            "분수",
            "fraction"
          ]
        },
        "dialogue": {
          "context": "수학 공부를 하며",
          "dialogue": [
            {
              "speaker": "A",
              "text": "수학 어떤 부분 공부해요?",
              "romanization": "suhak eotteon bubun gongbuhaeyo?",
              "translation": "What part of math are you studying?"
            },
            {
              "speaker": "B",
              "text": "분수을/를 공부하고 있어요.",
              "romanization": "bunsueul/reul gongbuhago iseoyo.",
              "translation": "I'm studying fraction."
            },
            {
              "speaker": "A",
              "text": "어때요?",
              "romanization": "eottaeyo?",
              "translation": "How is it?"
            },
            {
              "speaker": "B",
              "text": "점점 이해되고 있어요.",
              "romanization": "jeomjeom ihaedoego iseoyo.",
              "translation": "I'm starting to understand it."
            }
          ]
        }
      },
      "en": {
        "word": "Fraction",
        "explanation": "A number representing a part of a whole divided into several parts. Forms like 1/2, 3/4.",
        "examples": {
          "beginner": "I learn fraction.",
          "intermediate": "Fraction is difficult.",
          "advanced": "Fraction is a fundamental concept in mathematics.",
          "master": "Understanding the principles of fraction improves mathematical thinking."
        },
        "variations": {
          "formal": [
            "It is a fraction",
            "Rational number",
            "Ratio"
          ],
          "casual": [
            "Fraction~",
            "In fractions"
          ],
          "short": [
            "Fraction",
            "Frac"
          ]
        },
        "dialogue": {
          "context": "Studying math",
          "dialogue": [
            {
              "speaker": "A",
              "text": "What part of math are you studying?",
              "romanization": "",
              "translation": "수학 어떤 부분 공부해요?"
            },
            {
              "speaker": "B",
              "text": "I'm studying fraction.",
              "romanization": "",
              "translation": "분수을/를 공부하고 있어요."
            },
            {
              "speaker": "A",
              "text": "How is it?",
              "romanization": "",
              "translation": "어때요?"
            },
            {
              "speaker": "B",
              "text": "I'm starting to understand it.",
              "romanization": "",
              "translation": "점점 이해되고 있어요."
            }
          ]
        }
      }
    }
  },
  {
    "id": "doхyeong",
    "korean": "도형",
    "romanization": "dohyeong",
    "pronunciation": {
      "korean": "[도형]",
      "ipa": "[tohjʌŋ]"
    },
    "partOfSpeech": "noun",
    "categoryId": "math",
    "difficulty": "beginner",
    "frequency": "common",
    "tags": [
      "math",
      "geometry",
      "shape"
    ],
    "translations": {
      "ko": {
        "word": "도형",
        "explanation": "점, 선, 면으로 이루어진 기하학적 형태. 삼각형, 사각형, 원 등.",
        "examples": {
          "beginner": "도형을/를 배워요.",
          "intermediate": "도형이/가 어려워요.",
          "advanced": "도형은/는 수학의 기본 개념입니다.",
          "master": "도형의 원리를 이해하면 수학적 사고력이 향상됩니다."
        },
        "variations": {
          "formal": [
            "도형입니다",
            "기하 도형",
            "형상"
          ],
          "casual": [
            "도형~",
            "도형으로"
          ],
          "short": [
            "도형",
            "shape"
          ]
        },
        "dialogue": {
          "context": "수학 공부를 하며",
          "dialogue": [
            {
              "speaker": "A",
              "text": "수학 어떤 부분 공부해요?",
              "romanization": "suhak eotteon bubun gongbuhaeyo?",
              "translation": "What part of math are you studying?"
            },
            {
              "speaker": "B",
              "text": "도형을/를 공부하고 있어요.",
              "romanization": "dohyeongeul/reul gongbuhago iseoyo.",
              "translation": "I'm studying shape / figure / geometric shape."
            },
            {
              "speaker": "A",
              "text": "어때요?",
              "romanization": "eottaeyo?",
              "translation": "How is it?"
            },
            {
              "speaker": "B",
              "text": "점점 이해되고 있어요.",
              "romanization": "jeomjeom ihaedoego iseoyo.",
              "translation": "I'm starting to understand it."
            }
          ]
        }
      },
      "en": {
        "word": "Shape / Figure / Geometric Shape",
        "explanation": "A geometric form made of points, lines, and surfaces. Triangles, squares, circles, etc.",
        "examples": {
          "beginner": "I learn shape / figure / geometric shape.",
          "intermediate": "Shape / Figure / Geometric Shape is difficult.",
          "advanced": "Shape / Figure / Geometric Shape is a fundamental concept in mathematics.",
          "master": "Understanding the principles of shape / figure / geometric shape improves mathematical thinking."
        },
        "variations": {
          "formal": [
            "It is a shape",
            "Geometric figure",
            "Form"
          ],
          "casual": [
            "Shape~",
            "As a shape"
          ],
          "short": [
            "Shape",
            "Figure"
          ]
        },
        "dialogue": {
          "context": "Studying math",
          "dialogue": [
            {
              "speaker": "A",
              "text": "What part of math are you studying?",
              "romanization": "",
              "translation": "수학 어떤 부분 공부해요?"
            },
            {
              "speaker": "B",
              "text": "I'm studying shape / figure / geometric shape.",
              "romanization": "",
              "translation": "도형을/를 공부하고 있어요."
            },
            {
              "speaker": "A",
              "text": "How is it?",
              "romanization": "",
              "translation": "어때요?"
            },
            {
              "speaker": "B",
              "text": "I'm starting to understand it.",
              "romanization": "",
              "translation": "점점 이해되고 있어요."
            }
          ]
        }
      }
    }
  },
  {
    "id": "bangjeongsik",
    "korean": "방정식",
    "romanization": "bangjeongsik",
    "pronunciation": {
      "korean": "[방정식]",
      "ipa": "[paŋdʑʌŋɕik]"
    },
    "partOfSpeech": "noun",
    "categoryId": "math",
    "difficulty": "intermediate",
    "frequency": "common",
    "tags": [
      "math",
      "equation",
      "algebra"
    ],
    "translations": {
      "ko": {
        "word": "방정식",
        "explanation": "미지수를 포함한 등식. 'x + 3 = 5'처럼 풀어야 하는 수학 문제.",
        "examples": {
          "beginner": "방정식을/를 배워요.",
          "intermediate": "방정식이/가 어려워요.",
          "advanced": "방정식은/는 수학의 기본 개념입니다.",
          "master": "방정식의 원리를 이해하면 수학적 사고력이 향상됩니다."
        },
        "variations": {
          "formal": [
            "방정식입니다",
            "등식",
            "수식"
          ],
          "casual": [
            "방정식~",
            "방정식으로"
          ],
          "short": [
            "방정식",
            "equation"
          ]
        },
        "dialogue": {
          "context": "수학 공부를 하며",
          "dialogue": [
            {
              "speaker": "A",
              "text": "수학 어떤 부분 공부해요?",
              "romanization": "suhak eotteon bubun gongbuhaeyo?",
              "translation": "What part of math are you studying?"
            },
            {
              "speaker": "B",
              "text": "방정식을/를 공부하고 있어요.",
              "romanization": "bangjeongsikeul/reul gongbuhago iseoyo.",
              "translation": "I'm studying equation."
            },
            {
              "speaker": "A",
              "text": "어때요?",
              "romanization": "eottaeyo?",
              "translation": "How is it?"
            },
            {
              "speaker": "B",
              "text": "점점 이해되고 있어요.",
              "romanization": "jeomjeom ihaedoego iseoyo.",
              "translation": "I'm starting to understand it."
            }
          ]
        }
      },
      "en": {
        "word": "Equation",
        "explanation": "An equality containing unknowns. Math problems to solve like 'x + 3 = 5'.",
        "examples": {
          "beginner": "I learn equation.",
          "intermediate": "Equation is difficult.",
          "advanced": "Equation is a fundamental concept in mathematics.",
          "master": "Understanding the principles of equation improves mathematical thinking."
        },
        "variations": {
          "formal": [
            "It is an equation",
            "Equality",
            "Mathematical expression"
          ],
          "casual": [
            "Equation~",
            "With equation"
          ],
          "short": [
            "Equation",
            "Eq"
          ]
        },
        "dialogue": {
          "context": "Studying math",
          "dialogue": [
            {
              "speaker": "A",
              "text": "What part of math are you studying?",
              "romanization": "",
              "translation": "수학 어떤 부분 공부해요?"
            },
            {
              "speaker": "B",
              "text": "I'm studying equation.",
              "romanization": "",
              "translation": "방정식을/를 공부하고 있어요."
            },
            {
              "speaker": "A",
              "text": "How is it?",
              "romanization": "",
              "translation": "어때요?"
            },
            {
              "speaker": "B",
              "text": "I'm starting to understand it.",
              "romanization": "",
              "translation": "점점 이해되고 있어요."
            }
          ]
        }
      }
    }
  },
  {
    "id": "hwaryul",
    "korean": "확률",
    "romanization": "hwaryul",
    "pronunciation": {
      "korean": "[확률]",
      "ipa": "[hwakɾjul]"
    },
    "partOfSpeech": "noun",
    "categoryId": "math",
    "difficulty": "intermediate",
    "frequency": "common",
    "tags": [
      "math",
      "probability",
      "statistics"
    ],
    "translations": {
      "ko": {
        "word": "확률",
        "explanation": "어떤 사건이 일어날 가능성. 0과 1 사이의 값으로 표현한다.",
        "examples": {
          "beginner": "확률을/를 배워요.",
          "intermediate": "확률이/가 어려워요.",
          "advanced": "확률은/는 수학의 기본 개념입니다.",
          "master": "확률의 원리를 이해하면 수학적 사고력이 향상됩니다."
        },
        "variations": {
          "formal": [
            "확률입니다",
            "개연성",
            "가능성"
          ],
          "casual": [
            "확률~",
            "확률로"
          ],
          "short": [
            "확률",
            "probability"
          ]
        },
        "dialogue": {
          "context": "수학 공부를 하며",
          "dialogue": [
            {
              "speaker": "A",
              "text": "수학 어떤 부분 공부해요?",
              "romanization": "suhak eotteon bubun gongbuhaeyo?",
              "translation": "What part of math are you studying?"
            },
            {
              "speaker": "B",
              "text": "확률을/를 공부하고 있어요.",
              "romanization": "hwakryuleul/reul gongbuhago iseoyo.",
              "translation": "I'm studying probability."
            },
            {
              "speaker": "A",
              "text": "어때요?",
              "romanization": "eottaeyo?",
              "translation": "How is it?"
            },
            {
              "speaker": "B",
              "text": "점점 이해되고 있어요.",
              "romanization": "jeomjeom ihaedoego iseoyo.",
              "translation": "I'm starting to understand it."
            }
          ]
        }
      },
      "en": {
        "word": "Probability",
        "explanation": "The likelihood that an event will occur. Expressed as a value between 0 and 1.",
        "examples": {
          "beginner": "I learn probability.",
          "intermediate": "Probability is difficult.",
          "advanced": "Probability is a fundamental concept in mathematics.",
          "master": "Understanding the principles of probability improves mathematical thinking."
        },
        "variations": {
          "formal": [
            "It is probability",
            "Likelihood",
            "Chance"
          ],
          "casual": [
            "Probability~",
            "By probability"
          ],
          "short": [
            "Probability",
            "Prob"
          ]
        },
        "dialogue": {
          "context": "Studying math",
          "dialogue": [
            {
              "speaker": "A",
              "text": "What part of math are you studying?",
              "romanization": "",
              "translation": "수학 어떤 부분 공부해요?"
            },
            {
              "speaker": "B",
              "text": "I'm studying probability.",
              "romanization": "",
              "translation": "확률을/를 공부하고 있어요."
            },
            {
              "speaker": "A",
              "text": "How is it?",
              "romanization": "",
              "translation": "어때요?"
            },
            {
              "speaker": "B",
              "text": "I'm starting to understand it.",
              "romanization": "",
              "translation": "점점 이해되고 있어요."
            }
          ]
        }
      }
    }
  }
]