[
  {
    "id": "norae",
    "korean": "노래",
    "romanization": "norae",
    "partOfSpeech": "noun",
    "categoryId": "music",
    "difficulty": "beginner",
    "frequency": "common",
    "tags": [
      "music",
      "song",
      "performance"
    ],
    "translations": {
      "ko": {
        "word": "노래",
        "explanation": "목소리로 음악을 표현하는 것. 또는 그렇게 부르는 음악 작품.",
        "examples": {
          "beginner": "노래을/를 들어요.",
          "intermediate": "노래이/가 좋아요.",
          "advanced": "노래은/는 음악에서 중요한 요소입니다.",
          "master": "노래의 이론적 이해는 음악 감상의 깊이를 더합니다."
        },
        "variations": {
          "formal": [
            "노래입니다",
            "가곡",
            "성악"
          ],
          "casual": [
            "노래~",
            "노래 불러?"
          ],
          "short": [
            "노래",
            "song"
          ]
        },
        "dialogue": {
          "context": "음악 취향에 대해 이야기하며",
          "dialogue": [
            {
              "speaker": "A",
              "text": "어떤 음악 좋아해요?",
              "romanization": "eotteon eumak jotahaeyo?",
              "translation": "What kind of music do you like?"
            },
            {
              "speaker": "B",
              "text": "노래을/를 좋아해요.",
              "romanization": "noraeeul/reul jotahaeyo.",
              "translation": "I like song."
            },
            {
              "speaker": "A",
              "text": "추천해 줄 수 있어요?",
              "romanization": "chucheonhae jul su iseoyo?",
              "translation": "Can you recommend something?"
            },
            {
              "speaker": "B",
              "text": "물론이죠!",
              "romanization": "mulronijyo!",
              "translation": "Of course!"
            }
          ]
        }
      },
      "en": {
        "word": "Song",
        "explanation": "Expressing music with one's voice. Or a musical work sung in such manner.",
        "examples": {
          "beginner": "I listen to song.",
          "intermediate": "I like song.",
          "advanced": "Song is an important element in music.",
          "master": "Theoretical understanding of song adds depth to music appreciation."
        },
        "variations": {
          "formal": [
            "It is a song",
            "Art song",
            "Vocal music"
          ],
          "casual": [
            "Song~",
            "Singing?"
          ],
          "short": [
            "Song",
            "Tune"
          ]
        },
        "dialogue": {
          "context": "Talking about music taste",
          "dialogue": [
            {
              "speaker": "A",
              "text": "What kind of music do you like?",
              "romanization": "",
              "translation": "어떤 음악 좋아해요?"
            },
            {
              "speaker": "B",
              "text": "I like song.",
              "romanization": "",
              "translation": "노래을/를 좋아해요."
            },
            {
              "speaker": "A",
              "text": "Can you recommend something?",
              "romanization": "",
              "translation": "추천해 줄 수 있어요?"
            },
            {
              "speaker": "B",
              "text": "Of course!",
              "romanization": "",
              "translation": "물론이죠!"
            }
          ]
        }
      }
    },
    "pronunciation": {
      "korean": "[노래]",
      "ipa": "[noɾɛ]"
    }
  },
  {
    "id": "gasu",
    "korean": "가수",
    "romanization": "gasu",
    "pronunciation": {
      "korean": "[가수]",
      "ipa": "[kasu]"
    },
    "partOfSpeech": "noun",
    "categoryId": "music",
    "difficulty": "beginner",
    "frequency": "common",
    "tags": [
      "music",
      "people",
      "profession"
    ],
    "translations": {
      "ko": {
        "word": "가수",
        "explanation": "노래를 직업으로 하는 사람. 싱어, 아티스트.",
        "examples": {
          "beginner": "가수을/를 들어요.",
          "intermediate": "가수이/가 좋아요.",
          "advanced": "가수은/는 음악에서 중요한 요소입니다.",
          "master": "가수의 이론적 이해는 음악 감상의 깊이를 더합니다."
        },
        "variations": {
          "formal": [
            "가수입니다",
            "성악가",
            "아티스트"
          ],
          "casual": [
            "가수~",
            "가수 좋아해?"
          ],
          "short": [
            "가수",
            "singer"
          ]
        },
        "dialogue": {
          "context": "음악 취향에 대해 이야기하며",
          "dialogue": [
            {
              "speaker": "A",
              "text": "어떤 음악 좋아해요?",
              "romanization": "eotteon eumak jotahaeyo?",
              "translation": "What kind of music do you like?"
            },
            {
              "speaker": "B",
              "text": "가수을/를 좋아해요.",
              "romanization": "gasueul/reul jotahaeyo.",
              "translation": "I like singer / artist."
            },
            {
              "speaker": "A",
              "text": "추천해 줄 수 있어요?",
              "romanization": "chucheonhae jul su iseoyo?",
              "translation": "Can you recommend something?"
            },
            {
              "speaker": "B",
              "text": "물론이죠!",
              "romanization": "mulronijyo!",
              "translation": "Of course!"
            }
          ]
        }
      },
      "en": {
        "word": "Singer / Artist",
        "explanation": "A person whose profession is singing. A vocalist, artist.",
        "examples": {
          "beginner": "I listen to singer / artist.",
          "intermediate": "I like singer / artist.",
          "advanced": "Singer / Artist is an important element in music.",
          "master": "Theoretical understanding of singer / artist adds depth to music appreciation."
        },
        "variations": {
          "formal": [
            "It is a singer",
            "Vocalist",
            "Artist"
          ],
          "casual": [
            "Singer~",
            "Like the singer?"
          ],
          "short": [
            "Singer",
            "Artist"
          ]
        },
        "dialogue": {
          "context": "Talking about music taste",
          "dialogue": [
            {
              "speaker": "A",
              "text": "What kind of music do you like?",
              "romanization": "",
              "translation": "어떤 음악 좋아해요?"
            },
            {
              "speaker": "B",
              "text": "I like singer / artist.",
              "romanization": "",
              "translation": "가수을/를 좋아해요."
            },
            {
              "speaker": "A",
              "text": "Can you recommend something?",
              "romanization": "",
              "translation": "추천해 줄 수 있어요?"
            },
            {
              "speaker": "B",
              "text": "Of course!",
              "romanization": "",
              "translation": "물론이죠!"
            }
          ]
        }
      }
    }
  },
  {
    "id": "akgi",
    "korean": "악기",
    "romanization": "akgi",
    "pronunciation": {
      "korean": "[악기]",
      "ipa": "[akːi]"
    },
    "partOfSpeech": "noun",
    "categoryId": "music",
    "difficulty": "beginner",
    "frequency": "common",
    "tags": [
      "music",
      "instrument",
      "tool"
    ],
    "translations": {
      "ko": {
        "word": "악기",
        "explanation": "음악을 연주하는 도구. 피아노, 기타, 바이올린 등.",
        "examples": {
          "beginner": "악기을/를 들어요.",
          "intermediate": "악기이/가 좋아요.",
          "advanced": "악기은/는 음악에서 중요한 요소입니다.",
          "master": "악기의 이론적 이해는 음악 감상의 깊이를 더합니다."
        },
        "variations": {
          "formal": [
            "악기입니다",
            "음악 기구",
            "연주 악기"
          ],
          "casual": [
            "악기~",
            "악기 쳐?"
          ],
          "short": [
            "악기",
            "instrument"
          ]
        },
        "dialogue": {
          "context": "음악 취향에 대해 이야기하며",
          "dialogue": [
            {
              "speaker": "A",
              "text": "어떤 음악 좋아해요?",
              "romanization": "eotteon eumak jotahaeyo?",
              "translation": "What kind of music do you like?"
            },
            {
              "speaker": "B",
              "text": "악기을/를 좋아해요.",
              "romanization": "akgieul/reul jotahaeyo.",
              "translation": "I like musical instrument."
            },
            {
              "speaker": "A",
              "text": "추천해 줄 수 있어요?",
              "romanization": "chucheonhae jul su iseoyo?",
              "translation": "Can you recommend something?"
            },
            {
              "speaker": "B",
              "text": "물론이죠!",
              "romanization": "mulronijyo!",
              "translation": "Of course!"
            }
          ]
        }
      },
      "en": {
        "word": "Musical Instrument",
        "explanation": "A tool for playing music. Piano, guitar, violin, etc.",
        "examples": {
          "beginner": "I listen to musical instrument.",
          "intermediate": "I like musical instrument.",
          "advanced": "Musical Instrument is an important element in music.",
          "master": "Theoretical understanding of musical instrument adds depth to music appreciation."
        },
        "variations": {
          "formal": [
            "It is an instrument",
            "Musical device",
            "Performance instrument"
          ],
          "casual": [
            "Instrument~",
            "Play an instrument?"
          ],
          "short": [
            "Instrument",
            "Inst"
          ]
        },
        "dialogue": {
          "context": "Talking about music taste",
          "dialogue": [
            {
              "speaker": "A",
              "text": "What kind of music do you like?",
              "romanization": "",
              "translation": "어떤 음악 좋아해요?"
            },
            {
              "speaker": "B",
              "text": "I like musical instrument.",
              "romanization": "",
              "translation": "악기을/를 좋아해요."
            },
            {
              "speaker": "A",
              "text": "Can you recommend something?",
              "romanization": "",
              "translation": "추천해 줄 수 있어요?"
            },
            {
              "speaker": "B",
              "text": "Of course!",
              "romanization": "",
              "translation": "물론이죠!"
            }
          ]
        }
      }
    }
  },
  {
    "id": "piano",
    "korean": "피아노",
    "romanization": "piano",
    "partOfSpeech": "noun",
    "categoryId": "music",
    "difficulty": "beginner",
    "frequency": "common",
    "tags": [
      "music",
      "instrument",
      "keyboard"
    ],
    "translations": {
      "ko": {
        "word": "피아노",
        "explanation": "건반을 눌러 소리를 내는 악기. 클래식과 대중음악에 널리 쓰인다.",
        "examples": {
          "beginner": "피아노을/를 들어요.",
          "intermediate": "피아노이/가 좋아요.",
          "advanced": "피아노은/는 음악에서 중요한 요소입니다.",
          "master": "피아노의 이론적 이해는 음악 감상의 깊이를 더합니다."
        },
        "variations": {
          "formal": [
            "피아노입니다",
            "양금",
            "건반악기"
          ],
          "casual": [
            "피아노~",
            "피아노 쳐?"
          ],
          "short": [
            "피아노",
            "piano"
          ]
        },
        "dialogue": {
          "context": "음악 취향에 대해 이야기하며",
          "dialogue": [
            {
              "speaker": "A",
              "text": "어떤 음악 좋아해요?",
              "romanization": "eotteon eumak jotahaeyo?",
              "translation": "What kind of music do you like?"
            },
            {
              "speaker": "B",
              "text": "피아노을/를 좋아해요.",
              "romanization": "pianoeul/reul jotahaeyo.",
              "translation": "I like piano."
            },
            {
              "speaker": "A",
              "text": "추천해 줄 수 있어요?",
              "romanization": "chucheonhae jul su iseoyo?",
              "translation": "Can you recommend something?"
            },
            {
              "speaker": "B",
              "text": "물론이죠!",
              "romanization": "mulronijyo!",
              "translation": "Of course!"
            }
          ]
        }
      },
      "en": {
        "word": "Piano",
        "explanation": "An instrument that produces sound by pressing keys. Widely used in classical and popular music.",
        "examples": {
          "beginner": "I listen to piano.",
          "intermediate": "I like piano.",
          "advanced": "Piano is an important element in music.",
          "master": "Theoretical understanding of piano adds depth to music appreciation."
        },
        "variations": {
          "formal": [
            "It is a piano",
            "Pianoforte",
            "Keyboard instrument"
          ],
          "casual": [
            "Piano~",
            "Play piano?"
          ],
          "short": [
            "Piano",
            "Keys"
          ]
        },
        "dialogue": {
          "context": "Talking about music taste",
          "dialogue": [
            {
              "speaker": "A",
              "text": "What kind of music do you like?",
              "romanization": "",
              "translation": "어떤 음악 좋아해요?"
            },
            {
              "speaker": "B",
              "text": "I like piano.",
              "romanization": "",
              "translation": "피아노을/를 좋아해요."
            },
            {
              "speaker": "A",
              "text": "Can you recommend something?",
              "romanization": "",
              "translation": "추천해 줄 수 있어요?"
            },
            {
              "speaker": "B",
              "text": "Of course!",
              "romanization": "",
              "translation": "물론이죠!"
            }
          ]
        }
      }
    },
    "pronunciation": {
      "korean": "[피아노]",
      "ipa": "[pʰiano]"
    }
  },
  {
    "id": "gita",
    "korean": "기타",
    "romanization": "gita",
    "partOfSpeech": "noun",
    "categoryId": "music",
    "difficulty": "beginner",
    "frequency": "common",
    "tags": [
      "music",
      "instrument",
      "string"
    ],
    "translations": {
      "ko": {
        "word": "기타",
        "explanation": "줄을 튕겨 소리를 내는 현악기. 통기타와 전기기타가 있다.",
        "examples": {
          "beginner": "기타을/를 들어요.",
          "intermediate": "기타이/가 좋아요.",
          "advanced": "기타은/는 음악에서 중요한 요소입니다.",
          "master": "기타의 이론적 이해는 음악 감상의 깊이를 더합니다."
        },
        "variations": {
          "formal": [
            "기타입니다",
            "현악기",
            "육현금"
          ],
          "casual": [
            "기타~",
            "기타 쳐?"
          ],
          "short": [
            "기타",
            "guitar"
          ]
        },
        "dialogue": {
          "context": "음악 취향에 대해 이야기하며",
          "dialogue": [
            {
              "speaker": "A",
              "text": "어떤 음악 좋아해요?",
              "romanization": "eotteon eumak jotahaeyo?",
              "translation": "What kind of music do you like?"
            },
            {
              "speaker": "B",
              "text": "기타을/를 좋아해요.",
              "romanization": "gitaeul/reul jotahaeyo.",
              "translation": "I like guitar."
            },
            {
              "speaker": "A",
              "text": "추천해 줄 수 있어요?",
              "romanization": "chucheonhae jul su iseoyo?",
              "translation": "Can you recommend something?"
            },
            {
              "speaker": "B",
              "text": "물론이죠!",
              "romanization": "mulronijyo!",
              "translation": "Of course!"
            }
          ]
        }
      },
      "en": {
        "word": "Guitar",
        "explanation": "A string instrument that produces sound by plucking strings. Acoustic and electric guitars exist.",
        "examples": {
          "beginner": "I listen to guitar.",
          "intermediate": "I like guitar.",
          "advanced": "Guitar is an important element in music.",
          "master": "Theoretical understanding of guitar adds depth to music appreciation."
        },
        "variations": {
          "formal": [
            "It is a guitar",
            "String instrument",
            "Six-string"
          ],
          "casual": [
            "Guitar~",
            "Play guitar?"
          ],
          "short": [
            "Guitar",
            "Gtr"
          ]
        },
        "dialogue": {
          "context": "Talking about music taste",
          "dialogue": [
            {
              "speaker": "A",
              "text": "What kind of music do you like?",
              "romanization": "",
              "translation": "어떤 음악 좋아해요?"
            },
            {
              "speaker": "B",
              "text": "I like guitar.",
              "romanization": "",
              "translation": "기타을/를 좋아해요."
            },
            {
              "speaker": "A",
              "text": "Can you recommend something?",
              "romanization": "",
              "translation": "추천해 줄 수 있어요?"
            },
            {
              "speaker": "B",
              "text": "Of course!",
              "romanization": "",
              "translation": "물론이죠!"
            }
          ]
        }
      }
    },
    "pronunciation": {
      "korean": "[기타]",
      "ipa": "[kitʰa]"
    }
  },
  {
    "id": "drum",
    "korean": "드럼",
    "romanization": "deureom",
    "partOfSpeech": "noun",
    "categoryId": "music",
    "difficulty": "beginner",
    "frequency": "common",
    "tags": [
      "music",
      "instrument",
      "percussion"
    ],
    "translations": {
      "ko": {
        "word": "드럼",
        "explanation": "손이나 스틱으로 쳐서 소리를 내는 타악기. 밴드에서 리듬을 담당한다.",
        "examples": {
          "beginner": "드럼을/를 들어요.",
          "intermediate": "드럼이/가 좋아요.",
          "advanced": "드럼은/는 음악에서 중요한 요소입니다.",
          "master": "드럼의 이론적 이해는 음악 감상의 깊이를 더합니다."
        },
        "variations": {
          "formal": [
            "드럼입니다",
            "타악기",
            "북"
          ],
          "casual": [
            "드럼~",
            "드럼 쳐?"
          ],
          "short": [
            "드럼",
            "drums"
          ]
        },
        "dialogue": {
          "context": "음악 취향에 대해 이야기하며",
          "dialogue": [
            {
              "speaker": "A",
              "text": "어떤 음악 좋아해요?",
              "romanization": "eotteon eumak jotahaeyo?",
              "translation": "What kind of music do you like?"
            },
            {
              "speaker": "B",
              "text": "드럼을/를 좋아해요.",
              "romanization": "deureomeul/reul jotahaeyo.",
              "translation": "I like drums."
            },
            {
              "speaker": "A",
              "text": "추천해 줄 수 있어요?",
              "romanization": "chucheonhae jul su iseoyo?",
              "translation": "Can you recommend something?"
            },
            {
              "speaker": "B",
              "text": "물론이죠!",
              "romanization": "mulronijyo!",
              "translation": "Of course!"
            }
          ]
        }
      },
      "en": {
        "word": "Drums",
        "explanation": "A percussion instrument played by hitting with hands or sticks. Provides rhythm in a band.",
        "examples": {
          "beginner": "I listen to drums.",
          "intermediate": "I like drums.",
          "advanced": "Drums is an important element in music.",
          "master": "Theoretical understanding of drums adds depth to music appreciation."
        },
        "variations": {
          "formal": [
            "It is drums",
            "Percussion",
            "Drum set"
          ],
          "casual": [
            "Drums~",
            "Play drums?"
          ],
          "short": [
            "Drums",
            "Percussion"
          ]
        },
        "dialogue": {
          "context": "Talking about music taste",
          "dialogue": [
            {
              "speaker": "A",
              "text": "What kind of music do you like?",
              "romanization": "",
              "translation": "어떤 음악 좋아해요?"
            },
            {
              "speaker": "B",
              "text": "I like drums.",
              "romanization": "",
              "translation": "드럼을/를 좋아해요."
            },
            {
              "speaker": "A",
              "text": "Can you recommend something?",
              "romanization": "",
              "translation": "추천해 줄 수 있어요?"
            },
            {
              "speaker": "B",
              "text": "Of course!",
              "romanization": "",
              "translation": "물론이죠!"
            }
          ]
        }
      }
    },
    "pronunciation": {
      "korean": "[드럼]",
      "ipa": "[tɯɾʌm]"
    }
  },
  {
    "id": "concert",
    "korean": "콘서트",
    "romanization": "konseoteu",
    "partOfSpeech": "noun",
    "categoryId": "music",
    "difficulty": "beginner",
    "frequency": "common",
    "tags": [
      "music",
      "performance",
      "event"
    ],
    "translations": {
      "ko": {
        "word": "콘서트",
        "explanation": "가수나 밴드가 관객 앞에서 노래를 부르는 공연. 음악회.",
        "examples": {
          "beginner": "콘서트을/를 들어요.",
          "intermediate": "콘서트이/가 좋아요.",
          "advanced": "콘서트은/는 음악에서 중요한 요소입니다.",
          "master": "콘서트의 이론적 이해는 음악 감상의 깊이를 더합니다."
        },
        "variations": {
          "formal": [
            "콘서트입니다",
            "음악회",
            "공연"
          ],
          "casual": [
            "콘서트~",
            "콘서트 가?"
          ],
          "short": [
            "콘서트",
            "concert"
          ]
        },
        "dialogue": {
          "context": "음악 취향에 대해 이야기하며",
          "dialogue": [
            {
              "speaker": "A",
              "text": "어떤 음악 좋아해요?",
              "romanization": "eotteon eumak jotahaeyo?",
              "translation": "What kind of music do you like?"
            },
            {
              "speaker": "B",
              "text": "콘서트을/를 좋아해요.",
              "romanization": "konseoteueul/reul jotahaeyo.",
              "translation": "I like concert."
            },
            {
              "speaker": "A",
              "text": "추천해 줄 수 있어요?",
              "romanization": "chucheonhae jul su iseoyo?",
              "translation": "Can you recommend something?"
            },
            {
              "speaker": "B",
              "text": "물론이죠!",
              "romanization": "mulronijyo!",
              "translation": "Of course!"
            }
          ]
        }
      },
      "en": {
        "word": "Concert",
        "explanation": "A performance where singers or bands perform in front of an audience. A musical event.",
        "examples": {
          "beginner": "I listen to concert.",
          "intermediate": "I like concert.",
          "advanced": "Concert is an important element in music.",
          "master": "Theoretical understanding of concert adds depth to music appreciation."
        },
        "variations": {
          "formal": [
            "It is a concert",
            "Musical performance",
            "Show"
          ],
          "casual": [
            "Concert~",
            "Going to concert?"
          ],
          "short": [
            "Concert",
            "Show"
          ]
        },
        "dialogue": {
          "context": "Talking about music taste",
          "dialogue": [
            {
              "speaker": "A",
              "text": "What kind of music do you like?",
              "romanization": "",
              "translation": "어떤 음악 좋아해요?"
            },
            {
              "speaker": "B",
              "text": "I like concert.",
              "romanization": "",
              "translation": "콘서트을/를 좋아해요."
            },
            {
              "speaker": "A",
              "text": "Can you recommend something?",
              "romanization": "",
              "translation": "추천해 줄 수 있어요?"
            },
            {
              "speaker": "B",
              "text": "Of course!",
              "romanization": "",
              "translation": "물론이죠!"
            }
          ]
        }
      }
    },
    "pronunciation": {
      "korean": "[콘서트]",
      "ipa": "[kʰonsʌtʰɯ]"
    }
  },
  {
    "id": "rhythm",
    "korean": "리듬",
    "romanization": "rideum",
    "partOfSpeech": "noun",
    "categoryId": "music",
    "difficulty": "intermediate",
    "frequency": "common",
    "tags": [
      "music",
      "theory",
      "beat"
    ],
    "translations": {
      "ko": {
        "word": "리듬",
        "explanation": "음악의 박자와 템포. 규칙적으로 반복되는 소리의 패턴.",
        "examples": {
          "beginner": "리듬을/를 들어요.",
          "intermediate": "리듬이/가 좋아요.",
          "advanced": "리듬은/는 음악에서 중요한 요소입니다.",
          "master": "리듬의 이론적 이해는 음악 감상의 깊이를 더합니다."
        },
        "variations": {
          "formal": [
            "리듬입니다",
            "박자",
            "율동"
          ],
          "casual": [
            "리듬~",
            "리듬 타?"
          ],
          "short": [
            "리듬",
            "rhythm"
          ]
        },
        "dialogue": {
          "context": "음악 취향에 대해 이야기하며",
          "dialogue": [
            {
              "speaker": "A",
              "text": "어떤 음악 좋아해요?",
              "romanization": "eotteon eumak jotahaeyo?",
              "translation": "What kind of music do you like?"
            },
            {
              "speaker": "B",
              "text": "리듬을/를 좋아해요.",
              "romanization": "rideumeul/reul jotahaeyo.",
              "translation": "I like rhythm."
            },
            {
              "speaker": "A",
              "text": "추천해 줄 수 있어요?",
              "romanization": "chucheonhae jul su iseoyo?",
              "translation": "Can you recommend something?"
            },
            {
              "speaker": "B",
              "text": "물론이죠!",
              "romanization": "mulronijyo!",
              "translation": "Of course!"
            }
          ]
        }
      },
      "en": {
        "word": "Rhythm",
        "explanation": "The beat and tempo of music. A regularly repeating pattern of sound.",
        "examples": {
          "beginner": "I listen to rhythm.",
          "intermediate": "I like rhythm.",
          "advanced": "Rhythm is an important element in music.",
          "master": "Theoretical understanding of rhythm adds depth to music appreciation."
        },
        "variations": {
          "formal": [
            "It is rhythm",
            "Beat",
            "Tempo"
          ],
          "casual": [
            "Rhythm~",
            "Feeling the rhythm?"
          ],
          "short": [
            "Rhythm",
            "Beat"
          ]
        },
        "dialogue": {
          "context": "Talking about music taste",
          "dialogue": [
            {
              "speaker": "A",
              "text": "What kind of music do you like?",
              "romanization": "",
              "translation": "어떤 음악 좋아해요?"
            },
            {
              "speaker": "B",
              "text": "I like rhythm.",
              "romanization": "",
              "translation": "리듬을/를 좋아해요."
            },
            {
              "speaker": "A",
              "text": "Can you recommend something?",
              "romanization": "",
              "translation": "추천해 줄 수 있어요?"
            },
            {
              "speaker": "B",
              "text": "Of course!",
              "romanization": "",
              "translation": "물론이죠!"
            }
          ]
        }
      }
    },
    "pronunciation": {
      "korean": "[리듬]",
      "ipa": "[ɾidɯm]"
    }
  },
  {
    "id": "melody",
    "korean": "멜로디",
    "romanization": "mellodi",
    "partOfSpeech": "noun",
    "categoryId": "music",
    "difficulty": "intermediate",
    "frequency": "common",
    "tags": [
      "music",
      "theory",
      "tune"
    ],
    "translations": {
      "ko": {
        "word": "멜로디",
        "explanation": "노래의 주된 음악적 선율. 흥얼거릴 수 있는 곡의 주제.",
        "examples": {
          "beginner": "멜로디을/를 들어요.",
          "intermediate": "멜로디이/가 좋아요.",
          "advanced": "멜로디은/는 음악에서 중요한 요소입니다.",
          "master": "멜로디의 이론적 이해는 음악 감상의 깊이를 더합니다."
        },
        "variations": {
          "formal": [
            "멜로디입니다",
            "선율",
            "가락"
          ],
          "casual": [
            "멜로디~",
            "멜로디 좋아?"
          ],
          "short": [
            "멜로디",
            "melody"
          ]
        },
        "dialogue": {
          "context": "음악 취향에 대해 이야기하며",
          "dialogue": [
            {
              "speaker": "A",
              "text": "어떤 음악 좋아해요?",
              "romanization": "eotteon eumak jotahaeyo?",
              "translation": "What kind of music do you like?"
            },
            {
              "speaker": "B",
              "text": "멜로디을/를 좋아해요.",
              "romanization": "melrodieul/reul jotahaeyo.",
              "translation": "I like melody."
            },
            {
              "speaker": "A",
              "text": "추천해 줄 수 있어요?",
              "romanization": "chucheonhae jul su iseoyo?",
              "translation": "Can you recommend something?"
            },
            {
              "speaker": "B",
              "text": "물론이죠!",
              "romanization": "mulronijyo!",
              "translation": "Of course!"
            }
          ]
        }
      },
      "en": {
        "word": "Melody",
        "explanation": "The main musical line of a song. The theme of a piece that can be hummed.",
        "examples": {
          "beginner": "I listen to melody.",
          "intermediate": "I like melody.",
          "advanced": "Melody is an important element in music.",
          "master": "Theoretical understanding of melody adds depth to music appreciation."
        },
        "variations": {
          "formal": [
            "It is a melody",
            "Musical line",
            "Tune"
          ],
          "casual": [
            "Melody~",
            "Like the melody?"
          ],
          "short": [
            "Melody",
            "Tune"
          ]
        },
        "dialogue": {
          "context": "Talking about music taste",
          "dialogue": [
            {
              "speaker": "A",
              "text": "What kind of music do you like?",
              "romanization": "",
              "translation": "어떤 음악 좋아해요?"
            },
            {
              "speaker": "B",
              "text": "I like melody.",
              "romanization": "",
              "translation": "멜로디을/를 좋아해요."
            },
            {
              "speaker": "A",
              "text": "Can you recommend something?",
              "romanization": "",
              "translation": "추천해 줄 수 있어요?"
            },
            {
              "speaker": "B",
              "text": "Of course!",
              "romanization": "",
              "translation": "물론이죠!"
            }
          ]
        }
      }
    },
    "pronunciation": {
      "korean": "[멜로디]",
      "ipa": "[mellodi]"
    }
  },
  {
    "id": "kpop",
    "korean": "케이팝",
    "romanization": "keipap",
    "partOfSpeech": "noun",
    "categoryId": "music",
    "difficulty": "beginner",
    "frequency": "common",
    "tags": [
      "music",
      "genre",
      "korea"
    ],
    "translations": {
      "ko": {
        "word": "케이팝",
        "explanation": "한국 대중음악. K-pop. 전 세계적으로 인기가 많다.",
        "examples": {
          "beginner": "케이팝을/를 들어요.",
          "intermediate": "케이팝이/가 좋아요.",
          "advanced": "케이팝은/는 음악에서 중요한 요소입니다.",
          "master": "케이팝의 이론적 이해는 음악 감상의 깊이를 더합니다."
        },
        "variations": {
          "formal": [
            "케이팝입니다",
            "한국 대중음악",
            "K-pop"
          ],
          "casual": [
            "케이팝~",
            "케이팝 들어?"
          ],
          "short": [
            "케이팝",
            "K-pop"
          ]
        },
        "dialogue": {
          "context": "음악 취향에 대해 이야기하며",
          "dialogue": [
            {
              "speaker": "A",
              "text": "어떤 음악 좋아해요?",
              "romanization": "eotteon eumak jotahaeyo?",
              "translation": "What kind of music do you like?"
            },
            {
              "speaker": "B",
              "text": "케이팝을/를 좋아해요.",
              "romanization": "keipapeul/reul jotahaeyo.",
              "translation": "I like k-pop."
            },
            {
              "speaker": "A",
              "text": "추천해 줄 수 있어요?",
              "romanization": "chucheonhae jul su iseoyo?",
              "translation": "Can you recommend something?"
            },
            {
              "speaker": "B",
              "text": "물론이죠!",
              "romanization": "mulronijyo!",
              "translation": "Of course!"
            }
          ]
        }
      },
      "en": {
        "word": "K-pop",
        "explanation": "Korean popular music. K-pop. Very popular worldwide.",
        "examples": {
          "beginner": "I listen to k-pop.",
          "intermediate": "I like k-pop.",
          "advanced": "K-pop is an important element in music.",
          "master": "Theoretical understanding of k-pop adds depth to music appreciation."
        },
        "variations": {
          "formal": [
            "It is K-pop",
            "Korean popular music",
            "K-pop"
          ],
          "casual": [
            "K-pop~",
            "Listen to K-pop?"
          ],
          "short": [
            "K-pop",
            "Kpop"
          ]
        },
        "dialogue": {
          "context": "Talking about music taste",
          "dialogue": [
            {
              "speaker": "A",
              "text": "What kind of music do you like?",
              "romanization": "",
              "translation": "어떤 음악 좋아해요?"
            },
            {
              "speaker": "B",
              "text": "I like k-pop.",
              "romanization": "",
              "translation": "케이팝을/를 좋아해요."
            },
            {
              "speaker": "A",
              "text": "Can you recommend something?",
              "romanization": "",
              "translation": "추천해 줄 수 있어요?"
            },
            {
              "speaker": "B",
              "text": "Of course!",
              "romanization": "",
              "translation": "물론이죠!"
            }
          ]
        }
      }
    },
    "pronunciation": {
      "korean": "[케이팝]",
      "ipa": "[kʰeipʰap]"
    }
  }
]