[
  {
    "id": "hana",
    "korean": "하나",
    "romanization": "hana",
    "partOfSpeech": "noun",
    "categoryId": "numbers",
    "difficulty": "beginner",
    "frequency": "common",
    "tags": [
      "number",
      "counting",
      "basic"
    ],
    "translations": {
      "ko": {
        "word": "하나",
        "explanation": "고유어 숫자 1. 물건을 셀 때 사용한다. 한자어 '일(一)'과 대응한다.",
        "examples": {
          "beginner": "하나이에요.",
          "intermediate": "하나개 주세요.",
          "advanced": "하나의 발음과 사용법을 익히는 것이 중요합니다.",
          "master": "한국어 숫자 체계에서 하나의 역할을 이해하면 수량 표현이 자연스러워집니다."
        },
        "dialogue": {
          "context": "물건을 셀 때",
          "dialogue": [
            {
              "speaker": "A",
              "text": "몇 개 드릴까요?",
              "romanization": "myeot gae deurilkkayo?",
              "translation": "How many would you like?"
            },
            {
              "speaker": "B",
              "text": "하나개 주세요.",
              "romanization": "hanagae juseyo.",
              "translation": "One, please."
            },
            {
              "speaker": "A",
              "text": "알겠습니다.",
              "romanization": "algesseupnida.",
              "translation": "Got it."
            },
            {
              "speaker": "B",
              "text": "감사합니다.",
              "romanization": "gamsahapnida.",
              "translation": "Thank you."
            }
          ]
        }
      },
      "en": {
        "word": "One",
        "explanation": "Native Korean number 1. Used for counting objects. Corresponds to Sino-Korean '일(一)'.",
        "examples": {
          "beginner": "It's one.",
          "intermediate": "Give me one, please.",
          "advanced": "Learning the pronunciation and usage of one is important.",
          "master": "Understanding the role of one in Korean number system makes quantity expressions natural."
        },
        "dialogue": {
          "context": "Counting items",
          "dialogue": [
            {
              "speaker": "A",
              "text": "How many would you like?",
              "romanization": "",
              "translation": "몇 개 드릴까요?"
            },
            {
              "speaker": "B",
              "text": "One, please.",
              "romanization": "",
              "translation": "하나개 주세요."
            },
            {
              "speaker": "A",
              "text": "Got it.",
              "romanization": "",
              "translation": "알겠습니다."
            },
            {
              "speaker": "B",
              "text": "Thank you.",
              "romanization": "",
              "translation": "감사합니다."
            }
          ]
        }
      }
    },
    "pronunciation": {
      "korean": "[하나]",
      "ipa": "[hana]"
    }
  },
  {
    "id": "dul",
    "korean": "둘",
    "romanization": "dul",
    "partOfSpeech": "noun",
    "categoryId": "numbers",
    "difficulty": "beginner",
    "frequency": "common",
    "tags": [
      "number",
      "counting",
      "basic"
    ],
    "translations": {
      "ko": {
        "word": "둘",
        "explanation": "고유어 숫자 2. 물건이나 사람을 셀 때 사용한다. 한자어 '이(二)'와 대응한다.",
        "examples": {
          "beginner": "둘이에요.",
          "intermediate": "둘개 주세요.",
          "advanced": "둘의 발음과 사용법을 익히는 것이 중요합니다.",
          "master": "한국어 숫자 체계에서 둘의 역할을 이해하면 수량 표현이 자연스러워집니다."
        },
        "dialogue": {
          "context": "물건을 셀 때",
          "dialogue": [
            {
              "speaker": "A",
              "text": "몇 개 드릴까요?",
              "romanization": "myeot gae deurilkkayo?",
              "translation": "How many would you like?"
            },
            {
              "speaker": "B",
              "text": "둘개 주세요.",
              "romanization": "dulgae juseyo.",
              "translation": "Two, please."
            },
            {
              "speaker": "A",
              "text": "알겠습니다.",
              "romanization": "algesseupnida.",
              "translation": "Got it."
            },
            {
              "speaker": "B",
              "text": "감사합니다.",
              "romanization": "gamsahapnida.",
              "translation": "Thank you."
            }
          ]
        }
      },
      "en": {
        "word": "Two",
        "explanation": "Native Korean number 2. Used for counting objects or people. Corresponds to Sino-Korean '이(二)'.",
        "examples": {
          "beginner": "It's two.",
          "intermediate": "Give me two, please.",
          "advanced": "Learning the pronunciation and usage of two is important.",
          "master": "Understanding the role of two in Korean number system makes quantity expressions natural."
        },
        "dialogue": {
          "context": "Counting items",
          "dialogue": [
            {
              "speaker": "A",
              "text": "How many would you like?",
              "romanization": "",
              "translation": "몇 개 드릴까요?"
            },
            {
              "speaker": "B",
              "text": "Two, please.",
              "romanization": "",
              "translation": "둘개 주세요."
            },
            {
              "speaker": "A",
              "text": "Got it.",
              "romanization": "",
              "translation": "알겠습니다."
            },
            {
              "speaker": "B",
              "text": "Thank you.",
              "romanization": "",
              "translation": "감사합니다."
            }
          ]
        }
      }
    },
    "pronunciation": {
      "korean": "[둘]",
      "ipa": "[tul]"
    }
  },
  {
    "id": "set",
    "korean": "셋",
    "romanization": "set",
    "partOfSpeech": "noun",
    "categoryId": "numbers",
    "difficulty": "beginner",
    "frequency": "common",
    "tags": [
      "number",
      "counting",
      "basic"
    ],
    "translations": {
      "ko": {
        "word": "셋",
        "explanation": "고유어 숫자 3. 물건이나 사람을 셀 때 사용한다. 한자어 '삼(三)'과 대응한다.",
        "examples": {
          "beginner": "셋이에요.",
          "intermediate": "셋개 주세요.",
          "advanced": "셋의 발음과 사용법을 익히는 것이 중요합니다.",
          "master": "한국어 숫자 체계에서 셋의 역할을 이해하면 수량 표현이 자연스러워집니다."
        },
        "dialogue": {
          "context": "물건을 셀 때",
          "dialogue": [
            {
              "speaker": "A",
              "text": "몇 개 드릴까요?",
              "romanization": "myeot gae deurilkkayo?",
              "translation": "How many would you like?"
            },
            {
              "speaker": "B",
              "text": "셋개 주세요.",
              "romanization": "sesgae juseyo.",
              "translation": "Three, please."
            },
            {
              "speaker": "A",
              "text": "알겠습니다.",
              "romanization": "algesseupnida.",
              "translation": "Got it."
            },
            {
              "speaker": "B",
              "text": "감사합니다.",
              "romanization": "gamsahapnida.",
              "translation": "Thank you."
            }
          ]
        }
      },
      "en": {
        "word": "Three",
        "explanation": "Native Korean number 3. Used for counting objects or people. Corresponds to Sino-Korean '삼(三)'.",
        "examples": {
          "beginner": "It's three.",
          "intermediate": "Give me three, please.",
          "advanced": "Learning the pronunciation and usage of three is important.",
          "master": "Understanding the role of three in Korean number system makes quantity expressions natural."
        },
        "dialogue": {
          "context": "Counting items",
          "dialogue": [
            {
              "speaker": "A",
              "text": "How many would you like?",
              "romanization": "",
              "translation": "몇 개 드릴까요?"
            },
            {
              "speaker": "B",
              "text": "Three, please.",
              "romanization": "",
              "translation": "셋개 주세요."
            },
            {
              "speaker": "A",
              "text": "Got it.",
              "romanization": "",
              "translation": "알겠습니다."
            },
            {
              "speaker": "B",
              "text": "Thank you.",
              "romanization": "",
              "translation": "감사합니다."
            }
          ]
        }
      }
    },
    "pronunciation": {
      "korean": "[셋]",
      "ipa": "[set]"
    }
  },
  {
    "id": "net",
    "korean": "넷",
    "romanization": "net",
    "partOfSpeech": "noun",
    "categoryId": "numbers",
    "difficulty": "beginner",
    "frequency": "common",
    "tags": [
      "number",
      "counting",
      "basic"
    ],
    "translations": {
      "ko": {
        "word": "넷",
        "explanation": "고유어 숫자 4. 물건이나 사람을 셀 때 사용한다. 한자어 '사(四)'와 대응한다.",
        "examples": {
          "beginner": "넷이에요.",
          "intermediate": "넷개 주세요.",
          "advanced": "넷의 발음과 사용법을 익히는 것이 중요합니다.",
          "master": "한국어 숫자 체계에서 넷의 역할을 이해하면 수량 표현이 자연스러워집니다."
        },
        "dialogue": {
          "context": "물건을 셀 때",
          "dialogue": [
            {
              "speaker": "A",
              "text": "몇 개 드릴까요?",
              "romanization": "myeot gae deurilkkayo?",
              "translation": "How many would you like?"
            },
            {
              "speaker": "B",
              "text": "넷개 주세요.",
              "romanization": "nesgae juseyo.",
              "translation": "Four, please."
            },
            {
              "speaker": "A",
              "text": "알겠습니다.",
              "romanization": "algesseupnida.",
              "translation": "Got it."
            },
            {
              "speaker": "B",
              "text": "감사합니다.",
              "romanization": "gamsahapnida.",
              "translation": "Thank you."
            }
          ]
        }
      },
      "en": {
        "word": "Four",
        "explanation": "Native Korean number 4. Used for counting objects or people. Corresponds to Sino-Korean '사(四)'.",
        "examples": {
          "beginner": "It's four.",
          "intermediate": "Give me four, please.",
          "advanced": "Learning the pronunciation and usage of four is important.",
          "master": "Understanding the role of four in Korean number system makes quantity expressions natural."
        },
        "dialogue": {
          "context": "Counting items",
          "dialogue": [
            {
              "speaker": "A",
              "text": "How many would you like?",
              "romanization": "",
              "translation": "몇 개 드릴까요?"
            },
            {
              "speaker": "B",
              "text": "Four, please.",
              "romanization": "",
              "translation": "넷개 주세요."
            },
            {
              "speaker": "A",
              "text": "Got it.",
              "romanization": "",
              "translation": "알겠습니다."
            },
            {
              "speaker": "B",
              "text": "Thank you.",
              "romanization": "",
              "translation": "감사합니다."
            }
          ]
        }
      }
    },
    "pronunciation": {
      "korean": "[넷]",
      "ipa": "[net]"
    }
  },
  {
    "id": "daseot",
    "korean": "다섯",
    "romanization": "daseot",
    "partOfSpeech": "noun",
    "categoryId": "numbers",
    "difficulty": "beginner",
    "frequency": "common",
    "tags": [
      "number",
      "counting",
      "basic"
    ],
    "translations": {
      "ko": {
        "word": "다섯",
        "explanation": "고유어 숫자 5. 물건이나 사람을 셀 때 사용한다. 한자어 '오(五)'와 대응한다.",
        "examples": {
          "beginner": "다섯이에요.",
          "intermediate": "다섯개 주세요.",
          "advanced": "다섯의 발음과 사용법을 익히는 것이 중요합니다.",
          "master": "한국어 숫자 체계에서 다섯의 역할을 이해하면 수량 표현이 자연스러워집니다."
        },
        "dialogue": {
          "context": "물건을 셀 때",
          "dialogue": [
            {
              "speaker": "A",
              "text": "몇 개 드릴까요?",
              "romanization": "myeot gae deurilkkayo?",
              "translation": "How many would you like?"
            },
            {
              "speaker": "B",
              "text": "다섯개 주세요.",
              "romanization": "daseosgae juseyo.",
              "translation": "Five, please."
            },
            {
              "speaker": "A",
              "text": "알겠습니다.",
              "romanization": "algesseupnida.",
              "translation": "Got it."
            },
            {
              "speaker": "B",
              "text": "감사합니다.",
              "romanization": "gamsahapnida.",
              "translation": "Thank you."
            }
          ]
        }
      },
      "en": {
        "word": "Five",
        "explanation": "Native Korean number 5. Used for counting objects or people. Corresponds to Sino-Korean '오(五)'.",
        "examples": {
          "beginner": "It's five.",
          "intermediate": "Give me five, please.",
          "advanced": "Learning the pronunciation and usage of five is important.",
          "master": "Understanding the role of five in Korean number system makes quantity expressions natural."
        },
        "dialogue": {
          "context": "Counting items",
          "dialogue": [
            {
              "speaker": "A",
              "text": "How many would you like?",
              "romanization": "",
              "translation": "몇 개 드릴까요?"
            },
            {
              "speaker": "B",
              "text": "Five, please.",
              "romanization": "",
              "translation": "다섯개 주세요."
            },
            {
              "speaker": "A",
              "text": "Got it.",
              "romanization": "",
              "translation": "알겠습니다."
            },
            {
              "speaker": "B",
              "text": "Thank you.",
              "romanization": "",
              "translation": "감사합니다."
            }
          ]
        }
      }
    },
    "pronunciation": {
      "korean": "[다섯]",
      "ipa": "[tasʌt]"
    }
  },
  {
    "id": "yeoseot",
    "korean": "여섯",
    "romanization": "yeoseot",
    "partOfSpeech": "noun",
    "categoryId": "numbers",
    "difficulty": "beginner",
    "frequency": "common",
    "tags": [
      "number",
      "counting",
      "basic"
    ],
    "translations": {
      "ko": {
        "word": "여섯",
        "explanation": "고유어 숫자 6. 물건이나 사람을 셀 때 사용한다. 한자어 '육(六)'과 대응한다.",
        "examples": {
          "beginner": "여섯이에요.",
          "intermediate": "여섯개 주세요.",
          "advanced": "여섯의 발음과 사용법을 익히는 것이 중요합니다.",
          "master": "한국어 숫자 체계에서 여섯의 역할을 이해하면 수량 표현이 자연스러워집니다."
        },
        "dialogue": {
          "context": "물건을 셀 때",
          "dialogue": [
            {
              "speaker": "A",
              "text": "몇 개 드릴까요?",
              "romanization": "myeot gae deurilkkayo?",
              "translation": "How many would you like?"
            },
            {
              "speaker": "B",
              "text": "여섯개 주세요.",
              "romanization": "yeoseosgae juseyo.",
              "translation": "Six, please."
            },
            {
              "speaker": "A",
              "text": "알겠습니다.",
              "romanization": "algesseupnida.",
              "translation": "Got it."
            },
            {
              "speaker": "B",
              "text": "감사합니다.",
              "romanization": "gamsahapnida.",
              "translation": "Thank you."
            }
          ]
        }
      },
      "en": {
        "word": "Six",
        "explanation": "Native Korean number 6. Used for counting objects or people. Corresponds to Sino-Korean '육(六)'.",
        "examples": {
          "beginner": "It's six.",
          "intermediate": "Give me six, please.",
          "advanced": "Learning the pronunciation and usage of six is important.",
          "master": "Understanding the role of six in Korean number system makes quantity expressions natural."
        },
        "dialogue": {
          "context": "Counting items",
          "dialogue": [
            {
              "speaker": "A",
              "text": "How many would you like?",
              "romanization": "",
              "translation": "몇 개 드릴까요?"
            },
            {
              "speaker": "B",
              "text": "Six, please.",
              "romanization": "",
              "translation": "여섯개 주세요."
            },
            {
              "speaker": "A",
              "text": "Got it.",
              "romanization": "",
              "translation": "알겠습니다."
            },
            {
              "speaker": "B",
              "text": "Thank you.",
              "romanization": "",
              "translation": "감사합니다."
            }
          ]
        }
      }
    },
    "pronunciation": {
      "korean": "[여섯]",
      "ipa": "[jʌsʌt]"
    }
  },
  {
    "id": "ilgop",
    "korean": "일곱",
    "romanization": "ilgop",
    "partOfSpeech": "noun",
    "categoryId": "numbers",
    "difficulty": "beginner",
    "frequency": "common",
    "tags": [
      "number",
      "counting",
      "basic"
    ],
    "translations": {
      "ko": {
        "word": "일곱",
        "explanation": "고유어 숫자 7. 물건이나 사람을 셀 때 사용한다. 한자어 '칠(七)'과 대응한다.",
        "examples": {
          "beginner": "일곱이에요.",
          "intermediate": "일곱개 주세요.",
          "advanced": "일곱의 발음과 사용법을 익히는 것이 중요합니다.",
          "master": "한국어 숫자 체계에서 일곱의 역할을 이해하면 수량 표현이 자연스러워집니다."
        },
        "dialogue": {
          "context": "물건을 셀 때",
          "dialogue": [
            {
              "speaker": "A",
              "text": "몇 개 드릴까요?",
              "romanization": "myeot gae deurilkkayo?",
              "translation": "How many would you like?"
            },
            {
              "speaker": "B",
              "text": "일곱개 주세요.",
              "romanization": "ilgopgae juseyo.",
              "translation": "Seven, please."
            },
            {
              "speaker": "A",
              "text": "알겠습니다.",
              "romanization": "algesseupnida.",
              "translation": "Got it."
            },
            {
              "speaker": "B",
              "text": "감사합니다.",
              "romanization": "gamsahapnida.",
              "translation": "Thank you."
            }
          ]
        }
      },
      "en": {
        "word": "Seven",
        "explanation": "Native Korean number 7. Used for counting objects or people. Corresponds to Sino-Korean '칠(七)'.",
        "examples": {
          "beginner": "It's seven.",
          "intermediate": "Give me seven, please.",
          "advanced": "Learning the pronunciation and usage of seven is important.",
          "master": "Understanding the role of seven in Korean number system makes quantity expressions natural."
        },
        "dialogue": {
          "context": "Counting items",
          "dialogue": [
            {
              "speaker": "A",
              "text": "How many would you like?",
              "romanization": "",
              "translation": "몇 개 드릴까요?"
            },
            {
              "speaker": "B",
              "text": "Seven, please.",
              "romanization": "",
              "translation": "일곱개 주세요."
            },
            {
              "speaker": "A",
              "text": "Got it.",
              "romanization": "",
              "translation": "알겠습니다."
            },
            {
              "speaker": "B",
              "text": "Thank you.",
              "romanization": "",
              "translation": "감사합니다."
            }
          ]
        }
      }
    },
    "pronunciation": {
      "korean": "[일곱]",
      "ipa": "[ilɡop]"
    }
  },
  {
    "id": "yeodeol",
    "korean": "여덟",
    "romanization": "yeodeol",
    "partOfSpeech": "noun",
    "categoryId": "numbers",
    "difficulty": "beginner",
    "frequency": "common",
    "tags": [
      "number",
      "counting",
      "basic"
    ],
    "translations": {
      "ko": {
        "word": "여덟",
        "explanation": "고유어 숫자 8. 물건이나 사람을 셀 때 사용한다. 한자어 '팔(八)'과 대응한다.",
        "examples": {
          "beginner": "여덟이에요.",
          "intermediate": "여덟개 주세요.",
          "advanced": "여덟의 발음과 사용법을 익히는 것이 중요합니다.",
          "master": "한국어 숫자 체계에서 여덟의 역할을 이해하면 수량 표현이 자연스러워집니다."
        },
        "dialogue": {
          "context": "물건을 셀 때",
          "dialogue": [
            {
              "speaker": "A",
              "text": "몇 개 드릴까요?",
              "romanization": "myeot gae deurilkkayo?",
              "translation": "How many would you like?"
            },
            {
              "speaker": "B",
              "text": "여덟개 주세요.",
              "romanization": "yeodeolgae juseyo.",
              "translation": "Eight, please."
            },
            {
              "speaker": "A",
              "text": "알겠습니다.",
              "romanization": "algesseupnida.",
              "translation": "Got it."
            },
            {
              "speaker": "B",
              "text": "감사합니다.",
              "romanization": "gamsahapnida.",
              "translation": "Thank you."
            }
          ]
        }
      },
      "en": {
        "word": "Eight",
        "explanation": "Native Korean number 8. Used for counting objects or people. Corresponds to Sino-Korean '팔(八)'.",
        "examples": {
          "beginner": "It's eight.",
          "intermediate": "Give me eight, please.",
          "advanced": "Learning the pronunciation and usage of eight is important.",
          "master": "Understanding the role of eight in Korean number system makes quantity expressions natural."
        },
        "dialogue": {
          "context": "Counting items",
          "dialogue": [
            {
              "speaker": "A",
              "text": "How many would you like?",
              "romanization": "",
              "translation": "몇 개 드릴까요?"
            },
            {
              "speaker": "B",
              "text": "Eight, please.",
              "romanization": "",
              "translation": "여덟개 주세요."
            },
            {
              "speaker": "A",
              "text": "Got it.",
              "romanization": "",
              "translation": "알겠습니다."
            },
            {
              "speaker": "B",
              "text": "Thank you.",
              "romanization": "",
              "translation": "감사합니다."
            }
          ]
        }
      }
    },
    "pronunciation": {
      "korean": "[여덟]",
      "ipa": "[jʌdʌl]"
    }
  },
  {
    "id": "ahop",
    "korean": "아홉",
    "romanization": "ahop",
    "partOfSpeech": "noun",
    "categoryId": "numbers",
    "difficulty": "beginner",
    "frequency": "common",
    "tags": [
      "number",
      "counting",
      "basic"
    ],
    "translations": {
      "ko": {
        "word": "아홉",
        "explanation": "고유어 숫자 9. 물건이나 사람을 셀 때 사용한다. 한자어 '구(九)'와 대응한다.",
        "examples": {
          "beginner": "아홉이에요.",
          "intermediate": "아홉개 주세요.",
          "advanced": "아홉의 발음과 사용법을 익히는 것이 중요합니다.",
          "master": "한국어 숫자 체계에서 아홉의 역할을 이해하면 수량 표현이 자연스러워집니다."
        },
        "dialogue": {
          "context": "물건을 셀 때",
          "dialogue": [
            {
              "speaker": "A",
              "text": "몇 개 드릴까요?",
              "romanization": "myeot gae deurilkkayo?",
              "translation": "How many would you like?"
            },
            {
              "speaker": "B",
              "text": "아홉개 주세요.",
              "romanization": "ahopgae juseyo.",
              "translation": "Nine, please."
            },
            {
              "speaker": "A",
              "text": "알겠습니다.",
              "romanization": "algesseupnida.",
              "translation": "Got it."
            },
            {
              "speaker": "B",
              "text": "감사합니다.",
              "romanization": "gamsahapnida.",
              "translation": "Thank you."
            }
          ]
        }
      },
      "en": {
        "word": "Nine",
        "explanation": "Native Korean number 9. Used for counting objects or people. Corresponds to Sino-Korean '구(九)'.",
        "examples": {
          "beginner": "It's nine.",
          "intermediate": "Give me nine, please.",
          "advanced": "Learning the pronunciation and usage of nine is important.",
          "master": "Understanding the role of nine in Korean number system makes quantity expressions natural."
        },
        "dialogue": {
          "context": "Counting items",
          "dialogue": [
            {
              "speaker": "A",
              "text": "How many would you like?",
              "romanization": "",
              "translation": "몇 개 드릴까요?"
            },
            {
              "speaker": "B",
              "text": "Nine, please.",
              "romanization": "",
              "translation": "아홉개 주세요."
            },
            {
              "speaker": "A",
              "text": "Got it.",
              "romanization": "",
              "translation": "알겠습니다."
            },
            {
              "speaker": "B",
              "text": "Thank you.",
              "romanization": "",
              "translation": "감사합니다."
            }
          ]
        }
      }
    },
    "pronunciation": {
      "korean": "[아홉]",
      "ipa": "[ahop]"
    }
  },
  {
    "id": "yeol",
    "korean": "열",
    "romanization": "yeol",
    "partOfSpeech": "noun",
    "categoryId": "numbers",
    "difficulty": "beginner",
    "frequency": "common",
    "tags": [
      "number",
      "counting",
      "basic"
    ],
    "translations": {
      "ko": {
        "word": "열",
        "explanation": "고유어 숫자 10. 물건이나 사람을 셀 때 사용한다. 한자어 '십(十)'과 대응한다.",
        "examples": {
          "beginner": "열이에요.",
          "intermediate": "열개 주세요.",
          "advanced": "열의 발음과 사용법을 익히는 것이 중요합니다.",
          "master": "한국어 숫자 체계에서 열의 역할을 이해하면 수량 표현이 자연스러워집니다."
        },
        "dialogue": {
          "context": "물건을 셀 때",
          "dialogue": [
            {
              "speaker": "A",
              "text": "몇 개 드릴까요?",
              "romanization": "myeot gae deurilkkayo?",
              "translation": "How many would you like?"
            },
            {
              "speaker": "B",
              "text": "열개 주세요.",
              "romanization": "yeolgae juseyo.",
              "translation": "Ten, please."
            },
            {
              "speaker": "A",
              "text": "알겠습니다.",
              "romanization": "algesseupnida.",
              "translation": "Got it."
            },
            {
              "speaker": "B",
              "text": "감사합니다.",
              "romanization": "gamsahapnida.",
              "translation": "Thank you."
            }
          ]
        }
      },
      "en": {
        "word": "Ten",
        "explanation": "Native Korean number 10. Used for counting objects or people. Corresponds to Sino-Korean '십(十)'.",
        "examples": {
          "beginner": "It's ten.",
          "intermediate": "Give me ten, please.",
          "advanced": "Learning the pronunciation and usage of ten is important.",
          "master": "Understanding the role of ten in Korean number system makes quantity expressions natural."
        },
        "dialogue": {
          "context": "Counting items",
          "dialogue": [
            {
              "speaker": "A",
              "text": "How many would you like?",
              "romanization": "",
              "translation": "몇 개 드릴까요?"
            },
            {
              "speaker": "B",
              "text": "Ten, please.",
              "romanization": "",
              "translation": "열개 주세요."
            },
            {
              "speaker": "A",
              "text": "Got it.",
              "romanization": "",
              "translation": "알겠습니다."
            },
            {
              "speaker": "B",
              "text": "Thank you.",
              "romanization": "",
              "translation": "감사합니다."
            }
          ]
        }
      }
    },
    "pronunciation": {
      "korean": "[열]",
      "ipa": "[jʌl]"
    }
  },
  {
    "id": "il-one",
    "korean": "일",
    "romanization": "il",
    "partOfSpeech": "noun",
    "categoryId": "numbers",
    "difficulty": "beginner",
    "frequency": "common",
    "tags": [
      "number",
      "sino-korean",
      "basic"
    ],
    "translations": {
      "ko": {
        "word": "일",
        "explanation": "한자어 숫자 1. 전화번호, 날짜, 가격 등을 말할 때 사용한다.",
        "examples": {
          "beginner": "일이에요.",
          "intermediate": "일개 주세요.",
          "advanced": "일의 발음과 사용법을 익히는 것이 중요합니다.",
          "master": "한국어 숫자 체계에서 일의 역할을 이해하면 수량 표현이 자연스러워집니다."
        },
        "dialogue": {
          "context": "물건을 셀 때",
          "dialogue": [
            {
              "speaker": "A",
              "text": "몇 개 드릴까요?",
              "romanization": "myeot gae deurilkkayo?",
              "translation": "How many would you like?"
            },
            {
              "speaker": "B",
              "text": "일개 주세요.",
              "romanization": "ilgae juseyo.",
              "translation": "One (Sino-Korean), please."
            },
            {
              "speaker": "A",
              "text": "알겠습니다.",
              "romanization": "algesseupnida.",
              "translation": "Got it."
            },
            {
              "speaker": "B",
              "text": "감사합니다.",
              "romanization": "gamsahapnida.",
              "translation": "Thank you."
            }
          ]
        }
      },
      "en": {
        "word": "One (Sino-Korean)",
        "explanation": "Sino-Korean number 1. Used for phone numbers, dates, prices, etc.",
        "examples": {
          "beginner": "It's one (sino-korean).",
          "intermediate": "Give me one (sino-korean), please.",
          "advanced": "Learning the pronunciation and usage of one (sino-korean) is important.",
          "master": "Understanding the role of one (sino-korean) in Korean number system makes quantity expressions natural."
        },
        "dialogue": {
          "context": "Counting items",
          "dialogue": [
            {
              "speaker": "A",
              "text": "How many would you like?",
              "romanization": "",
              "translation": "몇 개 드릴까요?"
            },
            {
              "speaker": "B",
              "text": "One (Sino-Korean), please.",
              "romanization": "",
              "translation": "일개 주세요."
            },
            {
              "speaker": "A",
              "text": "Got it.",
              "romanization": "",
              "translation": "알겠습니다."
            },
            {
              "speaker": "B",
              "text": "Thank you.",
              "romanization": "",
              "translation": "감사합니다."
            }
          ]
        }
      }
    },
    "pronunciation": {
      "korean": "[일]",
      "ipa": "[il]"
    }
  },
  {
    "id": "i-two",
    "korean": "이",
    "romanization": "i",
    "partOfSpeech": "noun",
    "categoryId": "numbers",
    "difficulty": "beginner",
    "frequency": "common",
    "tags": [
      "number",
      "sino-korean",
      "basic"
    ],
    "translations": {
      "ko": {
        "word": "이",
        "explanation": "한자어 숫자 2. 전화번호, 날짜, 가격 등을 말할 때 사용한다.",
        "examples": {
          "beginner": "이이에요.",
          "intermediate": "이개 주세요.",
          "advanced": "이의 발음과 사용법을 익히는 것이 중요합니다.",
          "master": "한국어 숫자 체계에서 이의 역할을 이해하면 수량 표현이 자연스러워집니다."
        },
        "dialogue": {
          "context": "물건을 셀 때",
          "dialogue": [
            {
              "speaker": "A",
              "text": "몇 개 드릴까요?",
              "romanization": "myeot gae deurilkkayo?",
              "translation": "How many would you like?"
            },
            {
              "speaker": "B",
              "text": "이개 주세요.",
              "romanization": "igae juseyo.",
              "translation": "Two (Sino-Korean), please."
            },
            {
              "speaker": "A",
              "text": "알겠습니다.",
              "romanization": "algesseupnida.",
              "translation": "Got it."
            },
            {
              "speaker": "B",
              "text": "감사합니다.",
              "romanization": "gamsahapnida.",
              "translation": "Thank you."
            }
          ]
        }
      },
      "en": {
        "word": "Two (Sino-Korean)",
        "explanation": "Sino-Korean number 2. Used for phone numbers, dates, prices, etc.",
        "examples": {
          "beginner": "It's two (sino-korean).",
          "intermediate": "Give me two (sino-korean), please.",
          "advanced": "Learning the pronunciation and usage of two (sino-korean) is important.",
          "master": "Understanding the role of two (sino-korean) in Korean number system makes quantity expressions natural."
        },
        "dialogue": {
          "context": "Counting items",
          "dialogue": [
            {
              "speaker": "A",
              "text": "How many would you like?",
              "romanization": "",
              "translation": "몇 개 드릴까요?"
            },
            {
              "speaker": "B",
              "text": "Two (Sino-Korean), please.",
              "romanization": "",
              "translation": "이개 주세요."
            },
            {
              "speaker": "A",
              "text": "Got it.",
              "romanization": "",
              "translation": "알겠습니다."
            },
            {
              "speaker": "B",
              "text": "Thank you.",
              "romanization": "",
              "translation": "감사합니다."
            }
          ]
        }
      }
    },
    "pronunciation": {
      "korean": "[이]",
      "ipa": "[i]"
    }
  },
  {
    "id": "sam",
    "korean": "삼",
    "romanization": "sam",
    "partOfSpeech": "noun",
    "categoryId": "numbers",
    "difficulty": "beginner",
    "frequency": "common",
    "tags": [
      "number",
      "sino-korean",
      "basic"
    ],
    "translations": {
      "ko": {
        "word": "삼",
        "explanation": "한자어 숫자 3. 전화번호, 날짜, 가격 등을 말할 때 사용한다.",
        "examples": {
          "beginner": "삼이에요.",
          "intermediate": "삼개 주세요.",
          "advanced": "삼의 발음과 사용법을 익히는 것이 중요합니다.",
          "master": "한국어 숫자 체계에서 삼의 역할을 이해하면 수량 표현이 자연스러워집니다."
        },
        "dialogue": {
          "context": "물건을 셀 때",
          "dialogue": [
            {
              "speaker": "A",
              "text": "몇 개 드릴까요?",
              "romanization": "myeot gae deurilkkayo?",
              "translation": "How many would you like?"
            },
            {
              "speaker": "B",
              "text": "삼개 주세요.",
              "romanization": "samgae juseyo.",
              "translation": "Three (Sino-Korean), please."
            },
            {
              "speaker": "A",
              "text": "알겠습니다.",
              "romanization": "algesseupnida.",
              "translation": "Got it."
            },
            {
              "speaker": "B",
              "text": "감사합니다.",
              "romanization": "gamsahapnida.",
              "translation": "Thank you."
            }
          ]
        }
      },
      "en": {
        "word": "Three (Sino-Korean)",
        "explanation": "Sino-Korean number 3. Used for phone numbers, dates, prices, etc.",
        "examples": {
          "beginner": "It's three (sino-korean).",
          "intermediate": "Give me three (sino-korean), please.",
          "advanced": "Learning the pronunciation and usage of three (sino-korean) is important.",
          "master": "Understanding the role of three (sino-korean) in Korean number system makes quantity expressions natural."
        },
        "dialogue": {
          "context": "Counting items",
          "dialogue": [
            {
              "speaker": "A",
              "text": "How many would you like?",
              "romanization": "",
              "translation": "몇 개 드릴까요?"
            },
            {
              "speaker": "B",
              "text": "Three (Sino-Korean), please.",
              "romanization": "",
              "translation": "삼개 주세요."
            },
            {
              "speaker": "A",
              "text": "Got it.",
              "romanization": "",
              "translation": "알겠습니다."
            },
            {
              "speaker": "B",
              "text": "Thank you.",
              "romanization": "",
              "translation": "감사합니다."
            }
          ]
        }
      }
    },
    "pronunciation": {
      "korean": "[삼]",
      "ipa": "[sam]"
    }
  },
  {
    "id": "sa-four",
    "korean": "사",
    "romanization": "sa",
    "partOfSpeech": "noun",
    "categoryId": "numbers",
    "difficulty": "beginner",
    "frequency": "common",
    "tags": [
      "number",
      "sino-korean",
      "basic"
    ],
    "translations": {
      "ko": {
        "word": "사",
        "explanation": "한자어 숫자 4. 전화번호, 날짜, 가격 등을 말할 때 사용한다. 한국에서는 '死(죽음)'와 발음이 같아 불길하게 여기기도 한다.",
        "examples": {
          "beginner": "사이에요.",
          "intermediate": "사개 주세요.",
          "advanced": "사의 발음과 사용법을 익히는 것이 중요합니다.",
          "master": "한국어 숫자 체계에서 사의 역할을 이해하면 수량 표현이 자연스러워집니다."
        },
        "dialogue": {
          "context": "물건을 셀 때",
          "dialogue": [
            {
              "speaker": "A",
              "text": "몇 개 드릴까요?",
              "romanization": "myeot gae deurilkkayo?",
              "translation": "How many would you like?"
            },
            {
              "speaker": "B",
              "text": "사개 주세요.",
              "romanization": "sagae juseyo.",
              "translation": "Four (Sino-Korean), please."
            },
            {
              "speaker": "A",
              "text": "알겠습니다.",
              "romanization": "algesseupnida.",
              "translation": "Got it."
            },
            {
              "speaker": "B",
              "text": "감사합니다.",
              "romanization": "gamsahapnida.",
              "translation": "Thank you."
            }
          ]
        }
      },
      "en": {
        "word": "Four (Sino-Korean)",
        "explanation": "Sino-Korean number 4. Used for phone numbers, dates, prices. In Korea, it's sometimes considered unlucky as it sounds like '死 (death)' in Chinese.",
        "examples": {
          "beginner": "It's four (sino-korean).",
          "intermediate": "Give me four (sino-korean), please.",
          "advanced": "Learning the pronunciation and usage of four (sino-korean) is important.",
          "master": "Understanding the role of four (sino-korean) in Korean number system makes quantity expressions natural."
        },
        "dialogue": {
          "context": "Counting items",
          "dialogue": [
            {
              "speaker": "A",
              "text": "How many would you like?",
              "romanization": "",
              "translation": "몇 개 드릴까요?"
            },
            {
              "speaker": "B",
              "text": "Four (Sino-Korean), please.",
              "romanization": "",
              "translation": "사개 주세요."
            },
            {
              "speaker": "A",
              "text": "Got it.",
              "romanization": "",
              "translation": "알겠습니다."
            },
            {
              "speaker": "B",
              "text": "Thank you.",
              "romanization": "",
              "translation": "감사합니다."
            }
          ]
        }
      }
    },
    "pronunciation": {
      "korean": "[사]",
      "ipa": "[sa]"
    }
  },
  {
    "id": "o-five",
    "korean": "오",
    "romanization": "o",
    "partOfSpeech": "noun",
    "categoryId": "numbers",
    "difficulty": "beginner",
    "frequency": "common",
    "tags": [
      "number",
      "sino-korean",
      "basic"
    ],
    "translations": {
      "ko": {
        "word": "오",
        "explanation": "한자어 숫자 5. 전화번호, 날짜, 가격 등을 말할 때 사용한다.",
        "examples": {
          "beginner": "오이에요.",
          "intermediate": "오개 주세요.",
          "advanced": "오의 발음과 사용법을 익히는 것이 중요합니다.",
          "master": "한국어 숫자 체계에서 오의 역할을 이해하면 수량 표현이 자연스러워집니다."
        },
        "dialogue": {
          "context": "물건을 셀 때",
          "dialogue": [
            {
              "speaker": "A",
              "text": "몇 개 드릴까요?",
              "romanization": "myeot gae deurilkkayo?",
              "translation": "How many would you like?"
            },
            {
              "speaker": "B",
              "text": "오개 주세요.",
              "romanization": "ogae juseyo.",
              "translation": "Five (Sino-Korean), please."
            },
            {
              "speaker": "A",
              "text": "알겠습니다.",
              "romanization": "algesseupnida.",
              "translation": "Got it."
            },
            {
              "speaker": "B",
              "text": "감사합니다.",
              "romanization": "gamsahapnida.",
              "translation": "Thank you."
            }
          ]
        }
      },
      "en": {
        "word": "Five (Sino-Korean)",
        "explanation": "Sino-Korean number 5. Used for phone numbers, dates, prices, etc.",
        "examples": {
          "beginner": "It's five (sino-korean).",
          "intermediate": "Give me five (sino-korean), please.",
          "advanced": "Learning the pronunciation and usage of five (sino-korean) is important.",
          "master": "Understanding the role of five (sino-korean) in Korean number system makes quantity expressions natural."
        },
        "dialogue": {
          "context": "Counting items",
          "dialogue": [
            {
              "speaker": "A",
              "text": "How many would you like?",
              "romanization": "",
              "translation": "몇 개 드릴까요?"
            },
            {
              "speaker": "B",
              "text": "Five (Sino-Korean), please.",
              "romanization": "",
              "translation": "오개 주세요."
            },
            {
              "speaker": "A",
              "text": "Got it.",
              "romanization": "",
              "translation": "알겠습니다."
            },
            {
              "speaker": "B",
              "text": "Thank you.",
              "romanization": "",
              "translation": "감사합니다."
            }
          ]
        }
      }
    },
    "pronunciation": {
      "korean": "[오]",
      "ipa": "[o]"
    }
  },
  {
    "id": "yuk",
    "korean": "육",
    "romanization": "yuk",
    "partOfSpeech": "noun",
    "categoryId": "numbers",
    "difficulty": "beginner",
    "frequency": "common",
    "tags": [
      "number",
      "sino-korean",
      "basic"
    ],
    "translations": {
      "ko": {
        "word": "육",
        "explanation": "한자어 숫자 6. 전화번호, 날짜, 가격 등을 말할 때 사용한다.",
        "examples": {
          "beginner": "육이에요.",
          "intermediate": "육개 주세요.",
          "advanced": "육의 발음과 사용법을 익히는 것이 중요합니다.",
          "master": "한국어 숫자 체계에서 육의 역할을 이해하면 수량 표현이 자연스러워집니다."
        },
        "dialogue": {
          "context": "물건을 셀 때",
          "dialogue": [
            {
              "speaker": "A",
              "text": "몇 개 드릴까요?",
              "romanization": "myeot gae deurilkkayo?",
              "translation": "How many would you like?"
            },
            {
              "speaker": "B",
              "text": "육개 주세요.",
              "romanization": "yukgae juseyo.",
              "translation": "Six (Sino-Korean), please."
            },
            {
              "speaker": "A",
              "text": "알겠습니다.",
              "romanization": "algesseupnida.",
              "translation": "Got it."
            },
            {
              "speaker": "B",
              "text": "감사합니다.",
              "romanization": "gamsahapnida.",
              "translation": "Thank you."
            }
          ]
        }
      },
      "en": {
        "word": "Six (Sino-Korean)",
        "explanation": "Sino-Korean number 6. Used for phone numbers, dates, prices, etc.",
        "examples": {
          "beginner": "It's six (sino-korean).",
          "intermediate": "Give me six (sino-korean), please.",
          "advanced": "Learning the pronunciation and usage of six (sino-korean) is important.",
          "master": "Understanding the role of six (sino-korean) in Korean number system makes quantity expressions natural."
        },
        "dialogue": {
          "context": "Counting items",
          "dialogue": [
            {
              "speaker": "A",
              "text": "How many would you like?",
              "romanization": "",
              "translation": "몇 개 드릴까요?"
            },
            {
              "speaker": "B",
              "text": "Six (Sino-Korean), please.",
              "romanization": "",
              "translation": "육개 주세요."
            },
            {
              "speaker": "A",
              "text": "Got it.",
              "romanization": "",
              "translation": "알겠습니다."
            },
            {
              "speaker": "B",
              "text": "Thank you.",
              "romanization": "",
              "translation": "감사합니다."
            }
          ]
        }
      }
    },
    "pronunciation": {
      "korean": "[육]",
      "ipa": "[juk]"
    }
  },
  {
    "id": "chil",
    "korean": "칠",
    "romanization": "chil",
    "partOfSpeech": "noun",
    "categoryId": "numbers",
    "difficulty": "beginner",
    "frequency": "common",
    "tags": [
      "number",
      "sino-korean",
      "basic"
    ],
    "translations": {
      "ko": {
        "word": "칠",
        "explanation": "한자어 숫자 7. 전화번호, 날짜, 가격 등을 말할 때 사용한다.",
        "examples": {
          "beginner": "칠이에요.",
          "intermediate": "칠개 주세요.",
          "advanced": "칠의 발음과 사용법을 익히는 것이 중요합니다.",
          "master": "한국어 숫자 체계에서 칠의 역할을 이해하면 수량 표현이 자연스러워집니다."
        },
        "dialogue": {
          "context": "물건을 셀 때",
          "dialogue": [
            {
              "speaker": "A",
              "text": "몇 개 드릴까요?",
              "romanization": "myeot gae deurilkkayo?",
              "translation": "How many would you like?"
            },
            {
              "speaker": "B",
              "text": "칠개 주세요.",
              "romanization": "chilgae juseyo.",
              "translation": "Seven (Sino-Korean), please."
            },
            {
              "speaker": "A",
              "text": "알겠습니다.",
              "romanization": "algesseupnida.",
              "translation": "Got it."
            },
            {
              "speaker": "B",
              "text": "감사합니다.",
              "romanization": "gamsahapnida.",
              "translation": "Thank you."
            }
          ]
        }
      },
      "en": {
        "word": "Seven (Sino-Korean)",
        "explanation": "Sino-Korean number 7. Used for phone numbers, dates, prices, etc.",
        "examples": {
          "beginner": "It's seven (sino-korean).",
          "intermediate": "Give me seven (sino-korean), please.",
          "advanced": "Learning the pronunciation and usage of seven (sino-korean) is important.",
          "master": "Understanding the role of seven (sino-korean) in Korean number system makes quantity expressions natural."
        },
        "dialogue": {
          "context": "Counting items",
          "dialogue": [
            {
              "speaker": "A",
              "text": "How many would you like?",
              "romanization": "",
              "translation": "몇 개 드릴까요?"
            },
            {
              "speaker": "B",
              "text": "Seven (Sino-Korean), please.",
              "romanization": "",
              "translation": "칠개 주세요."
            },
            {
              "speaker": "A",
              "text": "Got it.",
              "romanization": "",
              "translation": "알겠습니다."
            },
            {
              "speaker": "B",
              "text": "Thank you.",
              "romanization": "",
              "translation": "감사합니다."
            }
          ]
        }
      }
    },
    "pronunciation": {
      "korean": "[칠]",
      "ipa": "[tɕʰil]"
    }
  },
  {
    "id": "pal",
    "korean": "팔",
    "romanization": "pal",
    "partOfSpeech": "noun",
    "categoryId": "numbers",
    "difficulty": "beginner",
    "frequency": "common",
    "tags": [
      "number",
      "sino-korean",
      "basic"
    ],
    "translations": {
      "ko": {
        "word": "팔",
        "explanation": "한자어 숫자 8. 전화번호, 날짜, 가격 등을 말할 때 사용한다. 중국에서는 발음이 '발재(發財, 재물을 벌다)'와 비슷해서 행운의 숫자로 여긴다.",
        "examples": {
          "beginner": "팔이에요.",
          "intermediate": "팔개 주세요.",
          "advanced": "팔의 발음과 사용법을 익히는 것이 중요합니다.",
          "master": "한국어 숫자 체계에서 팔의 역할을 이해하면 수량 표현이 자연스러워집니다."
        },
        "dialogue": {
          "context": "물건을 셀 때",
          "dialogue": [
            {
              "speaker": "A",
              "text": "몇 개 드릴까요?",
              "romanization": "myeot gae deurilkkayo?",
              "translation": "How many would you like?"
            },
            {
              "speaker": "B",
              "text": "팔개 주세요.",
              "romanization": "palgae juseyo.",
              "translation": "Eight (Sino-Korean), please."
            },
            {
              "speaker": "A",
              "text": "알겠습니다.",
              "romanization": "algesseupnida.",
              "translation": "Got it."
            },
            {
              "speaker": "B",
              "text": "감사합니다.",
              "romanization": "gamsahapnida.",
              "translation": "Thank you."
            }
          ]
        }
      },
      "en": {
        "word": "Eight (Sino-Korean)",
        "explanation": "Sino-Korean number 8. Used for phone numbers, dates, prices. In Chinese culture, it's a lucky number as it sounds like '發財 (to prosper)'.",
        "examples": {
          "beginner": "It's eight (sino-korean).",
          "intermediate": "Give me eight (sino-korean), please.",
          "advanced": "Learning the pronunciation and usage of eight (sino-korean) is important.",
          "master": "Understanding the role of eight (sino-korean) in Korean number system makes quantity expressions natural."
        },
        "dialogue": {
          "context": "Counting items",
          "dialogue": [
            {
              "speaker": "A",
              "text": "How many would you like?",
              "romanization": "",
              "translation": "몇 개 드릴까요?"
            },
            {
              "speaker": "B",
              "text": "Eight (Sino-Korean), please.",
              "romanization": "",
              "translation": "팔개 주세요."
            },
            {
              "speaker": "A",
              "text": "Got it.",
              "romanization": "",
              "translation": "알겠습니다."
            },
            {
              "speaker": "B",
              "text": "Thank you.",
              "romanization": "",
              "translation": "감사합니다."
            }
          ]
        }
      }
    },
    "pronunciation": {
      "korean": "[팔]",
      "ipa": "[pʰal]"
    }
  },
  {
    "id": "gu-nine",
    "korean": "구",
    "romanization": "gu",
    "partOfSpeech": "noun",
    "categoryId": "numbers",
    "difficulty": "beginner",
    "frequency": "common",
    "tags": [
      "number",
      "sino-korean",
      "basic"
    ],
    "translations": {
      "ko": {
        "word": "구",
        "explanation": "한자어 숫자 9. 전화번호, 날짜, 가격 등을 말할 때 사용한다.",
        "examples": {
          "beginner": "구이에요.",
          "intermediate": "구개 주세요.",
          "advanced": "구의 발음과 사용법을 익히는 것이 중요합니다.",
          "master": "한국어 숫자 체계에서 구의 역할을 이해하면 수량 표현이 자연스러워집니다."
        },
        "dialogue": {
          "context": "물건을 셀 때",
          "dialogue": [
            {
              "speaker": "A",
              "text": "몇 개 드릴까요?",
              "romanization": "myeot gae deurilkkayo?",
              "translation": "How many would you like?"
            },
            {
              "speaker": "B",
              "text": "구개 주세요.",
              "romanization": "gugae juseyo.",
              "translation": "Nine (Sino-Korean), please."
            },
            {
              "speaker": "A",
              "text": "알겠습니다.",
              "romanization": "algesseupnida.",
              "translation": "Got it."
            },
            {
              "speaker": "B",
              "text": "감사합니다.",
              "romanization": "gamsahapnida.",
              "translation": "Thank you."
            }
          ]
        }
      },
      "en": {
        "word": "Nine (Sino-Korean)",
        "explanation": "Sino-Korean number 9. Used for phone numbers, dates, prices, etc.",
        "examples": {
          "beginner": "It's nine (sino-korean).",
          "intermediate": "Give me nine (sino-korean), please.",
          "advanced": "Learning the pronunciation and usage of nine (sino-korean) is important.",
          "master": "Understanding the role of nine (sino-korean) in Korean number system makes quantity expressions natural."
        },
        "dialogue": {
          "context": "Counting items",
          "dialogue": [
            {
              "speaker": "A",
              "text": "How many would you like?",
              "romanization": "",
              "translation": "몇 개 드릴까요?"
            },
            {
              "speaker": "B",
              "text": "Nine (Sino-Korean), please.",
              "romanization": "",
              "translation": "구개 주세요."
            },
            {
              "speaker": "A",
              "text": "Got it.",
              "romanization": "",
              "translation": "알겠습니다."
            },
            {
              "speaker": "B",
              "text": "Thank you.",
              "romanization": "",
              "translation": "감사합니다."
            }
          ]
        }
      }
    },
    "pronunciation": {
      "korean": "[구]",
      "ipa": "[ku]"
    }
  },
  {
    "id": "sip",
    "korean": "십",
    "romanization": "sip",
    "partOfSpeech": "noun",
    "categoryId": "numbers",
    "difficulty": "beginner",
    "frequency": "common",
    "tags": [
      "number",
      "sino-korean",
      "basic"
    ],
    "translations": {
      "ko": {
        "word": "십",
        "explanation": "한자어 숫자 10. 전화번호, 날짜, 가격 등을 말할 때 사용한다.",
        "examples": {
          "beginner": "십이에요.",
          "intermediate": "십개 주세요.",
          "advanced": "십의 발음과 사용법을 익히는 것이 중요합니다.",
          "master": "한국어 숫자 체계에서 십의 역할을 이해하면 수량 표현이 자연스러워집니다."
        },
        "dialogue": {
          "context": "물건을 셀 때",
          "dialogue": [
            {
              "speaker": "A",
              "text": "몇 개 드릴까요?",
              "romanization": "myeot gae deurilkkayo?",
              "translation": "How many would you like?"
            },
            {
              "speaker": "B",
              "text": "십개 주세요.",
              "romanization": "sipgae juseyo.",
              "translation": "Ten (Sino-Korean), please."
            },
            {
              "speaker": "A",
              "text": "알겠습니다.",
              "romanization": "algesseupnida.",
              "translation": "Got it."
            },
            {
              "speaker": "B",
              "text": "감사합니다.",
              "romanization": "gamsahapnida.",
              "translation": "Thank you."
            }
          ]
        }
      },
      "en": {
        "word": "Ten (Sino-Korean)",
        "explanation": "Sino-Korean number 10. Used for phone numbers, dates, prices, etc.",
        "examples": {
          "beginner": "It's ten (sino-korean).",
          "intermediate": "Give me ten (sino-korean), please.",
          "advanced": "Learning the pronunciation and usage of ten (sino-korean) is important.",
          "master": "Understanding the role of ten (sino-korean) in Korean number system makes quantity expressions natural."
        },
        "dialogue": {
          "context": "Counting items",
          "dialogue": [
            {
              "speaker": "A",
              "text": "How many would you like?",
              "romanization": "",
              "translation": "몇 개 드릴까요?"
            },
            {
              "speaker": "B",
              "text": "Ten (Sino-Korean), please.",
              "romanization": "",
              "translation": "십개 주세요."
            },
            {
              "speaker": "A",
              "text": "Got it.",
              "romanization": "",
              "translation": "알겠습니다."
            },
            {
              "speaker": "B",
              "text": "Thank you.",
              "romanization": "",
              "translation": "감사합니다."
            }
          ]
        }
      }
    },
    "pronunciation": {
      "korean": "[십]",
      "ipa": "[ɕip]"
    }
  },
  {
    "id": "baek",
    "korean": "백",
    "romanization": "baek",
    "partOfSpeech": "noun",
    "categoryId": "numbers",
    "difficulty": "beginner",
    "frequency": "common",
    "tags": [
      "number",
      "sino-korean",
      "basic"
    ],
    "translations": {
      "ko": {
        "word": "백",
        "explanation": "한자어 숫자 100. 큰 수를 셀 때 사용한다.",
        "examples": {
          "beginner": "백이에요.",
          "intermediate": "백개 주세요.",
          "advanced": "백의 발음과 사용법을 익히는 것이 중요합니다.",
          "master": "한국어 숫자 체계에서 백의 역할을 이해하면 수량 표현이 자연스러워집니다."
        },
        "dialogue": {
          "context": "물건을 셀 때",
          "dialogue": [
            {
              "speaker": "A",
              "text": "몇 개 드릴까요?",
              "romanization": "myeot gae deurilkkayo?",
              "translation": "How many would you like?"
            },
            {
              "speaker": "B",
              "text": "백개 주세요.",
              "romanization": "baekgae juseyo.",
              "translation": "Hundred, please."
            },
            {
              "speaker": "A",
              "text": "알겠습니다.",
              "romanization": "algesseupnida.",
              "translation": "Got it."
            },
            {
              "speaker": "B",
              "text": "감사합니다.",
              "romanization": "gamsahapnida.",
              "translation": "Thank you."
            }
          ]
        }
      },
      "en": {
        "word": "Hundred",
        "explanation": "Sino-Korean number 100. Used for counting large numbers.",
        "examples": {
          "beginner": "It's hundred.",
          "intermediate": "Give me hundred, please.",
          "advanced": "Learning the pronunciation and usage of hundred is important.",
          "master": "Understanding the role of hundred in Korean number system makes quantity expressions natural."
        },
        "dialogue": {
          "context": "Counting items",
          "dialogue": [
            {
              "speaker": "A",
              "text": "How many would you like?",
              "romanization": "",
              "translation": "몇 개 드릴까요?"
            },
            {
              "speaker": "B",
              "text": "Hundred, please.",
              "romanization": "",
              "translation": "백개 주세요."
            },
            {
              "speaker": "A",
              "text": "Got it.",
              "romanization": "",
              "translation": "알겠습니다."
            },
            {
              "speaker": "B",
              "text": "Thank you.",
              "romanization": "",
              "translation": "감사합니다."
            }
          ]
        }
      }
    },
    "pronunciation": {
      "korean": "[백]",
      "ipa": "[pɛk]"
    }
  },
  {
    "id": "cheon",
    "korean": "천",
    "romanization": "cheon",
    "partOfSpeech": "noun",
    "categoryId": "numbers",
    "difficulty": "beginner",
    "frequency": "common",
    "tags": [
      "number",
      "sino-korean",
      "basic"
    ],
    "translations": {
      "ko": {
        "word": "천",
        "explanation": "한자어 숫자 1,000. 큰 수나 가격을 말할 때 자주 사용한다.",
        "examples": {
          "beginner": "천이에요.",
          "intermediate": "천개 주세요.",
          "advanced": "천의 발음과 사용법을 익히는 것이 중요합니다.",
          "master": "한국어 숫자 체계에서 천의 역할을 이해하면 수량 표현이 자연스러워집니다."
        },
        "dialogue": {
          "context": "물건을 셀 때",
          "dialogue": [
            {
              "speaker": "A",
              "text": "몇 개 드릴까요?",
              "romanization": "myeot gae deurilkkayo?",
              "translation": "How many would you like?"
            },
            {
              "speaker": "B",
              "text": "천개 주세요.",
              "romanization": "cheongae juseyo.",
              "translation": "Thousand, please."
            },
            {
              "speaker": "A",
              "text": "알겠습니다.",
              "romanization": "algesseupnida.",
              "translation": "Got it."
            },
            {
              "speaker": "B",
              "text": "감사합니다.",
              "romanization": "gamsahapnida.",
              "translation": "Thank you."
            }
          ]
        }
      },
      "en": {
        "word": "Thousand",
        "explanation": "Sino-Korean number 1,000. Often used for large numbers and prices.",
        "examples": {
          "beginner": "It's thousand.",
          "intermediate": "Give me thousand, please.",
          "advanced": "Learning the pronunciation and usage of thousand is important.",
          "master": "Understanding the role of thousand in Korean number system makes quantity expressions natural."
        },
        "dialogue": {
          "context": "Counting items",
          "dialogue": [
            {
              "speaker": "A",
              "text": "How many would you like?",
              "romanization": "",
              "translation": "몇 개 드릴까요?"
            },
            {
              "speaker": "B",
              "text": "Thousand, please.",
              "romanization": "",
              "translation": "천개 주세요."
            },
            {
              "speaker": "A",
              "text": "Got it.",
              "romanization": "",
              "translation": "알겠습니다."
            },
            {
              "speaker": "B",
              "text": "Thank you.",
              "romanization": "",
              "translation": "감사합니다."
            }
          ]
        }
      }
    },
    "pronunciation": {
      "korean": "[천]",
      "ipa": "[tɕʰʌn]"
    }
  },
  {
    "id": "man",
    "korean": "만",
    "romanization": "man",
    "partOfSpeech": "noun",
    "categoryId": "numbers",
    "difficulty": "beginner",
    "frequency": "common",
    "tags": [
      "number",
      "sino-korean",
      "basic"
    ],
    "translations": {
      "ko": {
        "word": "만",
        "explanation": "한자어 숫자 10,000. 한국어에서는 천 다음 단위가 만이다.",
        "examples": {
          "beginner": "만이에요.",
          "intermediate": "만개 주세요.",
          "advanced": "만의 발음과 사용법을 익히는 것이 중요합니다.",
          "master": "한국어 숫자 체계에서 만의 역할을 이해하면 수량 표현이 자연스러워집니다."
        },
        "dialogue": {
          "context": "물건을 셀 때",
          "dialogue": [
            {
              "speaker": "A",
              "text": "몇 개 드릴까요?",
              "romanization": "myeot gae deurilkkayo?",
              "translation": "How many would you like?"
            },
            {
              "speaker": "B",
              "text": "만개 주세요.",
              "romanization": "mangae juseyo.",
              "translation": "Ten thousand, please."
            },
            {
              "speaker": "A",
              "text": "알겠습니다.",
              "romanization": "algesseupnida.",
              "translation": "Got it."
            },
            {
              "speaker": "B",
              "text": "감사합니다.",
              "romanization": "gamsahapnida.",
              "translation": "Thank you."
            }
          ]
        }
      },
      "en": {
        "word": "Ten thousand",
        "explanation": "Sino-Korean number 10,000. In Korean, the unit after thousand is ten thousand.",
        "examples": {
          "beginner": "It's ten thousand.",
          "intermediate": "Give me ten thousand, please.",
          "advanced": "Learning the pronunciation and usage of ten thousand is important.",
          "master": "Understanding the role of ten thousand in Korean number system makes quantity expressions natural."
        },
        "dialogue": {
          "context": "Counting items",
          "dialogue": [
            {
              "speaker": "A",
              "text": "How many would you like?",
              "romanization": "",
              "translation": "몇 개 드릴까요?"
            },
            {
              "speaker": "B",
              "text": "Ten thousand, please.",
              "romanization": "",
              "translation": "만개 주세요."
            },
            {
              "speaker": "A",
              "text": "Got it.",
              "romanization": "",
              "translation": "알겠습니다."
            },
            {
              "speaker": "B",
              "text": "Thank you.",
              "romanization": "",
              "translation": "감사합니다."
            }
          ]
        }
      }
    },
    "pronunciation": {
      "korean": "[만]",
      "ipa": "[man]"
    }
  },
  {
    "id": "yeong",
    "korean": "영",
    "romanization": "yeong",
    "partOfSpeech": "noun",
    "categoryId": "numbers",
    "difficulty": "beginner",
    "frequency": "common",
    "tags": [
      "number",
      "sino-korean",
      "basic"
    ],
    "translations": {
      "ko": {
        "word": "영",
        "explanation": "한자어 숫자 0. 전화번호나 점수를 말할 때 사용한다. '공'이라고도 한다.",
        "examples": {
          "beginner": "영이에요.",
          "intermediate": "영개 주세요.",
          "advanced": "영의 발음과 사용법을 익히는 것이 중요합니다.",
          "master": "한국어 숫자 체계에서 영의 역할을 이해하면 수량 표현이 자연스러워집니다."
        },
        "dialogue": {
          "context": "물건을 셀 때",
          "dialogue": [
            {
              "speaker": "A",
              "text": "몇 개 드릴까요?",
              "romanization": "myeot gae deurilkkayo?",
              "translation": "How many would you like?"
            },
            {
              "speaker": "B",
              "text": "영개 주세요.",
              "romanization": "yeonggae juseyo.",
              "translation": "Zero, please."
            },
            {
              "speaker": "A",
              "text": "알겠습니다.",
              "romanization": "algesseupnida.",
              "translation": "Got it."
            },
            {
              "speaker": "B",
              "text": "감사합니다.",
              "romanization": "gamsahapnida.",
              "translation": "Thank you."
            }
          ]
        }
      },
      "en": {
        "word": "Zero",
        "explanation": "Sino-Korean number 0. Used in phone numbers and scores. Also called '공 (gong)'.",
        "examples": {
          "beginner": "It's zero.",
          "intermediate": "Give me zero, please.",
          "advanced": "Learning the pronunciation and usage of zero is important.",
          "master": "Understanding the role of zero in Korean number system makes quantity expressions natural."
        },
        "dialogue": {
          "context": "Counting items",
          "dialogue": [
            {
              "speaker": "A",
              "text": "How many would you like?",
              "romanization": "",
              "translation": "몇 개 드릴까요?"
            },
            {
              "speaker": "B",
              "text": "Zero, please.",
              "romanization": "",
              "translation": "영개 주세요."
            },
            {
              "speaker": "A",
              "text": "Got it.",
              "romanization": "",
              "translation": "알겠습니다."
            },
            {
              "speaker": "B",
              "text": "Thank you.",
              "romanization": "",
              "translation": "감사합니다."
            }
          ]
        }
      }
    },
    "pronunciation": {
      "korean": "[영]",
      "ipa": "[jʌŋ]"
    }
  },
  {
    "id": "ban",
    "korean": "반",
    "romanization": "ban",
    "partOfSpeech": "noun",
    "categoryId": "numbers",
    "difficulty": "beginner",
    "frequency": "common",
    "tags": [
      "number",
      "fraction",
      "basic"
    ],
    "translations": {
      "ko": {
        "word": "반",
        "explanation": "전체의 절반. 1/2을 뜻한다. 시간을 말할 때 '30분'을 나타내기도 한다.",
        "examples": {
          "beginner": "반이에요.",
          "intermediate": "반개 주세요.",
          "advanced": "반의 발음과 사용법을 익히는 것이 중요합니다.",
          "master": "한국어 숫자 체계에서 반의 역할을 이해하면 수량 표현이 자연스러워집니다."
        },
        "dialogue": {
          "context": "물건을 셀 때",
          "dialogue": [
            {
              "speaker": "A",
              "text": "몇 개 드릴까요?",
              "romanization": "myeot gae deurilkkayo?",
              "translation": "How many would you like?"
            },
            {
              "speaker": "B",
              "text": "반개 주세요.",
              "romanization": "bangae juseyo.",
              "translation": "Half, please."
            },
            {
              "speaker": "A",
              "text": "알겠습니다.",
              "romanization": "algesseupnida.",
              "translation": "Got it."
            },
            {
              "speaker": "B",
              "text": "감사합니다.",
              "romanization": "gamsahapnida.",
              "translation": "Thank you."
            }
          ]
        }
      },
      "en": {
        "word": "Half",
        "explanation": "Half of a whole. Means 1/2. Also indicates '30 minutes' when telling time.",
        "examples": {
          "beginner": "It's half.",
          "intermediate": "Give me half, please.",
          "advanced": "Learning the pronunciation and usage of half is important.",
          "master": "Understanding the role of half in Korean number system makes quantity expressions natural."
        },
        "dialogue": {
          "context": "Counting items",
          "dialogue": [
            {
              "speaker": "A",
              "text": "How many would you like?",
              "romanization": "",
              "translation": "몇 개 드릴까요?"
            },
            {
              "speaker": "B",
              "text": "Half, please.",
              "romanization": "",
              "translation": "반개 주세요."
            },
            {
              "speaker": "A",
              "text": "Got it.",
              "romanization": "",
              "translation": "알겠습니다."
            },
            {
              "speaker": "B",
              "text": "Thank you.",
              "romanization": "",
              "translation": "감사합니다."
            }
          ]
        }
      }
    },
    "pronunciation": {
      "korean": "[반]",
      "ipa": "[pan]"
    }
  },
  {
    "id": "cheot",
    "korean": "첫",
    "romanization": "cheot",
    "partOfSpeech": "determiner",
    "categoryId": "numbers",
    "difficulty": "beginner",
    "frequency": "common",
    "tags": [
      "ordinal",
      "first",
      "basic"
    ],
    "translations": {
      "ko": {
        "word": "첫",
        "explanation": "순서에서 맨 처음. '첫 번째'의 줄임말.",
        "examples": {
          "beginner": "첫이에요.",
          "intermediate": "첫개 주세요.",
          "advanced": "첫의 발음과 사용법을 익히는 것이 중요합니다.",
          "master": "한국어 숫자 체계에서 첫의 역할을 이해하면 수량 표현이 자연스러워집니다."
        },
        "dialogue": {
          "context": "물건을 셀 때",
          "dialogue": [
            {
              "speaker": "A",
              "text": "몇 개 드릴까요?",
              "romanization": "myeot gae deurilkkayo?",
              "translation": "How many would you like?"
            },
            {
              "speaker": "B",
              "text": "첫개 주세요.",
              "romanization": "cheosgae juseyo.",
              "translation": "First, please."
            },
            {
              "speaker": "A",
              "text": "알겠습니다.",
              "romanization": "algesseupnida.",
              "translation": "Got it."
            },
            {
              "speaker": "B",
              "text": "감사합니다.",
              "romanization": "gamsahapnida.",
              "translation": "Thank you."
            }
          ]
        }
      },
      "en": {
        "word": "First",
        "explanation": "The very first in order. Short for 'first'.",
        "examples": {
          "beginner": "It's first.",
          "intermediate": "Give me first, please.",
          "advanced": "Learning the pronunciation and usage of first is important.",
          "master": "Understanding the role of first in Korean number system makes quantity expressions natural."
        },
        "dialogue": {
          "context": "Counting items",
          "dialogue": [
            {
              "speaker": "A",
              "text": "How many would you like?",
              "romanization": "",
              "translation": "몇 개 드릴까요?"
            },
            {
              "speaker": "B",
              "text": "First, please.",
              "romanization": "",
              "translation": "첫개 주세요."
            },
            {
              "speaker": "A",
              "text": "Got it.",
              "romanization": "",
              "translation": "알겠습니다."
            },
            {
              "speaker": "B",
              "text": "Thank you.",
              "romanization": "",
              "translation": "감사합니다."
            }
          ]
        }
      }
    },
    "pronunciation": {
      "korean": "[첫]",
      "ipa": "[tɕʰʌt]"
    }
  },
  {
    "id": "du-second",
    "korean": "두 번째",
    "romanization": "du beonjjae",
    "partOfSpeech": "noun",
    "categoryId": "numbers",
    "difficulty": "beginner",
    "frequency": "common",
    "tags": [
      "ordinal",
      "second",
      "basic"
    ],
    "translations": {
      "ko": {
        "word": "두 번째",
        "explanation": "순서에서 두 번째. 첫 번째 다음.",
        "examples": {
          "beginner": "두 번째이에요.",
          "intermediate": "두 번째개 주세요.",
          "advanced": "두 번째의 발음과 사용법을 익히는 것이 중요합니다.",
          "master": "한국어 숫자 체계에서 두 번째의 역할을 이해하면 수량 표현이 자연스러워집니다."
        },
        "dialogue": {
          "context": "물건을 셀 때",
          "dialogue": [
            {
              "speaker": "A",
              "text": "몇 개 드릴까요?",
              "romanization": "myeot gae deurilkkayo?",
              "translation": "How many would you like?"
            },
            {
              "speaker": "B",
              "text": "두 번째개 주세요.",
              "romanization": "du beonjjaegae juseyo.",
              "translation": "Second, please."
            },
            {
              "speaker": "A",
              "text": "알겠습니다.",
              "romanization": "algesseupnida.",
              "translation": "Got it."
            },
            {
              "speaker": "B",
              "text": "감사합니다.",
              "romanization": "gamsahapnida.",
              "translation": "Thank you."
            }
          ]
        }
      },
      "en": {
        "word": "Second",
        "explanation": "Second in order. After the first.",
        "examples": {
          "beginner": "It's second.",
          "intermediate": "Give me second, please.",
          "advanced": "Learning the pronunciation and usage of second is important.",
          "master": "Understanding the role of second in Korean number system makes quantity expressions natural."
        },
        "dialogue": {
          "context": "Counting items",
          "dialogue": [
            {
              "speaker": "A",
              "text": "How many would you like?",
              "romanization": "",
              "translation": "몇 개 드릴까요?"
            },
            {
              "speaker": "B",
              "text": "Second, please.",
              "romanization": "",
              "translation": "두 번째개 주세요."
            },
            {
              "speaker": "A",
              "text": "Got it.",
              "romanization": "",
              "translation": "알겠습니다."
            },
            {
              "speaker": "B",
              "text": "Thank you.",
              "romanization": "",
              "translation": "감사합니다."
            }
          ]
        }
      }
    },
    "pronunciation": {
      "korean": "[두]",
      "ipa": "[tu]"
    }
  },
  {
    "id": "majimak",
    "korean": "마지막",
    "romanization": "majimak",
    "partOfSpeech": "noun",
    "categoryId": "numbers",
    "difficulty": "beginner",
    "frequency": "common",
    "tags": [
      "ordinal",
      "last",
      "basic"
    ],
    "translations": {
      "ko": {
        "word": "마지막",
        "explanation": "순서에서 맨 끝. 더 이상 없는 것.",
        "examples": {
          "beginner": "마지막이에요.",
          "intermediate": "마지막개 주세요.",
          "advanced": "마지막의 발음과 사용법을 익히는 것이 중요합니다.",
          "master": "한국어 숫자 체계에서 마지막의 역할을 이해하면 수량 표현이 자연스러워집니다."
        },
        "dialogue": {
          "context": "물건을 셀 때",
          "dialogue": [
            {
              "speaker": "A",
              "text": "몇 개 드릴까요?",
              "romanization": "myeot gae deurilkkayo?",
              "translation": "How many would you like?"
            },
            {
              "speaker": "B",
              "text": "마지막개 주세요.",
              "romanization": "majimakgae juseyo.",
              "translation": "Last / Final, please."
            },
            {
              "speaker": "A",
              "text": "알겠습니다.",
              "romanization": "algesseupnida.",
              "translation": "Got it."
            },
            {
              "speaker": "B",
              "text": "감사합니다.",
              "romanization": "gamsahapnida.",
              "translation": "Thank you."
            }
          ]
        }
      },
      "en": {
        "word": "Last / Final",
        "explanation": "The very end in order. Nothing more after.",
        "examples": {
          "beginner": "It's last / final.",
          "intermediate": "Give me last / final, please.",
          "advanced": "Learning the pronunciation and usage of last / final is important.",
          "master": "Understanding the role of last / final in Korean number system makes quantity expressions natural."
        },
        "dialogue": {
          "context": "Counting items",
          "dialogue": [
            {
              "speaker": "A",
              "text": "How many would you like?",
              "romanization": "",
              "translation": "몇 개 드릴까요?"
            },
            {
              "speaker": "B",
              "text": "Last / Final, please.",
              "romanization": "",
              "translation": "마지막개 주세요."
            },
            {
              "speaker": "A",
              "text": "Got it.",
              "romanization": "",
              "translation": "알겠습니다."
            },
            {
              "speaker": "B",
              "text": "Thank you.",
              "romanization": "",
              "translation": "감사합니다."
            }
          ]
        }
      }
    },
    "pronunciation": {
      "korean": "[마지막]",
      "ipa": "[madʑimak]"
    }
  },
  {
    "id": "myeot",
    "korean": "몇",
    "romanization": "myeot",
    "partOfSpeech": "determiner",
    "categoryId": "numbers",
    "difficulty": "beginner",
    "frequency": "common",
    "tags": [
      "question",
      "number",
      "basic"
    ],
    "translations": {
      "ko": {
        "word": "몇",
        "explanation": "수량이나 순서를 물을 때 사용하는 말.",
        "examples": {
          "beginner": "몇이에요.",
          "intermediate": "몇개 주세요.",
          "advanced": "몇의 발음과 사용법을 익히는 것이 중요합니다.",
          "master": "한국어 숫자 체계에서 몇의 역할을 이해하면 수량 표현이 자연스러워집니다."
        },
        "dialogue": {
          "context": "물건을 셀 때",
          "dialogue": [
            {
              "speaker": "A",
              "text": "몇 개 드릴까요?",
              "romanization": "myeot gae deurilkkayo?",
              "translation": "How many would you like?"
            },
            {
              "speaker": "B",
              "text": "몇개 주세요.",
              "romanization": "myeotgae juseyo.",
              "translation": "How many / What (number), please."
            },
            {
              "speaker": "A",
              "text": "알겠습니다.",
              "romanization": "algesseupnida.",
              "translation": "Got it."
            },
            {
              "speaker": "B",
              "text": "감사합니다.",
              "romanization": "gamsahapnida.",
              "translation": "Thank you."
            }
          ]
        }
      },
      "en": {
        "word": "How many / What (number)",
        "explanation": "A word used to ask about quantity or order.",
        "examples": {
          "beginner": "It's how many / what (number).",
          "intermediate": "Give me how many / what (number), please.",
          "advanced": "Learning the pronunciation and usage of how many / what (number) is important.",
          "master": "Understanding the role of how many / what (number) in Korean number system makes quantity expressions natural."
        },
        "dialogue": {
          "context": "Counting items",
          "dialogue": [
            {
              "speaker": "A",
              "text": "How many would you like?",
              "romanization": "",
              "translation": "몇 개 드릴까요?"
            },
            {
              "speaker": "B",
              "text": "How many / What (number), please.",
              "romanization": "",
              "translation": "몇개 주세요."
            },
            {
              "speaker": "A",
              "text": "Got it.",
              "romanization": "",
              "translation": "알겠습니다."
            },
            {
              "speaker": "B",
              "text": "Thank you.",
              "romanization": "",
              "translation": "감사합니다."
            }
          ]
        }
      }
    },
    "pronunciation": {
      "korean": "[몇]",
      "ipa": "[mjʌt]"
    }
  },
  {
    "id": "modue",
    "korean": "모두",
    "romanization": "modu",
    "partOfSpeech": "adverb",
    "categoryId": "numbers",
    "difficulty": "beginner",
    "frequency": "common",
    "tags": [
      "quantity",
      "all",
      "basic"
    ],
    "translations": {
      "ko": {
        "word": "모두",
        "explanation": "전부. 다 합쳐서. 빠짐없이 전체.",
        "examples": {
          "beginner": "모두이에요.",
          "intermediate": "모두개 주세요.",
          "advanced": "모두의 발음과 사용법을 익히는 것이 중요합니다.",
          "master": "한국어 숫자 체계에서 모두의 역할을 이해하면 수량 표현이 자연스러워집니다."
        },
        "dialogue": {
          "context": "물건을 셀 때",
          "dialogue": [
            {
              "speaker": "A",
              "text": "몇 개 드릴까요?",
              "romanization": "myeot gae deurilkkayo?",
              "translation": "How many would you like?"
            },
            {
              "speaker": "B",
              "text": "모두개 주세요.",
              "romanization": "modugae juseyo.",
              "translation": "All / Everyone / Everything, please."
            },
            {
              "speaker": "A",
              "text": "알겠습니다.",
              "romanization": "algesseupnida.",
              "translation": "Got it."
            },
            {
              "speaker": "B",
              "text": "감사합니다.",
              "romanization": "gamsahapnida.",
              "translation": "Thank you."
            }
          ]
        }
      },
      "en": {
        "word": "All / Everyone / Everything",
        "explanation": "The whole thing. Combined together. Without exception.",
        "examples": {
          "beginner": "It's all / everyone / everything.",
          "intermediate": "Give me all / everyone / everything, please.",
          "advanced": "Learning the pronunciation and usage of all / everyone / everything is important.",
          "master": "Understanding the role of all / everyone / everything in Korean number system makes quantity expressions natural."
        },
        "dialogue": {
          "context": "Counting items",
          "dialogue": [
            {
              "speaker": "A",
              "text": "How many would you like?",
              "romanization": "",
              "translation": "몇 개 드릴까요?"
            },
            {
              "speaker": "B",
              "text": "All / Everyone / Everything, please.",
              "romanization": "",
              "translation": "모두개 주세요."
            },
            {
              "speaker": "A",
              "text": "Got it.",
              "romanization": "",
              "translation": "알겠습니다."
            },
            {
              "speaker": "B",
              "text": "Thank you.",
              "romanization": "",
              "translation": "감사합니다."
            }
          ]
        }
      }
    },
    "pronunciation": {
      "korean": "[모두]",
      "ipa": "[modu]"
    }
  }
]