[
  {
    "id": "jeonhwa-call",
    "korean": "전화",
    "romanization": "jeonhwa",
    "pronunciation": {
      "korean": "[전화]",
      "ipa": "[tɕʌnɦwa]"
    },
    "partOfSpeech": "noun",
    "categoryId": "objects",
    "difficulty": "beginner",
    "frequency": "common",
    "tags": [
      "communication",
      "basic"
    ],
    "hasDialogue": true,
    "translations": {
      "en": {
        "word": "Phone / Phone call",
        "explanation": "A device for voice communication or the act of calling. Mobile phones are also called '휴대전화'.",
        "examples": {
          "beginner": "I phone / phone call every day.",
          "intermediate": "Phone / Phone call is important in daily life.",
          "advanced": "Through phone / phone call, I maintain a regular lifestyle.",
          "master": "Making phone / phone call a habit is key to improving quality of life."
        }
      },
      "ko": {
        "word": "Phone / Phone call",
        "explanation": "A device for voice communication or the act of calling. Mobile phones are also called '휴대전화'.",
        "examples": {
          "beginner": "I phone / phone call every day.",
          "intermediate": "Phone / Phone call is important in daily life.",
          "advanced": "Through phone / phone call, I maintain a regular lifestyle.",
          "master": "Making phone / phone call a habit is key to improving quality of life."
        }
      }
    }
  },
  {
    "id": "bienu",
    "korean": "비누",
    "romanization": "binu",
    "pronunciation": {
      "korean": "[비누]",
      "ipa": "[pinu]"
    },
    "partOfSpeech": "noun",
    "categoryId": "objects",
    "difficulty": "beginner",
    "frequency": "common",
    "tags": [
      "daily-routine",
      "hygiene"
    ],
    "hasDialogue": true,
    "translations": {
      "en": {
        "word": "Soap",
        "explanation": "A cleansing agent for washing hands or body.",
        "examples": {
          "beginner": "I soap every day.",
          "intermediate": "Soap is important in daily life.",
          "advanced": "Through soap, I maintain a regular lifestyle.",
          "master": "Making soap a habit is key to improving quality of life."
        }
      },
      "ko": {
        "word": "비누",
        "explanation": "손이나 몸을 씻을 때 쓰는 세정제.",
        "examples": {
          "beginner": "매일 비누을/를 해요.",
          "intermediate": "비누은/는 일상에서 중요해요.",
          "advanced": "비누을/를 통해 규칙적인 생활을 유지합니다.",
          "master": "비누의 습관화는 삶의 질을 향상시키는 핵심입니다."
        }
      }
    }
  },
  {
    "id": "sosoji",
    "korean": "수건",
    "romanization": "sugeon",
    "pronunciation": {
      "korean": "[소시지]",
      "ipa": "[soɕidʑi]"
    },
    "partOfSpeech": "noun",
    "categoryId": "objects",
    "difficulty": "beginner",
    "frequency": "common",
    "tags": [
      "daily-routine",
      "object"
    ],
    "hasDialogue": true,
    "translations": {
      "en": {
        "word": "Towel",
        "explanation": "Cloth for drying water.",
        "examples": {
          "beginner": "I towel every day.",
          "intermediate": "Towel is important in daily life.",
          "advanced": "Through towel, I maintain a regular lifestyle.",
          "master": "Making towel a habit is key to improving quality of life."
        }
      },
      "ko": {
        "word": "수건",
        "explanation": "물기를 닦는 천.",
        "examples": {
          "beginner": "매일 수건을/를 해요.",
          "intermediate": "수건은/는 일상에서 중요해요.",
          "advanced": "수건을/를 통해 규칙적인 생활을 유지합니다.",
          "master": "수건의 습관화는 삶의 질을 향상시키는 핵심입니다."
        }
      }
    }
  },
  {
    "id": "d-hom-빗jang",
    "korean": "빗장",
    "romanization": "bitjang",
    "pronunciation": {
      "korean": "[빗장]",
      "ipa": "[bitjang]"
    },
    "partOfSpeech": "noun",
    "categoryId": "objects",
    "difficulty": "beginner",
    "frequency": "common",
    "tags": [],
    "hasDialogue": true,
    "translations": {
      "en": {
        "word": "latch",
        "explanation": "'빗장' means 'latch' in English.",
        "examples": {
          "beginner": "We say \"빗장\" in Korean.",
          "intermediate": "In Korea, people often say \"빗장\".",
          "advanced": "\"빗장\" is an important expression in Korean.",
          "master": "Understanding the cultural context of \"빗장\" makes communication more natural."
        },
        "variations": {
          "formal": [
            "It is latch.",
            "There is latch."
          ],
          "casual": [
            "It's latch.",
            "latch, you know."
          ],
          "short": [
            "latch"
          ]
        }
      },
      "ko": {
        "word": "빗장",
        "explanation": "빗장의 뜻은 'latch'입니다.",
        "examples": {
          "beginner": "\"빗장\"는 한국어로 말해요.",
          "intermediate": "한국에서는 \"빗장\"를 자주 써요.",
          "advanced": "\"빗장\"는 한국어에서 중요한 표현입니다.",
          "master": "\"빗장\"의 문화적 맥락을 이해하면 더 자연스럽게 소통할 수 있습니다."
        },
        "variations": {
          "formal": [
            "빗장입니다.",
            "빗장이/가 있습니다."
          ],
          "casual": [
            "빗장이야.",
            "빗장 있어."
          ],
          "short": [
            "빗장"
          ]
        }
      }
    }
  },
  {
    "id": "d-hom-bidio폰",
    "korean": "비디오폰",
    "romanization": "bidiopon",
    "pronunciation": {
      "korean": "[비디오폰]",
      "ipa": "[bidiopon]"
    },
    "partOfSpeech": "noun",
    "categoryId": "objects",
    "difficulty": "beginner",
    "frequency": "common",
    "tags": [],
    "hasDialogue": true,
    "translations": {
      "en": {
        "word": "video phone",
        "explanation": "'비디오폰' means 'video phone' in English.",
        "examples": {
          "beginner": "We say \"비디오폰\" in Korean.",
          "intermediate": "In Korea, people often say \"비디오폰\".",
          "advanced": "\"비디오폰\" is an important expression in Korean.",
          "master": "Understanding the cultural context of \"비디오폰\" makes communication more natural."
        },
        "variations": {
          "formal": [
            "It is video phone.",
            "There is video phone."
          ],
          "casual": [
            "It's video phone.",
            "video phone, you know."
          ],
          "short": [
            "video"
          ]
        }
      },
      "ko": {
        "word": "video phone",
        "explanation": "'비디오폰' means 'video phone' in English.",
        "examples": {
          "beginner": "We say \"비디오폰\" in Korean.",
          "intermediate": "In Korea, people often say \"비디오폰\".",
          "advanced": "\"비디오폰\" is an important expression in Korean.",
          "master": "Understanding the cultural context of \"비디오폰\" makes communication more natural."
        },
        "variations": {
          "formal": [
            "It is video phone.",
            "There is video phone."
          ],
          "casual": [
            "It's video phone.",
            "video phone, you know."
          ],
          "short": [
            "video"
          ]
        }
      }
    }
  },
  {
    "id": "d-hom-geoulyuri",
    "korean": "거울유리",
    "romanization": "geoulyuri",
    "pronunciation": {
      "korean": "[거울유리]",
      "ipa": "[geoulyuri]"
    },
    "partOfSpeech": "noun",
    "categoryId": "objects",
    "difficulty": "beginner",
    "frequency": "common",
    "tags": [],
    "hasDialogue": true,
    "translations": {
      "en": {
        "word": "mirror glass",
        "explanation": "'거울유리' means 'mirror glass' in English.",
        "examples": {
          "beginner": "We say \"거울유리\" in Korean.",
          "intermediate": "In Korea, people often say \"거울유리\".",
          "advanced": "\"거울유리\" is an important expression in Korean.",
          "master": "Understanding the cultural context of \"거울유리\" makes communication more natural."
        },
        "variations": {
          "formal": [
            "It is mirror glass.",
            "There is mirror glass."
          ],
          "casual": [
            "It's mirror glass.",
            "mirror glass, you know."
          ],
          "short": [
            "mirror"
          ]
        }
      },
      "ko": {
        "word": "거울유리",
        "explanation": "거울유리의 뜻은 'mirror glass'입니다.",
        "examples": {
          "beginner": "\"거울유리\"는 한국어로 말해요.",
          "intermediate": "한국에서는 \"거울유리\"를 자주 써요.",
          "advanced": "\"거울유리\"는 한국어에서 중요한 표현입니다.",
          "master": "\"거울유리\"의 문화적 맥락을 이해하면 더 자연스럽게 소통할 수 있습니다."
        },
        "variations": {
          "formal": [
            "거울유리입니다.",
            "거울유리이/가 있습니다."
          ],
          "casual": [
            "거울유리이야.",
            "거울유리 있어."
          ],
          "short": [
            "거울"
          ]
        }
      }
    }
  },
  {
    "id": "d-hom-geoul",
    "korean": "거울",
    "romanization": "geoul",
    "pronunciation": {
      "korean": "[거울]",
      "ipa": "[geoul]"
    },
    "partOfSpeech": "noun",
    "categoryId": "objects",
    "difficulty": "beginner",
    "frequency": "common",
    "tags": [],
    "hasDialogue": true,
    "translations": {
      "en": {
        "word": "mirror",
        "explanation": "'거울' means 'mirror' in English.",
        "examples": {
          "beginner": "We say \"거울\" in Korean.",
          "intermediate": "In Korea, people often say \"거울\".",
          "advanced": "\"거울\" is an important expression in Korean.",
          "master": "Understanding the cultural context of \"거울\" makes communication more natural."
        },
        "variations": {
          "formal": [
            "It is mirror.",
            "There is mirror."
          ],
          "casual": [
            "It's mirror.",
            "mirror, you know."
          ],
          "short": [
            "mirror"
          ]
        }
      },
      "ko": {
        "word": "거울",
        "explanation": "거울의 뜻은 'mirror'입니다.",
        "examples": {
          "beginner": "\"거울\"는 한국어로 말해요.",
          "intermediate": "한국에서는 \"거울\"를 자주 써요.",
          "advanced": "\"거울\"는 한국어에서 중요한 표현입니다.",
          "master": "\"거울\"의 문화적 맥락을 이해하면 더 자연스럽게 소통할 수 있습니다."
        },
        "variations": {
          "formal": [
            "거울입니다.",
            "거울이/가 있습니다."
          ],
          "casual": [
            "거울이야.",
            "거울 있어."
          ],
          "short": [
            "거울"
          ]
        }
      }
    }
  },
  {
    "id": "d-hom-usan꽂i",
    "korean": "우산꽂이",
    "romanization": "usankkoti",
    "pronunciation": {
      "korean": "[우산꽂이]",
      "ipa": "[usankkoti]"
    },
    "partOfSpeech": "noun",
    "categoryId": "objects",
    "difficulty": "beginner",
    "frequency": "common",
    "tags": [],
    "hasDialogue": true,
    "translations": {
      "en": {
        "word": "umbrella stand",
        "explanation": "'우산꽂이' means 'umbrella stand' in English.",
        "examples": {
          "beginner": "We say \"우산꽂이\" in Korean.",
          "intermediate": "In Korea, people often say \"우산꽂이\".",
          "advanced": "\"우산꽂이\" is an important expression in Korean.",
          "master": "Understanding the cultural context of \"우산꽂이\" makes communication more natural."
        },
        "variations": {
          "formal": [
            "It is umbrella stand.",
            "There is umbrella stand."
          ],
          "casual": [
            "It's umbrella stand.",
            "umbrella stand, you know."
          ],
          "short": [
            "umbrella"
          ]
        }
      },
      "ko": {
        "word": "우산꽂이",
        "explanation": "우산꽂이의 뜻은 'umbrella stand'입니다.",
        "examples": {
          "beginner": "\"우산꽂이\"는 한국어로 말해요.",
          "intermediate": "한국에서는 \"우산꽂이\"를 자주 써요.",
          "advanced": "\"우산꽂이\"는 한국어에서 중요한 표현입니다.",
          "master": "\"우산꽂이\"의 문화적 맥락을 이해하면 더 자연스럽게 소통할 수 있습니다."
        },
        "variations": {
          "formal": [
            "우산꽂이입니다.",
            "우산꽂이이/가 있습니다."
          ],
          "casual": [
            "우산꽂이이야.",
            "우산꽂이 있어."
          ],
          "short": [
            "우산"
          ]
        }
      }
    }
  },
  {
    "id": "d-hom-jeonsingeoul",
    "korean": "전신거울",
    "romanization": "jeonsingeoul",
    "pronunciation": {
      "korean": "[전신거울]",
      "ipa": "[jeonsingeoul]"
    },
    "partOfSpeech": "noun",
    "categoryId": "objects",
    "difficulty": "beginner",
    "frequency": "common",
    "tags": [],
    "hasDialogue": true,
    "translations": {
      "en": {
        "word": "full-length mirror",
        "explanation": "'전신거울' means 'full-length mirror' in English.",
        "examples": {
          "beginner": "We say \"전신거울\" in Korean.",
          "intermediate": "In Korea, people often say \"전신거울\".",
          "advanced": "\"전신거울\" is an important expression in Korean.",
          "master": "Understanding the cultural context of \"전신거울\" makes communication more natural."
        },
        "variations": {
          "formal": [
            "It is full-length mirror.",
            "There is full-length mirror."
          ],
          "casual": [
            "It's full-length mirror.",
            "full-length mirror, you know."
          ],
          "short": [
            "full-length"
          ]
        }
      },
      "ko": {
        "word": "전신거울",
        "explanation": "전신거울의 뜻은 'full-length mirror'입니다.",
        "examples": {
          "beginner": "\"전신거울\"는 한국어로 말해요.",
          "intermediate": "한국에서는 \"전신거울\"를 자주 써요.",
          "advanced": "\"전신거울\"는 한국어에서 중요한 표현입니다.",
          "master": "\"전신거울\"의 문화적 맥락을 이해하면 더 자연스럽게 소통할 수 있습니다."
        },
        "variations": {
          "formal": [
            "전신거울입니다.",
            "전신거울이/가 있습니다."
          ],
          "casual": [
            "전신거울이야.",
            "전신거울 있어."
          ],
          "short": [
            "전신"
          ]
        }
      }
    }
  },
  {
    "id": "d-hom-jomyeonggeoul",
    "korean": "조명거울",
    "romanization": "jomyeonggeoul",
    "pronunciation": {
      "korean": "[조명거울]",
      "ipa": "[jomyeonggeoul]"
    },
    "partOfSpeech": "noun",
    "categoryId": "objects",
    "difficulty": "beginner",
    "frequency": "common",
    "tags": [],
    "hasDialogue": true,
    "translations": {
      "en": {
        "word": "lighted mirror",
        "explanation": "'조명거울' means 'lighted mirror' in English.",
        "examples": {
          "beginner": "We say \"조명거울\" in Korean.",
          "intermediate": "In Korea, people often say \"조명거울\".",
          "advanced": "\"조명거울\" is an important expression in Korean.",
          "master": "Understanding the cultural context of \"조명거울\" makes communication more natural."
        },
        "variations": {
          "formal": [
            "It is lighted mirror.",
            "There is lighted mirror."
          ],
          "casual": [
            "It's lighted mirror.",
            "lighted mirror, you know."
          ],
          "short": [
            "lighted"
          ]
        }
      },
      "ko": {
        "word": "조명거울",
        "explanation": "조명거울의 뜻은 'lighted mirror'입니다.",
        "examples": {
          "beginner": "\"조명거울\"는 한국어로 말해요.",
          "intermediate": "한국에서는 \"조명거울\"를 자주 써요.",
          "advanced": "\"조명거울\"는 한국어에서 중요한 표현입니다.",
          "master": "\"조명거울\"의 문화적 맥락을 이해하면 더 자연스럽게 소통할 수 있습니다."
        },
        "variations": {
          "formal": [
            "조명거울입니다.",
            "조명거울이/가 있습니다."
          ],
          "casual": [
            "조명거울이야.",
            "조명거울 있어."
          ],
          "short": [
            "조명"
          ]
        }
      }
    }
  },
  {
    "id": "d-hom-확daegeoul",
    "korean": "확대거울",
    "romanization": "hwakdaegeoul",
    "pronunciation": {
      "korean": "[확대거울]",
      "ipa": "[hwakdaegeoul]"
    },
    "partOfSpeech": "noun",
    "categoryId": "objects",
    "difficulty": "beginner",
    "frequency": "common",
    "tags": [],
    "hasDialogue": true,
    "translations": {
      "en": {
        "word": "magnifying mirror",
        "explanation": "'확대거울' means 'magnifying mirror' in English.",
        "examples": {
          "beginner": "We say \"확대거울\" in Korean.",
          "intermediate": "In Korea, people often say \"확대거울\".",
          "advanced": "\"확대거울\" is an important expression in Korean.",
          "master": "Understanding the cultural context of \"확대거울\" makes communication more natural."
        },
        "variations": {
          "formal": [
            "It is magnifying mirror.",
            "There is magnifying mirror."
          ],
          "casual": [
            "It's magnifying mirror.",
            "magnifying mirror, you know."
          ],
          "short": [
            "magnifying"
          ]
        }
      },
      "ko": {
        "word": "확대거울",
        "explanation": "확대거울의 뜻은 'magnifying mirror'입니다.",
        "examples": {
          "beginner": "\"확대거울\"는 한국어로 말해요.",
          "intermediate": "한국에서는 \"확대거울\"를 자주 써요.",
          "advanced": "\"확대거울\"는 한국어에서 중요한 표현입니다.",
          "master": "\"확대거울\"의 문화적 맥락을 이해하면 더 자연스럽게 소통할 수 있습니다."
        },
        "variations": {
          "formal": [
            "확대거울입니다.",
            "확대거울이/가 있습니다."
          ],
          "casual": [
            "확대거울이야.",
            "확대거울 있어."
          ],
          "short": [
            "확대"
          ]
        }
      }
    }
  },
  {
    "id": "d-hom-geouljang",
    "korean": "거울장",
    "romanization": "geouljang",
    "pronunciation": {
      "korean": "[거울장]",
      "ipa": "[geouljang]"
    },
    "partOfSpeech": "noun",
    "categoryId": "objects",
    "difficulty": "beginner",
    "frequency": "common",
    "tags": [],
    "hasDialogue": true,
    "translations": {
      "en": {
        "word": "medicine cabinet",
        "explanation": "'거울장' means 'medicine cabinet' in English.",
        "examples": {
          "beginner": "We say \"거울장\" in Korean.",
          "intermediate": "In Korea, people often say \"거울장\".",
          "advanced": "\"거울장\" is an important expression in Korean.",
          "master": "Understanding the cultural context of \"거울장\" makes communication more natural."
        },
        "variations": {
          "formal": [
            "It is medicine cabinet.",
            "There is medicine cabinet."
          ],
          "casual": [
            "It's medicine cabinet.",
            "medicine cabinet, you know."
          ],
          "short": [
            "medicine"
          ]
        }
      },
      "ko": {
        "word": "거울장",
        "explanation": "거울장의 뜻은 'medicine cabinet'입니다.",
        "examples": {
          "beginner": "\"거울장\"는 한국어로 말해요.",
          "intermediate": "한국에서는 \"거울장\"를 자주 써요.",
          "advanced": "\"거울장\"는 한국어에서 중요한 표현입니다.",
          "master": "\"거울장\"의 문화적 맥락을 이해하면 더 자연스럽게 소통할 수 있습니다."
        },
        "variations": {
          "formal": [
            "거울장입니다.",
            "거울장이/가 있습니다."
          ],
          "casual": [
            "거울장이야.",
            "거울장 있어."
          ],
          "short": [
            "거울"
          ]
        }
      }
    }
  },
  {
    "id": "d-hom-sugeongeoli",
    "korean": "수건걸이",
    "romanization": "sugeongeoli",
    "pronunciation": {
      "korean": "[수건걸이]",
      "ipa": "[sugeongeoli]"
    },
    "partOfSpeech": "noun",
    "categoryId": "objects",
    "difficulty": "beginner",
    "frequency": "common",
    "tags": [],
    "hasDialogue": true,
    "translations": {
      "en": {
        "word": "towel rack",
        "explanation": "'수건걸이' means 'towel rack' in English.",
        "examples": {
          "beginner": "We say \"수건걸이\" in Korean.",
          "intermediate": "In Korea, people often say \"수건걸이\".",
          "advanced": "\"수건걸이\" is an important expression in Korean.",
          "master": "Understanding the cultural context of \"수건걸이\" makes communication more natural."
        },
        "variations": {
          "formal": [
            "It is towel rack.",
            "There is towel rack."
          ],
          "casual": [
            "It's towel rack.",
            "towel rack, you know."
          ],
          "short": [
            "towel"
          ]
        }
      },
      "ko": {
        "word": "수건걸이",
        "explanation": "수건걸이의 뜻은 'towel rack'입니다.",
        "examples": {
          "beginner": "\"수건걸이\"는 한국어로 말해요.",
          "intermediate": "한국에서는 \"수건걸이\"를 자주 써요.",
          "advanced": "\"수건걸이\"는 한국어에서 중요한 표현입니다.",
          "master": "\"수건걸이\"의 문화적 맥락을 이해하면 더 자연스럽게 소통할 수 있습니다."
        },
        "variations": {
          "formal": [
            "수건걸이입니다.",
            "수건걸이이/가 있습니다."
          ],
          "casual": [
            "수건걸이이야.",
            "수건걸이 있어."
          ],
          "short": [
            "수건"
          ]
        }
      }
    }
  },
  {
    "id": "d-hom-sugeongori",
    "korean": "수건고리",
    "romanization": "sugeongori",
    "pronunciation": {
      "korean": "[수건고리]",
      "ipa": "[sugeongori]"
    },
    "partOfSpeech": "noun",
    "categoryId": "objects",
    "difficulty": "beginner",
    "frequency": "common",
    "tags": [],
    "hasDialogue": true,
    "translations": {
      "en": {
        "word": "towel ring",
        "explanation": "'수건고리' means 'towel ring' in English.",
        "examples": {
          "beginner": "We say \"수건고리\" in Korean.",
          "intermediate": "In Korea, people often say \"수건고리\".",
          "advanced": "\"수건고리\" is an important expression in Korean.",
          "master": "Understanding the cultural context of \"수건고리\" makes communication more natural."
        },
        "variations": {
          "formal": [
            "It is towel ring.",
            "There is towel ring."
          ],
          "casual": [
            "It's towel ring.",
            "towel ring, you know."
          ],
          "short": [
            "towel"
          ]
        }
      },
      "ko": {
        "word": "수건고리",
        "explanation": "수건고리의 뜻은 'towel ring'입니다.",
        "examples": {
          "beginner": "\"수건고리\"는 한국어로 말해요.",
          "intermediate": "한국에서는 \"수건고리\"를 자주 써요.",
          "advanced": "\"수건고리\"는 한국어에서 중요한 표현입니다.",
          "master": "\"수건고리\"의 문화적 맥락을 이해하면 더 자연스럽게 소통할 수 있습니다."
        },
        "variations": {
          "formal": [
            "수건고리입니다.",
            "수건고리이/가 있습니다."
          ],
          "casual": [
            "수건고리이야.",
            "수건고리 있어."
          ],
          "short": [
            "수건"
          ]
        }
      }
    }
  },
  {
    "id": "d-hom-taolba",
    "korean": "타올바",
    "romanization": "taolba",
    "pronunciation": {
      "korean": "[타올바]",
      "ipa": "[taolba]"
    },
    "partOfSpeech": "noun",
    "categoryId": "objects",
    "difficulty": "beginner",
    "frequency": "common",
    "tags": [],
    "hasDialogue": true,
    "translations": {
      "en": {
        "word": "towel bar",
        "explanation": "'타올바' means 'towel bar' in English.",
        "examples": {
          "beginner": "We say \"타올바\" in Korean.",
          "intermediate": "In Korea, people often say \"타올바\".",
          "advanced": "\"타올바\" is an important expression in Korean.",
          "master": "Understanding the cultural context of \"타올바\" makes communication more natural."
        },
        "variations": {
          "formal": [
            "It is towel bar.",
            "There is towel bar."
          ],
          "casual": [
            "It's towel bar.",
            "towel bar, you know."
          ],
          "short": [
            "towel"
          ]
        }
      },
      "ko": {
        "word": "towel bar",
        "explanation": "'타올바' means 'towel bar' in English.",
        "examples": {
          "beginner": "We say \"타올바\" in Korean.",
          "intermediate": "In Korea, people often say \"타올바\".",
          "advanced": "\"타올바\" is an important expression in Korean.",
          "master": "Understanding the cultural context of \"타올바\" makes communication more natural."
        },
        "variations": {
          "formal": [
            "It is towel bar.",
            "There is towel bar."
          ],
          "casual": [
            "It's towel bar.",
            "towel bar, you know."
          ],
          "short": [
            "towel"
          ]
        }
      }
    }
  },
  {
    "id": "d-hom-taolseonban",
    "korean": "타올선반",
    "romanization": "taolseonban",
    "pronunciation": {
      "korean": "[타올선반]",
      "ipa": "[taolseonban]"
    },
    "partOfSpeech": "noun",
    "categoryId": "objects",
    "difficulty": "beginner",
    "frequency": "common",
    "tags": [],
    "hasDialogue": true,
    "translations": {
      "en": {
        "word": "towel shelf",
        "explanation": "'타올선반' means 'towel shelf' in English.",
        "examples": {
          "beginner": "We say \"타올선반\" in Korean.",
          "intermediate": "In Korea, people often say \"타올선반\".",
          "advanced": "\"타올선반\" is an important expression in Korean.",
          "master": "Understanding the cultural context of \"타올선반\" makes communication more natural."
        },
        "variations": {
          "formal": [
            "It is towel shelf.",
            "There is towel shelf."
          ],
          "casual": [
            "It's towel shelf.",
            "towel shelf, you know."
          ],
          "short": [
            "towel"
          ]
        }
      },
      "ko": {
        "word": "towel shelf",
        "explanation": "'타올선반' means 'towel shelf' in English.",
        "examples": {
          "beginner": "We say \"타올선반\" in Korean.",
          "intermediate": "In Korea, people often say \"타올선반\".",
          "advanced": "\"타올선반\" is an important expression in Korean.",
          "master": "Understanding the cultural context of \"타올선반\" makes communication more natural."
        },
        "variations": {
          "formal": [
            "It is towel shelf.",
            "There is towel shelf."
          ],
          "casual": [
            "It's towel shelf.",
            "towel shelf, you know."
          ],
          "short": [
            "towel"
          ]
        }
      }
    }
  },
  {
    "id": "d-hom-binu받chim",
    "korean": "비누받침",
    "romanization": "binubatchim",
    "pronunciation": {
      "korean": "[비누받침]",
      "ipa": "[binubatchim]"
    },
    "partOfSpeech": "noun",
    "categoryId": "objects",
    "difficulty": "beginner",
    "frequency": "common",
    "tags": [],
    "hasDialogue": true,
    "translations": {
      "en": {
        "word": "soap dish",
        "explanation": "'비누받침' means 'soap dish' in English.",
        "examples": {
          "beginner": "We say \"비누받침\" in Korean.",
          "intermediate": "In Korea, people often say \"비누받침\".",
          "advanced": "\"비누받침\" is an important expression in Korean.",
          "master": "Understanding the cultural context of \"비누받침\" makes communication more natural."
        },
        "variations": {
          "formal": [
            "It is soap dish.",
            "There is soap dish."
          ],
          "casual": [
            "It's soap dish.",
            "soap dish, you know."
          ],
          "short": [
            "soap"
          ]
        }
      },
      "ko": {
        "word": "비누받침",
        "explanation": "비누받침의 뜻은 'soap dish'입니다.",
        "examples": {
          "beginner": "\"비누받침\"는 한국어로 말해요.",
          "intermediate": "한국에서는 \"비누받침\"를 자주 써요.",
          "advanced": "\"비누받침\"는 한국어에서 중요한 표현입니다.",
          "master": "\"비누받침\"의 문화적 맥락을 이해하면 더 자연스럽게 소통할 수 있습니다."
        },
        "variations": {
          "formal": [
            "비누받침입니다.",
            "비누받침이/가 있습니다."
          ],
          "casual": [
            "비누받침이야.",
            "비누받침 있어."
          ],
          "short": [
            "비누"
          ]
        }
      }
    }
  },
  {
    "id": "d-hom-binudiseu펜seo",
    "korean": "비누디스펜서",
    "romanization": "binudiseupenseo",
    "pronunciation": {
      "korean": "[비누디스펜서]",
      "ipa": "[binudiseupenseo]"
    },
    "partOfSpeech": "noun",
    "categoryId": "objects",
    "difficulty": "beginner",
    "frequency": "common",
    "tags": [],
    "hasDialogue": true,
    "translations": {
      "en": {
        "word": "soap dispenser",
        "explanation": "'비누디스펜서' means 'soap dispenser' in English.",
        "examples": {
          "beginner": "We say \"비누디스펜서\" in Korean.",
          "intermediate": "In Korea, people often say \"비누디스펜서\".",
          "advanced": "\"비누디스펜서\" is an important expression in Korean.",
          "master": "Understanding the cultural context of \"비누디스펜서\" makes communication more natural."
        },
        "variations": {
          "formal": [
            "It is soap dispenser.",
            "There is soap dispenser."
          ],
          "casual": [
            "It's soap dispenser.",
            "soap dispenser, you know."
          ],
          "short": [
            "soap"
          ]
        }
      },
      "ko": {
        "word": "비누디스펜서",
        "explanation": "비누디스펜서의 뜻은 'soap dispenser'입니다.",
        "examples": {
          "beginner": "\"비누디스펜서\"는 한국어로 말해요.",
          "intermediate": "한국에서는 \"비누디스펜서\"를 자주 써요.",
          "advanced": "\"비누디스펜서\"는 한국어에서 중요한 표현입니다.",
          "master": "\"비누디스펜서\"의 문화적 맥락을 이해하면 더 자연스럽게 소통할 수 있습니다."
        },
        "variations": {
          "formal": [
            "비누디스펜서입니다.",
            "비누디스펜서이/가 있습니다."
          ],
          "casual": [
            "비누디스펜서이야.",
            "비누디스펜서 있어."
          ],
          "short": [
            "비누"
          ]
        }
      }
    }
  },
  {
    "id": "d-hom-휴jigeoli",
    "korean": "휴지걸이",
    "romanization": "hyujigeoli",
    "pronunciation": {
      "korean": "[휴지걸이]",
      "ipa": "[hyujigeoli]"
    },
    "partOfSpeech": "noun",
    "categoryId": "objects",
    "difficulty": "beginner",
    "frequency": "common",
    "tags": [],
    "hasDialogue": true,
    "translations": {
      "en": {
        "word": "toilet paper holder",
        "explanation": "'휴지걸이' means 'toilet paper holder' in English.",
        "examples": {
          "beginner": "We say \"휴지걸이\" in Korean.",
          "intermediate": "In Korea, people often say \"휴지걸이\".",
          "advanced": "\"휴지걸이\" is an important expression in Korean.",
          "master": "Understanding the cultural context of \"휴지걸이\" makes communication more natural."
        },
        "variations": {
          "formal": [
            "It is toilet paper holder.",
            "There is toilet paper holder."
          ],
          "casual": [
            "It's toilet paper holder.",
            "toilet paper holder, you know."
          ],
          "short": [
            "toilet"
          ]
        }
      },
      "ko": {
        "word": "휴지걸이",
        "explanation": "휴지걸이의 뜻은 'toilet paper holder'입니다.",
        "examples": {
          "beginner": "\"휴지걸이\"는 한국어로 말해요.",
          "intermediate": "한국에서는 \"휴지걸이\"를 자주 써요.",
          "advanced": "\"휴지걸이\"는 한국어에서 중요한 표현입니다.",
          "master": "\"휴지걸이\"의 문화적 맥락을 이해하면 더 자연스럽게 소통할 수 있습니다."
        },
        "variations": {
          "formal": [
            "휴지걸이입니다.",
            "휴지걸이이/가 있습니다."
          ],
          "casual": [
            "휴지걸이이야.",
            "휴지걸이 있어."
          ],
          "short": [
            "휴지"
          ]
        }
      }
    }
  },
  {
    "id": "d-hom-휴jitong",
    "korean": "휴지통",
    "romanization": "hyujitong",
    "pronunciation": {
      "korean": "[휴지통]",
      "ipa": "[hyujitong]"
    },
    "partOfSpeech": "noun",
    "categoryId": "objects",
    "difficulty": "beginner",
    "frequency": "common",
    "tags": [],
    "hasDialogue": true,
    "translations": {
      "en": {
        "word": "trash can",
        "explanation": "'휴지통' means 'trash can' in English.",
        "examples": {
          "beginner": "We say \"휴지통\" in Korean.",
          "intermediate": "In Korea, people often say \"휴지통\".",
          "advanced": "\"휴지통\" is an important expression in Korean.",
          "master": "Understanding the cultural context of \"휴지통\" makes communication more natural."
        },
        "variations": {
          "formal": [
            "It is trash can.",
            "There is trash can."
          ],
          "casual": [
            "It's trash can.",
            "trash can, you know."
          ],
          "short": [
            "trash"
          ]
        }
      },
      "ko": {
        "word": "휴지통",
        "explanation": "휴지통의 뜻은 'trash can'입니다.",
        "examples": {
          "beginner": "\"휴지통\"는 한국어로 말해요.",
          "intermediate": "한국에서는 \"휴지통\"를 자주 써요.",
          "advanced": "\"휴지통\"는 한국어에서 중요한 표현입니다.",
          "master": "\"휴지통\"의 문화적 맥락을 이해하면 더 자연스럽게 소통할 수 있습니다."
        },
        "variations": {
          "formal": [
            "휴지통입니다.",
            "휴지통이/가 있습니다."
          ],
          "casual": [
            "휴지통이야.",
            "휴지통 있어."
          ],
          "short": [
            "휴지"
          ]
        }
      }
    }
  },
  {
    "id": "d-hom-sonsugeon",
    "korean": "손수건",
    "romanization": "sonsugeon",
    "pronunciation": {
      "korean": "[손수건]",
      "ipa": "[sonsugeon]"
    },
    "partOfSpeech": "noun",
    "categoryId": "objects",
    "difficulty": "beginner",
    "frequency": "common",
    "tags": [],
    "hasDialogue": true,
    "translations": {
      "en": {
        "word": "hand towel",
        "explanation": "'손수건' means 'hand towel' in English.",
        "examples": {
          "beginner": "We say \"손수건\" in Korean.",
          "intermediate": "In Korea, people often say \"손수건\".",
          "advanced": "\"손수건\" is an important expression in Korean.",
          "master": "Understanding the cultural context of \"손수건\" makes communication more natural."
        },
        "variations": {
          "formal": [
            "It is hand towel.",
            "There is hand towel."
          ],
          "casual": [
            "It's hand towel.",
            "hand towel, you know."
          ],
          "short": [
            "hand"
          ]
        }
      },
      "ko": {
        "word": "손수건",
        "explanation": "손수건의 뜻은 'hand towel'입니다.",
        "examples": {
          "beginner": "\"손수건\"는 한국어로 말해요.",
          "intermediate": "한국에서는 \"손수건\"를 자주 써요.",
          "advanced": "\"손수건\"는 한국어에서 중요한 표현입니다.",
          "master": "\"손수건\"의 문화적 맥락을 이해하면 더 자연스럽게 소통할 수 있습니다."
        },
        "variations": {
          "formal": [
            "손수건입니다.",
            "손수건이/가 있습니다."
          ],
          "casual": [
            "손수건이야.",
            "손수건 있어."
          ],
          "short": [
            "손수"
          ]
        }
      }
    }
  },
  {
    "id": "d-hom-se면sugeon",
    "korean": "세면수건",
    "romanization": "semyeonsugeon",
    "pronunciation": {
      "korean": "[세면수건]",
      "ipa": "[semyeonsugeon]"
    },
    "partOfSpeech": "noun",
    "categoryId": "objects",
    "difficulty": "beginner",
    "frequency": "common",
    "tags": [],
    "hasDialogue": true,
    "translations": {
      "en": {
        "word": "face towel",
        "explanation": "'세면수건' means 'face towel' in English.",
        "examples": {
          "beginner": "We say \"세면수건\" in Korean.",
          "intermediate": "In Korea, people often say \"세면수건\".",
          "advanced": "\"세면수건\" is an important expression in Korean.",
          "master": "Understanding the cultural context of \"세면수건\" makes communication more natural."
        },
        "variations": {
          "formal": [
            "It is face towel.",
            "There is face towel."
          ],
          "casual": [
            "It's face towel.",
            "face towel, you know."
          ],
          "short": [
            "face"
          ]
        }
      },
      "ko": {
        "word": "세면수건",
        "explanation": "세면수건의 뜻은 'face towel'입니다.",
        "examples": {
          "beginner": "\"세면수건\"는 한국어로 말해요.",
          "intermediate": "한국에서는 \"세면수건\"를 자주 써요.",
          "advanced": "\"세면수건\"는 한국어에서 중요한 표현입니다.",
          "master": "\"세면수건\"의 문화적 맥락을 이해하면 더 자연스럽게 소통할 수 있습니다."
        },
        "variations": {
          "formal": [
            "세면수건입니다.",
            "세면수건이/가 있습니다."
          ],
          "casual": [
            "세면수건이야.",
            "세면수건 있어."
          ],
          "short": [
            "세면"
          ]
        }
      }
    }
  },
  {
    "id": "d-hom-bichita월",
    "korean": "비치타월",
    "romanization": "bichitawol",
    "pronunciation": {
      "korean": "[비치타월]",
      "ipa": "[bichitawol]"
    },
    "partOfSpeech": "noun",
    "categoryId": "objects",
    "difficulty": "beginner",
    "frequency": "common",
    "tags": [],
    "hasDialogue": true,
    "translations": {
      "en": {
        "word": "beach towel",
        "explanation": "'비치타월' means 'beach towel' in English.",
        "examples": {
          "beginner": "We say \"비치타월\" in Korean.",
          "intermediate": "In Korea, people often say \"비치타월\".",
          "advanced": "\"비치타월\" is an important expression in Korean.",
          "master": "Understanding the cultural context of \"비치타월\" makes communication more natural."
        },
        "variations": {
          "formal": [
            "It is beach towel.",
            "There is beach towel."
          ],
          "casual": [
            "It's beach towel.",
            "beach towel, you know."
          ],
          "short": [
            "beach"
          ]
        }
      },
      "ko": {
        "word": "beach towel",
        "explanation": "'비치타월' means 'beach towel' in English.",
        "examples": {
          "beginner": "We say \"비치타월\" in Korean.",
          "intermediate": "In Korea, people often say \"비치타월\".",
          "advanced": "\"비치타월\" is an important expression in Korean.",
          "master": "Understanding the cultural context of \"비치타월\" makes communication more natural."
        },
        "variations": {
          "formal": [
            "It is beach towel.",
            "There is beach towel."
          ],
          "casual": [
            "It's beach towel.",
            "beach towel, you know."
          ],
          "short": [
            "beach"
          ]
        }
      }
    }
  },
  {
    "id": "d-hom-taol",
    "korean": "타올",
    "romanization": "taol",
    "pronunciation": {
      "korean": "[타올]",
      "ipa": "[taol]"
    },
    "partOfSpeech": "noun",
    "categoryId": "objects",
    "difficulty": "beginner",
    "frequency": "common",
    "tags": [],
    "hasDialogue": true,
    "translations": {
      "en": {
        "word": "towel",
        "explanation": "'타올' means 'towel' in English.",
        "examples": {
          "beginner": "We say \"타올\" in Korean.",
          "intermediate": "In Korea, people often say \"타올\".",
          "advanced": "\"타올\" is an important expression in Korean.",
          "master": "Understanding the cultural context of \"타올\" makes communication more natural."
        },
        "variations": {
          "formal": [
            "It is towel.",
            "There is towel."
          ],
          "casual": [
            "It's towel.",
            "towel, you know."
          ],
          "short": [
            "towel"
          ]
        }
      },
      "ko": {
        "word": "towel",
        "explanation": "'타올' means 'towel' in English.",
        "examples": {
          "beginner": "We say \"타올\" in Korean.",
          "intermediate": "In Korea, people often say \"타올\".",
          "advanced": "\"타올\" is an important expression in Korean.",
          "master": "Understanding the cultural context of \"타올\" makes communication more natural."
        },
        "variations": {
          "formal": [
            "It is towel.",
            "There is towel."
          ],
          "casual": [
            "It's towel.",
            "towel, you know."
          ],
          "short": [
            "towel"
          ]
        }
      }
    }
  },
  {
    "id": "d-hom-때milita월",
    "korean": "때밀이타월",
    "romanization": "ttaemilitawol",
    "pronunciation": {
      "korean": "[때밀이타월]",
      "ipa": "[ttaemilitawol]"
    },
    "partOfSpeech": "noun",
    "categoryId": "objects",
    "difficulty": "beginner",
    "frequency": "common",
    "tags": [],
    "hasDialogue": true,
    "translations": {
      "en": {
        "word": "scrub towel",
        "explanation": "'때밀이타월' means 'scrub towel' in English.",
        "examples": {
          "beginner": "We say \"때밀이타월\" in Korean.",
          "intermediate": "In Korea, people often say \"때밀이타월\".",
          "advanced": "\"때밀이타월\" is an important expression in Korean.",
          "master": "Understanding the cultural context of \"때밀이타월\" makes communication more natural."
        },
        "variations": {
          "formal": [
            "It is scrub towel.",
            "There is scrub towel."
          ],
          "casual": [
            "It's scrub towel.",
            "scrub towel, you know."
          ],
          "short": [
            "scrub"
          ]
        }
      },
      "ko": {
        "word": "scrub towel",
        "explanation": "'때밀이타월' means 'scrub towel' in English.",
        "examples": {
          "beginner": "We say \"때밀이타월\" in Korean.",
          "intermediate": "In Korea, people often say \"때밀이타월\".",
          "advanced": "\"때밀이타월\" is an important expression in Korean.",
          "master": "Understanding the cultural context of \"때밀이타월\" makes communication more natural."
        },
        "variations": {
          "formal": [
            "It is scrub towel.",
            "There is scrub towel."
          ],
          "casual": [
            "It's scrub towel.",
            "scrub towel, you know."
          ],
          "short": [
            "scrub"
          ]
        }
      }
    }
  },
  {
    "id": "d-hom-chi약",
    "korean": "치약",
    "romanization": "chiyak",
    "pronunciation": {
      "korean": "[치약]",
      "ipa": "[chiyak]"
    },
    "partOfSpeech": "noun",
    "categoryId": "objects",
    "difficulty": "beginner",
    "frequency": "common",
    "tags": [],
    "hasDialogue": true,
    "translations": {
      "en": {
        "word": "toothpaste",
        "explanation": "'치약' means 'toothpaste' in English.",
        "examples": {
          "beginner": "We say \"치약\" in Korean.",
          "intermediate": "In Korea, people often say \"치약\".",
          "advanced": "\"치약\" is an important expression in Korean.",
          "master": "Understanding the cultural context of \"치약\" makes communication more natural."
        },
        "variations": {
          "formal": [
            "It is toothpaste.",
            "There is toothpaste."
          ],
          "casual": [
            "It's toothpaste.",
            "toothpaste, you know."
          ],
          "short": [
            "toothpaste"
          ]
        }
      },
      "ko": {
        "word": "치약",
        "explanation": "치약의 뜻은 'toothpaste'입니다.",
        "examples": {
          "beginner": "\"치약\"는 한국어로 말해요.",
          "intermediate": "한국에서는 \"치약\"를 자주 써요.",
          "advanced": "\"치약\"는 한국어에서 중요한 표현입니다.",
          "master": "\"치약\"의 문화적 맥락을 이해하면 더 자연스럽게 소통할 수 있습니다."
        },
        "variations": {
          "formal": [
            "치약입니다.",
            "치약이/가 있습니다."
          ],
          "casual": [
            "치약이야.",
            "치약 있어."
          ],
          "short": [
            "치약"
          ]
        }
      }
    }
  },
  {
    "id": "d-hom-면dogi",
    "korean": "면도기",
    "romanization": "myeondogi",
    "pronunciation": {
      "korean": "[면도기]",
      "ipa": "[myeondogi]"
    },
    "partOfSpeech": "noun",
    "categoryId": "objects",
    "difficulty": "beginner",
    "frequency": "common",
    "tags": [],
    "hasDialogue": true,
    "translations": {
      "en": {
        "word": "razor",
        "explanation": "'면도기' means 'razor' in English.",
        "examples": {
          "beginner": "We say \"면도기\" in Korean.",
          "intermediate": "In Korea, people often say \"면도기\".",
          "advanced": "\"면도기\" is an important expression in Korean.",
          "master": "Understanding the cultural context of \"면도기\" makes communication more natural."
        },
        "variations": {
          "formal": [
            "It is razor.",
            "There is razor."
          ],
          "casual": [
            "It's razor.",
            "razor, you know."
          ],
          "short": [
            "razor"
          ]
        }
      },
      "ko": {
        "word": "면도기",
        "explanation": "면도기의 뜻은 'razor'입니다.",
        "examples": {
          "beginner": "\"면도기\"는 한국어로 말해요.",
          "intermediate": "한국에서는 \"면도기\"를 자주 써요.",
          "advanced": "\"면도기\"는 한국어에서 중요한 표현입니다.",
          "master": "\"면도기\"의 문화적 맥락을 이해하면 더 자연스럽게 소통할 수 있습니다."
        },
        "variations": {
          "formal": [
            "면도기입니다.",
            "면도기이/가 있습니다."
          ],
          "casual": [
            "면도기이야.",
            "면도기 있어."
          ],
          "short": [
            "면도"
          ]
        }
      }
    }
  },
  {
    "id": "d-hom-jeongi면dogi",
    "korean": "전기면도기",
    "romanization": "jeongimyeondogi",
    "pronunciation": {
      "korean": "[전기면도기]",
      "ipa": "[jeongimyeondogi]"
    },
    "partOfSpeech": "noun",
    "categoryId": "objects",
    "difficulty": "beginner",
    "frequency": "common",
    "tags": [],
    "hasDialogue": true,
    "translations": {
      "en": {
        "word": "electric shaver",
        "explanation": "'전기면도기' means 'electric shaver' in English.",
        "examples": {
          "beginner": "We say \"전기면도기\" in Korean.",
          "intermediate": "In Korea, people often say \"전기면도기\".",
          "advanced": "\"전기면도기\" is an important expression in Korean.",
          "master": "Understanding the cultural context of \"전기면도기\" makes communication more natural."
        },
        "variations": {
          "formal": [
            "It is electric shaver.",
            "There is electric shaver."
          ],
          "casual": [
            "It's electric shaver.",
            "electric shaver, you know."
          ],
          "short": [
            "electric"
          ]
        }
      },
      "ko": {
        "word": "전기면도기",
        "explanation": "전기면도기의 뜻은 'electric shaver'입니다.",
        "examples": {
          "beginner": "\"전기면도기\"는 한국어로 말해요.",
          "intermediate": "한국에서는 \"전기면도기\"를 자주 써요.",
          "advanced": "\"전기면도기\"는 한국어에서 중요한 표현입니다.",
          "master": "\"전기면도기\"의 문화적 맥락을 이해하면 더 자연스럽게 소통할 수 있습니다."
        },
        "variations": {
          "formal": [
            "전기면도기입니다.",
            "전기면도기이/가 있습니다."
          ],
          "casual": [
            "전기면도기이야.",
            "전기면도기 있어."
          ],
          "short": [
            "전기"
          ]
        }
      }
    }
  },
  {
    "id": "d-hom-빗",
    "korean": "빗",
    "romanization": "bit",
    "pronunciation": {
      "korean": "[빗]",
      "ipa": "[bit]"
    },
    "partOfSpeech": "noun",
    "categoryId": "objects",
    "difficulty": "beginner",
    "frequency": "common",
    "tags": [],
    "hasDialogue": true,
    "translations": {
      "en": {
        "word": "comb",
        "explanation": "'빗' means 'comb' in English.",
        "examples": {
          "beginner": "We say \"빗\" in Korean.",
          "intermediate": "In Korea, people often say \"빗\".",
          "advanced": "\"빗\" is an important expression in Korean.",
          "master": "Understanding the cultural context of \"빗\" makes communication more natural."
        },
        "variations": {
          "formal": [
            "It is comb.",
            "There is comb."
          ],
          "casual": [
            "It's comb.",
            "comb, you know."
          ],
          "short": [
            "comb"
          ]
        }
      },
      "ko": {
        "word": "빗",
        "explanation": "빗의 뜻은 'comb'입니다.",
        "examples": {
          "beginner": "\"빗\"는 한국어로 말해요.",
          "intermediate": "한국에서는 \"빗\"를 자주 써요.",
          "advanced": "\"빗\"는 한국어에서 중요한 표현입니다.",
          "master": "\"빗\"의 문화적 맥락을 이해하면 더 자연스럽게 소통할 수 있습니다."
        },
        "variations": {
          "formal": [
            "빗입니다.",
            "빗이/가 있습니다."
          ],
          "casual": [
            "빗이야.",
            "빗 있어."
          ],
          "short": [
            "빗"
          ]
        }
      }
    }
  },
  {
    "id": "d-hom-geouldeung",
    "korean": "거울등",
    "romanization": "geouldeung",
    "pronunciation": {
      "korean": "[거울등]",
      "ipa": "[geouldeung]"
    },
    "partOfSpeech": "noun",
    "categoryId": "objects",
    "difficulty": "beginner",
    "frequency": "common",
    "tags": [],
    "hasDialogue": true,
    "translations": {
      "en": {
        "word": "mirror light",
        "explanation": "'거울등' means 'mirror light' in English.",
        "examples": {
          "beginner": "We say \"거울등\" in Korean.",
          "intermediate": "In Korea, people often say \"거울등\".",
          "advanced": "\"거울등\" is an important expression in Korean.",
          "master": "Understanding the cultural context of \"거울등\" makes communication more natural."
        },
        "variations": {
          "formal": [
            "It is mirror light.",
            "There is mirror light."
          ],
          "casual": [
            "It's mirror light.",
            "mirror light, you know."
          ],
          "short": [
            "mirror"
          ]
        }
      },
      "ko": {
        "word": "거울등",
        "explanation": "거울등의 뜻은 'mirror light'입니다.",
        "examples": {
          "beginner": "\"거울등\"는 한국어로 말해요.",
          "intermediate": "한국에서는 \"거울등\"를 자주 써요.",
          "advanced": "\"거울등\"는 한국어에서 중요한 표현입니다.",
          "master": "\"거울등\"의 문화적 맥락을 이해하면 더 자연스럽게 소통할 수 있습니다."
        },
        "variations": {
          "formal": [
            "거울등입니다.",
            "거울등이/가 있습니다."
          ],
          "casual": [
            "거울등이야.",
            "거울등 있어."
          ],
          "short": [
            "거울"
          ]
        }
      }
    }
  },
  {
    "id": "d-hom-헤deu폰",
    "korean": "헤드폰",
    "romanization": "hedeupon",
    "pronunciation": {
      "korean": "[헤드폰]",
      "ipa": "[hedeupon]"
    },
    "partOfSpeech": "noun",
    "categoryId": "objects",
    "difficulty": "beginner",
    "frequency": "common",
    "tags": [],
    "hasDialogue": true,
    "translations": {
      "en": {
        "word": "headphones",
        "explanation": "'헤드폰' means 'headphones' in English.",
        "examples": {
          "beginner": "We say \"헤드폰\" in Korean.",
          "intermediate": "In Korea, people often say \"헤드폰\".",
          "advanced": "\"헤드폰\" is an important expression in Korean.",
          "master": "Understanding the cultural context of \"헤드폰\" makes communication more natural."
        },
        "variations": {
          "formal": [
            "It is headphones.",
            "There is headphones."
          ],
          "casual": [
            "It's headphones.",
            "headphones, you know."
          ],
          "short": [
            "headphones"
          ]
        }
      },
      "ko": {
        "word": "headphones",
        "explanation": "'헤드폰' means 'headphones' in English.",
        "examples": {
          "beginner": "We say \"헤드폰\" in Korean.",
          "intermediate": "In Korea, people often say \"헤드폰\".",
          "advanced": "\"헤드폰\" is an important expression in Korean.",
          "master": "Understanding the cultural context of \"헤드폰\" makes communication more natural."
        },
        "variations": {
          "formal": [
            "It is headphones.",
            "There is headphones."
          ],
          "casual": [
            "It's headphones.",
            "headphones, you know."
          ],
          "short": [
            "headphones"
          ]
        }
      }
    }
  },
  {
    "id": "d-hom-ieo폰",
    "korean": "이어폰",
    "romanization": "ieopon",
    "pronunciation": {
      "korean": "[이어폰]",
      "ipa": "[ieopon]"
    },
    "partOfSpeech": "noun",
    "categoryId": "objects",
    "difficulty": "beginner",
    "frequency": "common",
    "tags": [],
    "hasDialogue": true,
    "translations": {
      "en": {
        "word": "earphones",
        "explanation": "'이어폰' means 'earphones' in English.",
        "examples": {
          "beginner": "We say \"이어폰\" in Korean.",
          "intermediate": "In Korea, people often say \"이어폰\".",
          "advanced": "\"이어폰\" is an important expression in Korean.",
          "master": "Understanding the cultural context of \"이어폰\" makes communication more natural."
        },
        "variations": {
          "formal": [
            "It is earphones.",
            "There is earphones."
          ],
          "casual": [
            "It's earphones.",
            "earphones, you know."
          ],
          "short": [
            "earphones"
          ]
        }
      },
      "ko": {
        "word": "이어폰",
        "explanation": "이어폰의 뜻은 'earphones'입니다.",
        "examples": {
          "beginner": "\"이어폰\"는 한국어로 말해요.",
          "intermediate": "한국에서는 \"이어폰\"를 자주 써요.",
          "advanced": "\"이어폰\"는 한국어에서 중요한 표현입니다.",
          "master": "\"이어폰\"의 문화적 맥락을 이해하면 더 자연스럽게 소통할 수 있습니다."
        },
        "variations": {
          "formal": [
            "이어폰입니다.",
            "이어폰이/가 있습니다."
          ],
          "casual": [
            "이어폰이야.",
            "이어폰 있어."
          ],
          "short": [
            "이어"
          ]
        }
      }
    }
  },
  {
    "id": "d-hom-museonieo폰",
    "korean": "무선이어폰",
    "romanization": "museonieopon",
    "pronunciation": {
      "korean": "[무선이어폰]",
      "ipa": "[museonieopon]"
    },
    "partOfSpeech": "noun",
    "categoryId": "objects",
    "difficulty": "beginner",
    "frequency": "common",
    "tags": [],
    "hasDialogue": true,
    "translations": {
      "en": {
        "word": "wireless earbuds",
        "explanation": "'무선이어폰' means 'wireless earbuds' in English.",
        "examples": {
          "beginner": "We say \"무선이어폰\" in Korean.",
          "intermediate": "In Korea, people often say \"무선이어폰\".",
          "advanced": "\"무선이어폰\" is an important expression in Korean.",
          "master": "Understanding the cultural context of \"무선이어폰\" makes communication more natural."
        },
        "variations": {
          "formal": [
            "It is wireless earbuds.",
            "There is wireless earbuds."
          ],
          "casual": [
            "It's wireless earbuds.",
            "wireless earbuds, you know."
          ],
          "short": [
            "wireless"
          ]
        }
      },
      "ko": {
        "word": "무선이어폰",
        "explanation": "무선이어폰의 뜻은 'wireless earbuds'입니다.",
        "examples": {
          "beginner": "\"무선이어폰\"는 한국어로 말해요.",
          "intermediate": "한국에서는 \"무선이어폰\"를 자주 써요.",
          "advanced": "\"무선이어폰\"는 한국어에서 중요한 표현입니다.",
          "master": "\"무선이어폰\"의 문화적 맥락을 이해하면 더 자연스럽게 소통할 수 있습니다."
        },
        "variations": {
          "formal": [
            "무선이어폰입니다.",
            "무선이어폰이/가 있습니다."
          ],
          "casual": [
            "무선이어폰이야.",
            "무선이어폰 있어."
          ],
          "short": [
            "무선"
          ]
        }
      }
    }
  },
  {
    "id": "d-hom-maikeu",
    "korean": "마이크",
    "romanization": "maikeu",
    "pronunciation": {
      "korean": "[마이크]",
      "ipa": "[maikeu]"
    },
    "partOfSpeech": "noun",
    "categoryId": "objects",
    "difficulty": "beginner",
    "frequency": "common",
    "tags": [],
    "hasDialogue": true,
    "translations": {
      "en": {
        "word": "microphone",
        "explanation": "'마이크' means 'microphone' in English.",
        "examples": {
          "beginner": "We say \"마이크\" in Korean.",
          "intermediate": "In Korea, people often say \"마이크\".",
          "advanced": "\"마이크\" is an important expression in Korean.",
          "master": "Understanding the cultural context of \"마이크\" makes communication more natural."
        },
        "variations": {
          "formal": [
            "It is microphone.",
            "There is microphone."
          ],
          "casual": [
            "It's microphone.",
            "microphone, you know."
          ],
          "short": [
            "microphone"
          ]
        }
      },
      "ko": {
        "word": "microphone",
        "explanation": "'마이크' means 'microphone' in English.",
        "examples": {
          "beginner": "We say \"마이크\" in Korean.",
          "intermediate": "In Korea, people often say \"마이크\".",
          "advanced": "\"마이크\" is an important expression in Korean.",
          "master": "Understanding the cultural context of \"마이크\" makes communication more natural."
        },
        "variations": {
          "formal": [
            "It is microphone.",
            "There is microphone."
          ],
          "casual": [
            "It's microphone.",
            "microphone, you know."
          ],
          "short": [
            "microphone"
          ]
        }
      }
    }
  },
  {
    "id": "d-hom-alramsigye",
    "korean": "알람시계",
    "romanization": "allamsigye",
    "pronunciation": {
      "korean": "[알람시계]",
      "ipa": "[allamsigye]"
    },
    "partOfSpeech": "noun",
    "categoryId": "objects",
    "difficulty": "beginner",
    "frequency": "common",
    "tags": [],
    "hasDialogue": true,
    "translations": {
      "en": {
        "word": "alarm clock",
        "explanation": "'알람시계' means 'alarm clock' in English.",
        "examples": {
          "beginner": "We say \"알람시계\" in Korean.",
          "intermediate": "In Korea, people often say \"알람시계\".",
          "advanced": "\"알람시계\" is an important expression in Korean.",
          "master": "Understanding the cultural context of \"알람시계\" makes communication more natural."
        },
        "variations": {
          "formal": [
            "It is alarm clock.",
            "There is alarm clock."
          ],
          "casual": [
            "It's alarm clock.",
            "alarm clock, you know."
          ],
          "short": [
            "alarm"
          ]
        }
      },
      "ko": {
        "word": "알람시계",
        "explanation": "알람시계의 뜻은 'alarm clock'입니다.",
        "examples": {
          "beginner": "\"알람시계\"는 한국어로 말해요.",
          "intermediate": "한국에서는 \"알람시계\"를 자주 써요.",
          "advanced": "\"알람시계\"는 한국어에서 중요한 표현입니다.",
          "master": "\"알람시계\"의 문화적 맥락을 이해하면 더 자연스럽게 소통할 수 있습니다."
        },
        "variations": {
          "formal": [
            "알람시계입니다.",
            "알람시계이/가 있습니다."
          ],
          "casual": [
            "알람시계이야.",
            "알람시계 있어."
          ],
          "short": [
            "알람"
          ]
        }
      }
    }
  },
  {
    "id": "d-hom-chungjeongi",
    "korean": "충전기",
    "romanization": "chungjeongi",
    "pronunciation": {
      "korean": "[충전기]",
      "ipa": "[chungjeongi]"
    },
    "partOfSpeech": "noun",
    "categoryId": "objects",
    "difficulty": "beginner",
    "frequency": "common",
    "tags": [],
    "hasDialogue": true,
    "translations": {
      "en": {
        "word": "charger",
        "explanation": "'충전기' means 'charger' in English.",
        "examples": {
          "beginner": "We say \"충전기\" in Korean.",
          "intermediate": "In Korea, people often say \"충전기\".",
          "advanced": "\"충전기\" is an important expression in Korean.",
          "master": "Understanding the cultural context of \"충전기\" makes communication more natural."
        },
        "variations": {
          "formal": [
            "It is charger.",
            "There is charger."
          ],
          "casual": [
            "It's charger.",
            "charger, you know."
          ],
          "short": [
            "charger"
          ]
        }
      },
      "ko": {
        "word": "충전기",
        "explanation": "충전기의 뜻은 'charger'입니다.",
        "examples": {
          "beginner": "\"충전기\"는 한국어로 말해요.",
          "intermediate": "한국에서는 \"충전기\"를 자주 써요.",
          "advanced": "\"충전기\"는 한국어에서 중요한 표현입니다.",
          "master": "\"충전기\"의 문화적 맥락을 이해하면 더 자연스럽게 소통할 수 있습니다."
        },
        "variations": {
          "formal": [
            "충전기입니다.",
            "충전기이/가 있습니다."
          ],
          "casual": [
            "충전기이야.",
            "충전기 있어."
          ],
          "short": [
            "충전"
          ]
        }
      }
    }
  },
  {
    "id": "d-hom-taksangsigye",
    "korean": "탁상시계",
    "romanization": "taksangsigye",
    "pronunciation": {
      "korean": "[탁상시계]",
      "ipa": "[taksangsigye]"
    },
    "partOfSpeech": "noun",
    "categoryId": "objects",
    "difficulty": "beginner",
    "frequency": "common",
    "tags": [],
    "hasDialogue": true,
    "translations": {
      "en": {
        "word": "desk clock",
        "explanation": "'탁상시계' means 'desk clock' in English.",
        "examples": {
          "beginner": "We say \"탁상시계\" in Korean.",
          "intermediate": "In Korea, people often say \"탁상시계\".",
          "advanced": "\"탁상시계\" is an important expression in Korean.",
          "master": "Understanding the cultural context of \"탁상시계\" makes communication more natural."
        },
        "variations": {
          "formal": [
            "It is desk clock.",
            "There is desk clock."
          ],
          "casual": [
            "It's desk clock.",
            "desk clock, you know."
          ],
          "short": [
            "desk"
          ]
        }
      },
      "ko": {
        "word": "탁상시계",
        "explanation": "탁상시계의 뜻은 'desk clock'입니다.",
        "examples": {
          "beginner": "\"탁상시계\"는 한국어로 말해요.",
          "intermediate": "한국에서는 \"탁상시계\"를 자주 써요.",
          "advanced": "\"탁상시계\"는 한국어에서 중요한 표현입니다.",
          "master": "\"탁상시계\"의 문화적 맥락을 이해하면 더 자연스럽게 소통할 수 있습니다."
        },
        "variations": {
          "formal": [
            "탁상시계입니다.",
            "탁상시계이/가 있습니다."
          ],
          "casual": [
            "탁상시계이야.",
            "탁상시계 있어."
          ],
          "short": [
            "탁상"
          ]
        }
      }
    }
  },
  {
    "id": "d-hom-괘jongsigye",
    "korean": "괘종시계",
    "romanization": "gwaejongsigye",
    "pronunciation": {
      "korean": "[괘종시계]",
      "ipa": "[gwaejongsigye]"
    },
    "partOfSpeech": "noun",
    "categoryId": "objects",
    "difficulty": "beginner",
    "frequency": "common",
    "tags": [],
    "hasDialogue": true,
    "translations": {
      "en": {
        "word": "grandfather clock",
        "explanation": "'괘종시계' means 'grandfather clock' in English.",
        "examples": {
          "beginner": "We say \"괘종시계\" in Korean.",
          "intermediate": "In Korea, people often say \"괘종시계\".",
          "advanced": "\"괘종시계\" is an important expression in Korean.",
          "master": "Understanding the cultural context of \"괘종시계\" makes communication more natural."
        },
        "variations": {
          "formal": [
            "It is grandfather clock.",
            "There is grandfather clock."
          ],
          "casual": [
            "It's grandfather clock.",
            "grandfather clock, you know."
          ],
          "short": [
            "grandfather"
          ]
        }
      },
      "ko": {
        "word": "괘종시계",
        "explanation": "괘종시계의 뜻은 'grandfather clock'입니다.",
        "examples": {
          "beginner": "\"괘종시계\"는 한국어로 말해요.",
          "intermediate": "한국에서는 \"괘종시계\"를 자주 써요.",
          "advanced": "\"괘종시계\"는 한국어에서 중요한 표현입니다.",
          "master": "\"괘종시계\"의 문화적 맥락을 이해하면 더 자연스럽게 소통할 수 있습니다."
        },
        "variations": {
          "formal": [
            "괘종시계입니다.",
            "괘종시계이/가 있습니다."
          ],
          "casual": [
            "괘종시계이야.",
            "괘종시계 있어."
          ],
          "short": [
            "괘종"
          ]
        }
      }
    }
  },
  {
    "id": "d-hom-kukusigye",
    "korean": "쿠쿠시계",
    "romanization": "kukusigye",
    "pronunciation": {
      "korean": "[쿠쿠시계]",
      "ipa": "[kukusigye]"
    },
    "partOfSpeech": "noun",
    "categoryId": "objects",
    "difficulty": "beginner",
    "frequency": "common",
    "tags": [],
    "hasDialogue": true,
    "translations": {
      "en": {
        "word": "cuckoo clock",
        "explanation": "'쿠쿠시계' means 'cuckoo clock' in English.",
        "examples": {
          "beginner": "We say \"쿠쿠시계\" in Korean.",
          "intermediate": "In Korea, people often say \"쿠쿠시계\".",
          "advanced": "\"쿠쿠시계\" is an important expression in Korean.",
          "master": "Understanding the cultural context of \"쿠쿠시계\" makes communication more natural."
        },
        "variations": {
          "formal": [
            "It is cuckoo clock.",
            "There is cuckoo clock."
          ],
          "casual": [
            "It's cuckoo clock.",
            "cuckoo clock, you know."
          ],
          "short": [
            "cuckoo"
          ]
        }
      },
      "ko": {
        "word": "쿠쿠시계",
        "explanation": "쿠쿠시계의 뜻은 'cuckoo clock'입니다.",
        "examples": {
          "beginner": "\"쿠쿠시계\"는 한국어로 말해요.",
          "intermediate": "한국에서는 \"쿠쿠시계\"를 자주 써요.",
          "advanced": "\"쿠쿠시계\"는 한국어에서 중요한 표현입니다.",
          "master": "\"쿠쿠시계\"의 문화적 맥락을 이해하면 더 자연스럽게 소통할 수 있습니다."
        },
        "variations": {
          "formal": [
            "쿠쿠시계입니다.",
            "쿠쿠시계이/가 있습니다."
          ],
          "casual": [
            "쿠쿠시계이야.",
            "쿠쿠시계 있어."
          ],
          "short": [
            "쿠쿠"
          ]
        }
      }
    }
  },
  {
    "id": "d-hom-moraesigye",
    "korean": "모래시계",
    "romanization": "moraesigye",
    "pronunciation": {
      "korean": "[모래시계]",
      "ipa": "[moraesigye]"
    },
    "partOfSpeech": "noun",
    "categoryId": "objects",
    "difficulty": "beginner",
    "frequency": "common",
    "tags": [],
    "hasDialogue": true,
    "translations": {
      "en": {
        "word": "hourglass",
        "explanation": "'모래시계' means 'hourglass' in English.",
        "examples": {
          "beginner": "We say \"모래시계\" in Korean.",
          "intermediate": "In Korea, people often say \"모래시계\".",
          "advanced": "\"모래시계\" is an important expression in Korean.",
          "master": "Understanding the cultural context of \"모래시계\" makes communication more natural."
        },
        "variations": {
          "formal": [
            "It is hourglass.",
            "There is hourglass."
          ],
          "casual": [
            "It's hourglass.",
            "hourglass, you know."
          ],
          "short": [
            "hourglass"
          ]
        }
      },
      "ko": {
        "word": "모래시계",
        "explanation": "모래시계의 뜻은 'hourglass'입니다.",
        "examples": {
          "beginner": "\"모래시계\"는 한국어로 말해요.",
          "intermediate": "한국에서는 \"모래시계\"를 자주 써요.",
          "advanced": "\"모래시계\"는 한국어에서 중요한 표현입니다.",
          "master": "\"모래시계\"의 문화적 맥락을 이해하면 더 자연스럽게 소통할 수 있습니다."
        },
        "variations": {
          "formal": [
            "모래시계입니다.",
            "모래시계이/가 있습니다."
          ],
          "casual": [
            "모래시계이야.",
            "모래시계 있어."
          ],
          "short": [
            "모래"
          ]
        }
      }
    }
  },
  {
    "id": "d-hom-휴ji케iseu",
    "korean": "휴지케이스",
    "romanization": "hyujikeiseu",
    "pronunciation": {
      "korean": "[휴지케이스]",
      "ipa": "[hyujikeiseu]"
    },
    "partOfSpeech": "noun",
    "categoryId": "objects",
    "difficulty": "beginner",
    "frequency": "common",
    "tags": [],
    "hasDialogue": true,
    "translations": {
      "en": {
        "word": "tissue case",
        "explanation": "'휴지케이스' means 'tissue case' in English.",
        "examples": {
          "beginner": "We say \"휴지케이스\" in Korean.",
          "intermediate": "In Korea, people often say \"휴지케이스\".",
          "advanced": "\"휴지케이스\" is an important expression in Korean.",
          "master": "Understanding the cultural context of \"휴지케이스\" makes communication more natural."
        },
        "variations": {
          "formal": [
            "It is tissue case.",
            "There is tissue case."
          ],
          "casual": [
            "It's tissue case.",
            "tissue case, you know."
          ],
          "short": [
            "tissue"
          ]
        }
      },
      "ko": {
        "word": "휴지케이스",
        "explanation": "휴지케이스의 뜻은 'tissue case'입니다.",
        "examples": {
          "beginner": "\"휴지케이스\"는 한국어로 말해요.",
          "intermediate": "한국에서는 \"휴지케이스\"를 자주 써요.",
          "advanced": "\"휴지케이스\"는 한국어에서 중요한 표현입니다.",
          "master": "\"휴지케이스\"의 문화적 맥락을 이해하면 더 자연스럽게 소통할 수 있습니다."
        },
        "variations": {
          "formal": [
            "휴지케이스입니다.",
            "휴지케이스이/가 있습니다."
          ],
          "casual": [
            "휴지케이스이야.",
            "휴지케이스 있어."
          ],
          "short": [
            "휴지"
          ]
        }
      }
    }
  },
  {
    "id": "d-hom-화jaedaepimaseukeu",
    "korean": "화재대피마스크",
    "romanization": "hwajaedaepimaseukeu",
    "pronunciation": {
      "korean": "[화재대피마스크]",
      "ipa": "[hwajaedaepimaseukeu]"
    },
    "partOfSpeech": "noun",
    "categoryId": "objects",
    "difficulty": "beginner",
    "frequency": "common",
    "tags": [],
    "hasDialogue": true,
    "translations": {
      "en": {
        "word": "smoke hood",
        "explanation": "'화재대피마스크' means 'smoke hood' in English.",
        "examples": {
          "beginner": "We say \"화재대피마스크\" in Korean.",
          "intermediate": "In Korea, people often say \"화재대피마스크\".",
          "advanced": "\"화재대피마스크\" is an important expression in Korean.",
          "master": "Understanding the cultural context of \"화재대피마스크\" makes communication more natural."
        },
        "variations": {
          "formal": [
            "It is smoke hood.",
            "There is smoke hood."
          ],
          "casual": [
            "It's smoke hood.",
            "smoke hood, you know."
          ],
          "short": [
            "smoke"
          ]
        }
      },
      "ko": {
        "word": "화재대피마스크",
        "explanation": "화재대피마스크의 뜻은 'smoke hood'입니다.",
        "examples": {
          "beginner": "\"화재대피마스크\"는 한국어로 말해요.",
          "intermediate": "한국에서는 \"화재대피마스크\"를 자주 써요.",
          "advanced": "\"화재대피마스크\"는 한국어에서 중요한 표현입니다.",
          "master": "\"화재대피마스크\"의 문화적 맥락을 이해하면 더 자연스럽게 소통할 수 있습니다."
        },
        "variations": {
          "formal": [
            "화재대피마스크입니다.",
            "화재대피마스크이/가 있습니다."
          ],
          "casual": [
            "화재대피마스크이야.",
            "화재대피마스크 있어."
          ],
          "short": [
            "화재"
          ]
        }
      }
    }
  }
]
