[
  {
    "id": "mullihak",
    "korean": "물리학",
    "romanization": "mullihak",
    "pronunciation": {
      "korean": "[물리학]",
      "ipa": "[mulliɦak]"
    },
    "partOfSpeech": "noun",
    "categoryId": "physics",
    "difficulty": "intermediate",
    "frequency": "common",
    "tags": [
      "physics",
      "science",
      "study"
    ],
    "translations": {
      "ko": {
        "word": "물리학",
        "explanation": "물질과 에너지, 운동과 힘을 연구하는 학문. 자연 현상의 원리를 다룬다.",
        "examples": {
          "beginner": "물리학을/를 배워요.",
          "intermediate": "물리학은/는 중요한 개념이에요.",
          "advanced": "물리학의 원리를 이해하는 것이 물리학 학습의 기초입니다.",
          "master": "물리학에 대한 깊은 이해는 자연 현상을 설명하는 데 필수적입니다."
        },
        "variations": {
          "formal": [
            "물리학입니다",
            "물리",
            "자연과학"
          ],
          "casual": [
            "물리학~",
            "물리"
          ],
          "short": [
            "물리학",
            "physics"
          ]
        },
        "dialogue": {
          "context": "과학 수업에서",
          "dialogue": [
            {
              "speaker": "A",
              "text": "오늘 뭐 배웠어요?",
              "romanization": "oneul mwo baewoseoyo?",
              "translation": "What did you learn today?"
            },
            {
              "speaker": "B",
              "text": "물리학에 대해 배웠어요.",
              "romanization": "mulrihake daehae baewoseoyo.",
              "translation": "I learned about physics."
            },
            {
              "speaker": "A",
              "text": "어려웠어요?",
              "romanization": "eoryeowoseoyo?",
              "translation": "Was it difficult?"
            },
            {
              "speaker": "B",
              "text": "조금 어려웠지만 재미있었어요.",
              "romanization": "jogeum eoryeowosjiman jaemiiseoseoyo.",
              "translation": "A bit difficult but interesting."
            }
          ]
        }
      },
      "en": {
        "word": "Physics",
        "explanation": "The study of matter, energy, motion, and force. Deals with principles of natural phenomena.",
        "examples": {
          "beginner": "I learn about physics.",
          "intermediate": "Physics is an important concept.",
          "advanced": "Understanding the principle of physics is fundamental to physics.",
          "master": "Deep understanding of physics is essential for explaining natural phenomena."
        },
        "variations": {
          "formal": [
            "It is physics",
            "Physical science",
            "Natural science"
          ],
          "casual": [
            "Physics~",
            "Physics"
          ],
          "short": [
            "Physics",
            "Phys"
          ]
        },
        "dialogue": {
          "context": "In science class",
          "dialogue": [
            {
              "speaker": "A",
              "text": "What did you learn today?",
              "romanization": "",
              "translation": "오늘 뭐 배웠어요?"
            },
            {
              "speaker": "B",
              "text": "I learned about physics.",
              "romanization": "",
              "translation": "물리학에 대해 배웠어요."
            },
            {
              "speaker": "A",
              "text": "Was it difficult?",
              "romanization": "",
              "translation": "어려웠어요?"
            },
            {
              "speaker": "B",
              "text": "A bit difficult but interesting.",
              "romanization": "",
              "translation": "조금 어려웠지만 재미있었어요."
            }
          ]
        }
      }
    }
  },
  {
    "id": "him",
    "korean": "힘",
    "romanization": "him",
    "pronunciation": {
      "korean": "[힘]",
      "ipa": "[him]"
    },
    "partOfSpeech": "noun",
    "categoryId": "physics",
    "difficulty": "beginner",
    "frequency": "common",
    "tags": [
      "physics",
      "force",
      "power"
    ],
    "translations": {
      "ko": {
        "word": "힘",
        "explanation": "물체를 움직이거나 변형시키는 능력. 물리학에서는 '힘(force)'을 뜻한다.",
        "examples": {
          "beginner": "힘을/를 배워요.",
          "intermediate": "힘은/는 중요한 개념이에요.",
          "advanced": "힘의 원리를 이해하는 것이 물리학 학습의 기초입니다.",
          "master": "힘에 대한 깊은 이해는 자연 현상을 설명하는 데 필수적입니다."
        },
        "variations": {
          "formal": [
            "힘입니다",
            "역(力)",
            "에너지"
          ],
          "casual": [
            "힘~",
            "힘으로"
          ],
          "short": [
            "힘",
            "force"
          ]
        },
        "dialogue": {
          "context": "과학 수업에서",
          "dialogue": [
            {
              "speaker": "A",
              "text": "오늘 뭐 배웠어요?",
              "romanization": "oneul mwo baewoseoyo?",
              "translation": "What did you learn today?"
            },
            {
              "speaker": "B",
              "text": "힘에 대해 배웠어요.",
              "romanization": "hime daehae baewoseoyo.",
              "translation": "I learned about force / power / strength."
            },
            {
              "speaker": "A",
              "text": "어려웠어요?",
              "romanization": "eoryeowoseoyo?",
              "translation": "Was it difficult?"
            },
            {
              "speaker": "B",
              "text": "조금 어려웠지만 재미있었어요.",
              "romanization": "jogeum eoryeowosjiman jaemiiseoseoyo.",
              "translation": "A bit difficult but interesting."
            }
          ]
        }
      },
      "en": {
        "word": "Force / Power / Strength",
        "explanation": "The ability to move or deform an object. In physics, refers to 'force'.",
        "examples": {
          "beginner": "I learn about force / power / strength.",
          "intermediate": "Force / Power / Strength is an important concept.",
          "advanced": "Understanding the principle of force / power / strength is fundamental to physics.",
          "master": "Deep understanding of force / power / strength is essential for explaining natural phenomena."
        },
        "variations": {
          "formal": [
            "It is force",
            "Force (formal)",
            "Energy"
          ],
          "casual": [
            "Force~",
            "With force"
          ],
          "short": [
            "Force",
            "Power"
          ]
        },
        "dialogue": {
          "context": "In science class",
          "dialogue": [
            {
              "speaker": "A",
              "text": "What did you learn today?",
              "romanization": "",
              "translation": "오늘 뭐 배웠어요?"
            },
            {
              "speaker": "B",
              "text": "I learned about force / power / strength.",
              "romanization": "",
              "translation": "힘에 대해 배웠어요."
            },
            {
              "speaker": "A",
              "text": "Was it difficult?",
              "romanization": "",
              "translation": "어려웠어요?"
            },
            {
              "speaker": "B",
              "text": "A bit difficult but interesting.",
              "romanization": "",
              "translation": "조금 어려웠지만 재미있었어요."
            }
          ]
        }
      }
    }
  },
  {
    "id": "energia",
    "korean": "에너지",
    "romanization": "eneoji",
    "partOfSpeech": "noun",
    "categoryId": "physics",
    "difficulty": "beginner",
    "frequency": "common",
    "tags": [
      "physics",
      "energy",
      "power"
    ],
    "translations": {
      "ko": {
        "word": "에너지",
        "explanation": "일을 할 수 있는 능력. 물리학에서 운동, 열, 빛 등의 형태로 존재한다.",
        "examples": {
          "beginner": "에너지을/를 배워요.",
          "intermediate": "에너지은/는 중요한 개념이에요.",
          "advanced": "에너지의 원리를 이해하는 것이 물리학 학습의 기초입니다.",
          "master": "에너지에 대한 깊은 이해는 자연 현상을 설명하는 데 필수적입니다."
        },
        "variations": {
          "formal": [
            "에너지입니다",
            "활력",
            "동력"
          ],
          "casual": [
            "에너지~",
            "에너지로"
          ],
          "short": [
            "에너지",
            "energy"
          ]
        },
        "dialogue": {
          "context": "과학 수업에서",
          "dialogue": [
            {
              "speaker": "A",
              "text": "오늘 뭐 배웠어요?",
              "romanization": "oneul mwo baewoseoyo?",
              "translation": "What did you learn today?"
            },
            {
              "speaker": "B",
              "text": "에너지에 대해 배웠어요.",
              "romanization": "eneojie daehae baewoseoyo.",
              "translation": "I learned about energy."
            },
            {
              "speaker": "A",
              "text": "어려웠어요?",
              "romanization": "eoryeowoseoyo?",
              "translation": "Was it difficult?"
            },
            {
              "speaker": "B",
              "text": "조금 어려웠지만 재미있었어요.",
              "romanization": "jogeum eoryeowosjiman jaemiiseoseoyo.",
              "translation": "A bit difficult but interesting."
            }
          ]
        }
      },
      "en": {
        "word": "Energy",
        "explanation": "The ability to do work. In physics, exists in forms like motion, heat, light, etc.",
        "examples": {
          "beginner": "I learn about energy.",
          "intermediate": "Energy is an important concept.",
          "advanced": "Understanding the principle of energy is fundamental to physics.",
          "master": "Deep understanding of energy is essential for explaining natural phenomena."
        },
        "variations": {
          "formal": [
            "It is energy",
            "Vitality",
            "Power"
          ],
          "casual": [
            "Energy~",
            "With energy"
          ],
          "short": [
            "Energy",
            "Power"
          ]
        },
        "dialogue": {
          "context": "In science class",
          "dialogue": [
            {
              "speaker": "A",
              "text": "What did you learn today?",
              "romanization": "",
              "translation": "오늘 뭐 배웠어요?"
            },
            {
              "speaker": "B",
              "text": "I learned about energy.",
              "romanization": "",
              "translation": "에너지에 대해 배웠어요."
            },
            {
              "speaker": "A",
              "text": "Was it difficult?",
              "romanization": "",
              "translation": "어려웠어요?"
            },
            {
              "speaker": "B",
              "text": "A bit difficult but interesting.",
              "romanization": "",
              "translation": "조금 어려웠지만 재미있었어요."
            }
          ]
        }
      }
    },
    "pronunciation": {
      "korean": "[에너지]",
      "ipa": "[enʌdʑi]"
    }
  },
  {
    "id": "jungnyeok",
    "korean": "중력",
    "romanization": "jungnyeok",
    "pronunciation": {
      "korean": "[중력]",
      "ipa": "[tɕuŋɾjʌk]"
    },
    "partOfSpeech": "noun",
    "categoryId": "physics",
    "difficulty": "intermediate",
    "frequency": "common",
    "tags": [
      "physics",
      "gravity",
      "force"
    ],
    "translations": {
      "ko": {
        "word": "중력",
        "explanation": "물체를 지구 중심으로 끌어당기는 힘. 뉴턴이 발견한 만유인력.",
        "examples": {
          "beginner": "중력을/를 배워요.",
          "intermediate": "중력은/는 중요한 개념이에요.",
          "advanced": "중력의 원리를 이해하는 것이 물리학 학습의 기초입니다.",
          "master": "중력에 대한 깊은 이해는 자연 현상을 설명하는 데 필수적입니다."
        },
        "variations": {
          "formal": [
            "중력입니다",
            "만유인력",
            "인력"
          ],
          "casual": [
            "중력~",
            "중력으로"
          ],
          "short": [
            "중력",
            "gravity"
          ]
        },
        "dialogue": {
          "context": "과학 수업에서",
          "dialogue": [
            {
              "speaker": "A",
              "text": "오늘 뭐 배웠어요?",
              "romanization": "oneul mwo baewoseoyo?",
              "translation": "What did you learn today?"
            },
            {
              "speaker": "B",
              "text": "중력에 대해 배웠어요.",
              "romanization": "jungryeoke daehae baewoseoyo.",
              "translation": "I learned about gravity."
            },
            {
              "speaker": "A",
              "text": "어려웠어요?",
              "romanization": "eoryeowoseoyo?",
              "translation": "Was it difficult?"
            },
            {
              "speaker": "B",
              "text": "조금 어려웠지만 재미있었어요.",
              "romanization": "jogeum eoryeowosjiman jaemiiseoseoyo.",
              "translation": "A bit difficult but interesting."
            }
          ]
        }
      },
      "en": {
        "word": "Gravity",
        "explanation": "The force that pulls objects toward Earth's center. Newton's universal gravitation.",
        "examples": {
          "beginner": "I learn about gravity.",
          "intermediate": "Gravity is an important concept.",
          "advanced": "Understanding the principle of gravity is fundamental to physics.",
          "master": "Deep understanding of gravity is essential for explaining natural phenomena."
        },
        "variations": {
          "formal": [
            "It is gravity",
            "Universal gravitation",
            "Gravitational force"
          ],
          "casual": [
            "Gravity~",
            "By gravity"
          ],
          "short": [
            "Gravity",
            "G-force"
          ]
        },
        "dialogue": {
          "context": "In science class",
          "dialogue": [
            {
              "speaker": "A",
              "text": "What did you learn today?",
              "romanization": "",
              "translation": "오늘 뭐 배웠어요?"
            },
            {
              "speaker": "B",
              "text": "I learned about gravity.",
              "romanization": "",
              "translation": "중력에 대해 배웠어요."
            },
            {
              "speaker": "A",
              "text": "Was it difficult?",
              "romanization": "",
              "translation": "어려웠어요?"
            },
            {
              "speaker": "B",
              "text": "A bit difficult but interesting.",
              "romanization": "",
              "translation": "조금 어려웠지만 재미있었어요."
            }
          ]
        }
      }
    }
  },
  {
    "id": "sokdo",
    "korean": "속도",
    "romanization": "sokdo",
    "pronunciation": {
      "korean": "[속도]",
      "ipa": "[sokto]"
    },
    "partOfSpeech": "noun",
    "categoryId": "physics",
    "difficulty": "beginner",
    "frequency": "common",
    "tags": [
      "physics",
      "speed",
      "velocity"
    ],
    "translations": {
      "ko": {
        "word": "속도",
        "explanation": "물체가 움직이는 빠르기. 단위 시간에 이동한 거리.",
        "examples": {
          "beginner": "속도을/를 배워요.",
          "intermediate": "속도은/는 중요한 개념이에요.",
          "advanced": "속도의 원리를 이해하는 것이 물리학 학습의 기초입니다.",
          "master": "속도에 대한 깊은 이해는 자연 현상을 설명하는 데 필수적입니다."
        },
        "variations": {
          "formal": [
            "속도입니다",
            "속력",
            "신속도"
          ],
          "casual": [
            "속도~",
            "속도로"
          ],
          "short": [
            "속도",
            "speed"
          ]
        },
        "dialogue": {
          "context": "과학 수업에서",
          "dialogue": [
            {
              "speaker": "A",
              "text": "오늘 뭐 배웠어요?",
              "romanization": "oneul mwo baewoseoyo?",
              "translation": "What did you learn today?"
            },
            {
              "speaker": "B",
              "text": "속도에 대해 배웠어요.",
              "romanization": "sokdoe daehae baewoseoyo.",
              "translation": "I learned about speed / velocity."
            },
            {
              "speaker": "A",
              "text": "어려웠어요?",
              "romanization": "eoryeowoseoyo?",
              "translation": "Was it difficult?"
            },
            {
              "speaker": "B",
              "text": "조금 어려웠지만 재미있었어요.",
              "romanization": "jogeum eoryeowosjiman jaemiiseoseoyo.",
              "translation": "A bit difficult but interesting."
            }
          ]
        }
      },
      "en": {
        "word": "Speed / Velocity",
        "explanation": "How fast an object moves. Distance traveled per unit time.",
        "examples": {
          "beginner": "I learn about speed / velocity.",
          "intermediate": "Speed / Velocity is an important concept.",
          "advanced": "Understanding the principle of speed / velocity is fundamental to physics.",
          "master": "Deep understanding of speed / velocity is essential for explaining natural phenomena."
        },
        "variations": {
          "formal": [
            "It is speed",
            "Velocity",
            "Rapidity"
          ],
          "casual": [
            "Speed~",
            "At speed"
          ],
          "short": [
            "Speed",
            "Velocity"
          ]
        },
        "dialogue": {
          "context": "In science class",
          "dialogue": [
            {
              "speaker": "A",
              "text": "What did you learn today?",
              "romanization": "",
              "translation": "오늘 뭐 배웠어요?"
            },
            {
              "speaker": "B",
              "text": "I learned about speed / velocity.",
              "romanization": "",
              "translation": "속도에 대해 배웠어요."
            },
            {
              "speaker": "A",
              "text": "Was it difficult?",
              "romanization": "",
              "translation": "어려웠어요?"
            },
            {
              "speaker": "B",
              "text": "A bit difficult but interesting.",
              "romanization": "",
              "translation": "조금 어려웠지만 재미있었어요."
            }
          ]
        }
      }
    }
  },
  {
    "id": "jilryang",
    "korean": "질량",
    "romanization": "jillyang",
    "pronunciation": {
      "korean": "[질량]",
      "ipa": "[tɕilːjaŋ]"
    },
    "partOfSpeech": "noun",
    "categoryId": "physics",
    "difficulty": "intermediate",
    "frequency": "common",
    "tags": [
      "physics",
      "mass",
      "matter"
    ],
    "translations": {
      "ko": {
        "word": "질량",
        "explanation": "물체가 가진 물질의 양. 무게와는 다른 개념.",
        "examples": {
          "beginner": "질량을/를 배워요.",
          "intermediate": "질량은/는 중요한 개념이에요.",
          "advanced": "질량의 원리를 이해하는 것이 물리학 학습의 기초입니다.",
          "master": "질량에 대한 깊은 이해는 자연 현상을 설명하는 데 필수적입니다."
        },
        "variations": {
          "formal": [
            "질량입니다",
            "물질량",
            "중량"
          ],
          "casual": [
            "질량~",
            "질량으로"
          ],
          "short": [
            "질량",
            "mass"
          ]
        },
        "dialogue": {
          "context": "과학 수업에서",
          "dialogue": [
            {
              "speaker": "A",
              "text": "오늘 뭐 배웠어요?",
              "romanization": "oneul mwo baewoseoyo?",
              "translation": "What did you learn today?"
            },
            {
              "speaker": "B",
              "text": "질량에 대해 배웠어요.",
              "romanization": "jilryange daehae baewoseoyo.",
              "translation": "I learned about mass."
            },
            {
              "speaker": "A",
              "text": "어려웠어요?",
              "romanization": "eoryeowoseoyo?",
              "translation": "Was it difficult?"
            },
            {
              "speaker": "B",
              "text": "조금 어려웠지만 재미있었어요.",
              "romanization": "jogeum eoryeowosjiman jaemiiseoseoyo.",
              "translation": "A bit difficult but interesting."
            }
          ]
        }
      },
      "en": {
        "word": "Mass",
        "explanation": "The amount of matter an object has. Different concept from weight.",
        "examples": {
          "beginner": "I learn about mass.",
          "intermediate": "Mass is an important concept.",
          "advanced": "Understanding the principle of mass is fundamental to physics.",
          "master": "Deep understanding of mass is essential for explaining natural phenomena."
        },
        "variations": {
          "formal": [
            "It is mass",
            "Matter amount",
            "Weight"
          ],
          "casual": [
            "Mass~",
            "By mass"
          ],
          "short": [
            "Mass",
            "M"
          ]
        },
        "dialogue": {
          "context": "In science class",
          "dialogue": [
            {
              "speaker": "A",
              "text": "What did you learn today?",
              "romanization": "",
              "translation": "오늘 뭐 배웠어요?"
            },
            {
              "speaker": "B",
              "text": "I learned about mass.",
              "romanization": "",
              "translation": "질량에 대해 배웠어요."
            },
            {
              "speaker": "A",
              "text": "Was it difficult?",
              "romanization": "",
              "translation": "어려웠어요?"
            },
            {
              "speaker": "B",
              "text": "A bit difficult but interesting.",
              "romanization": "",
              "translation": "조금 어려웠지만 재미있었어요."
            }
          ]
        }
      }
    }
  },
  {
    "id": "bich",
    "korean": "빛",
    "romanization": "bit",
    "pronunciation": {
      "korean": "[빛]",
      "ipa": "[pit]"
    },
    "partOfSpeech": "noun",
    "categoryId": "physics",
    "difficulty": "beginner",
    "frequency": "common",
    "tags": [
      "physics",
      "light",
      "wave"
    ],
    "translations": {
      "ko": {
        "word": "빛",
        "explanation": "눈으로 볼 수 있게 하는 전자기파. 광원에서 나오는 에너지.",
        "examples": {
          "beginner": "빛을/를 배워요.",
          "intermediate": "빛은/는 중요한 개념이에요.",
          "advanced": "빛의 원리를 이해하는 것이 물리학 학습의 기초입니다.",
          "master": "빛에 대한 깊은 이해는 자연 현상을 설명하는 데 필수적입니다."
        },
        "variations": {
          "formal": [
            "빛입니다",
            "광(光)",
            "광선"
          ],
          "casual": [
            "빛~",
            "빛으로"
          ],
          "short": [
            "빛",
            "light"
          ]
        },
        "dialogue": {
          "context": "과학 수업에서",
          "dialogue": [
            {
              "speaker": "A",
              "text": "오늘 뭐 배웠어요?",
              "romanization": "oneul mwo baewoseoyo?",
              "translation": "What did you learn today?"
            },
            {
              "speaker": "B",
              "text": "빛에 대해 배웠어요.",
              "romanization": "bite daehae baewoseoyo.",
              "translation": "I learned about light."
            },
            {
              "speaker": "A",
              "text": "어려웠어요?",
              "romanization": "eoryeowoseoyo?",
              "translation": "Was it difficult?"
            },
            {
              "speaker": "B",
              "text": "조금 어려웠지만 재미있었어요.",
              "romanization": "jogeum eoryeowosjiman jaemiiseoseoyo.",
              "translation": "A bit difficult but interesting."
            }
          ]
        }
      },
      "en": {
        "word": "Light",
        "explanation": "Electromagnetic waves that make things visible. Energy from a light source.",
        "examples": {
          "beginner": "I learn about light.",
          "intermediate": "Light is an important concept.",
          "advanced": "Understanding the principle of light is fundamental to physics.",
          "master": "Deep understanding of light is essential for explaining natural phenomena."
        },
        "variations": {
          "formal": [
            "It is light",
            "Luminosity",
            "Ray"
          ],
          "casual": [
            "Light~",
            "By light"
          ],
          "short": [
            "Light",
            "Ray"
          ]
        },
        "dialogue": {
          "context": "In science class",
          "dialogue": [
            {
              "speaker": "A",
              "text": "What did you learn today?",
              "romanization": "",
              "translation": "오늘 뭐 배웠어요?"
            },
            {
              "speaker": "B",
              "text": "I learned about light.",
              "romanization": "",
              "translation": "빛에 대해 배웠어요."
            },
            {
              "speaker": "A",
              "text": "Was it difficult?",
              "romanization": "",
              "translation": "어려웠어요?"
            },
            {
              "speaker": "B",
              "text": "A bit difficult but interesting.",
              "romanization": "",
              "translation": "조금 어려웠지만 재미있었어요."
            }
          ]
        }
      }
    }
  },
  {
    "id": "jeon-gi",
    "korean": "전기",
    "romanization": "jeongi",
    "pronunciation": {
      "korean": "[전기]",
      "ipa": "[tɕʌŋɡi]"
    },
    "partOfSpeech": "noun",
    "categoryId": "physics",
    "difficulty": "beginner",
    "frequency": "common",
    "tags": [
      "physics",
      "electricity",
      "energy"
    ],
    "translations": {
      "ko": {
        "word": "전기",
        "explanation": "전하의 흐름으로 생기는 에너지. 현대 문명의 필수 요소.",
        "examples": {
          "beginner": "전기을/를 배워요.",
          "intermediate": "전기은/는 중요한 개념이에요.",
          "advanced": "전기의 원리를 이해하는 것이 물리학 학습의 기초입니다.",
          "master": "전기에 대한 깊은 이해는 자연 현상을 설명하는 데 필수적입니다."
        },
        "variations": {
          "formal": [
            "전기입니다",
            "전력",
            "전류"
          ],
          "casual": [
            "전기~",
            "전기로"
          ],
          "short": [
            "전기",
            "electricity"
          ]
        },
        "dialogue": {
          "context": "과학 수업에서",
          "dialogue": [
            {
              "speaker": "A",
              "text": "오늘 뭐 배웠어요?",
              "romanization": "oneul mwo baewoseoyo?",
              "translation": "What did you learn today?"
            },
            {
              "speaker": "B",
              "text": "전기에 대해 배웠어요.",
              "romanization": "jeongie daehae baewoseoyo.",
              "translation": "I learned about electricity."
            },
            {
              "speaker": "A",
              "text": "어려웠어요?",
              "romanization": "eoryeowoseoyo?",
              "translation": "Was it difficult?"
            },
            {
              "speaker": "B",
              "text": "조금 어려웠지만 재미있었어요.",
              "romanization": "jogeum eoryeowosjiman jaemiiseoseoyo.",
              "translation": "A bit difficult but interesting."
            }
          ]
        }
      },
      "en": {
        "word": "Electricity",
        "explanation": "Energy produced by the flow of electric charge. Essential element of modern civilization.",
        "examples": {
          "beginner": "I learn about electricity.",
          "intermediate": "Electricity is an important concept.",
          "advanced": "Understanding the principle of electricity is fundamental to physics.",
          "master": "Deep understanding of electricity is essential for explaining natural phenomena."
        },
        "variations": {
          "formal": [
            "It is electricity",
            "Electric power",
            "Current"
          ],
          "casual": [
            "Electricity~",
            "By electricity"
          ],
          "short": [
            "Electricity",
            "Power"
          ]
        },
        "dialogue": {
          "context": "In science class",
          "dialogue": [
            {
              "speaker": "A",
              "text": "What did you learn today?",
              "romanization": "",
              "translation": "오늘 뭐 배웠어요?"
            },
            {
              "speaker": "B",
              "text": "I learned about electricity.",
              "romanization": "",
              "translation": "전기에 대해 배웠어요."
            },
            {
              "speaker": "A",
              "text": "Was it difficult?",
              "romanization": "",
              "translation": "어려웠어요?"
            },
            {
              "speaker": "B",
              "text": "A bit difficult but interesting.",
              "romanization": "",
              "translation": "조금 어려웠지만 재미있었어요."
            }
          ]
        }
      }
    }
  },
  {
    "id": "ondo",
    "korean": "온도",
    "romanization": "ondo",
    "pronunciation": {
      "korean": "[온도]",
      "ipa": "[onto]"
    },
    "partOfSpeech": "noun",
    "categoryId": "physics",
    "difficulty": "beginner",
    "frequency": "common",
    "tags": [
      "physics",
      "temperature",
      "heat"
    ],
    "translations": {
      "ko": {
        "word": "온도",
        "explanation": "물체의 뜨겁고 차가운 정도. 섭씨나 화씨로 측정한다.",
        "examples": {
          "beginner": "온도을/를 배워요.",
          "intermediate": "온도은/는 중요한 개념이에요.",
          "advanced": "온도의 원리를 이해하는 것이 물리학 학습의 기초입니다.",
          "master": "온도에 대한 깊은 이해는 자연 현상을 설명하는 데 필수적입니다."
        },
        "variations": {
          "formal": [
            "온도입니다",
            "기온",
            "체온"
          ],
          "casual": [
            "온도~",
            "온도로"
          ],
          "short": [
            "온도",
            "temperature"
          ]
        },
        "dialogue": {
          "context": "과학 수업에서",
          "dialogue": [
            {
              "speaker": "A",
              "text": "오늘 뭐 배웠어요?",
              "romanization": "oneul mwo baewoseoyo?",
              "translation": "What did you learn today?"
            },
            {
              "speaker": "B",
              "text": "온도에 대해 배웠어요.",
              "romanization": "ondoe daehae baewoseoyo.",
              "translation": "I learned about temperature."
            },
            {
              "speaker": "A",
              "text": "어려웠어요?",
              "romanization": "eoryeowoseoyo?",
              "translation": "Was it difficult?"
            },
            {
              "speaker": "B",
              "text": "조금 어려웠지만 재미있었어요.",
              "romanization": "jogeum eoryeowosjiman jaemiiseoseoyo.",
              "translation": "A bit difficult but interesting."
            }
          ]
        }
      },
      "en": {
        "word": "Temperature",
        "explanation": "The degree of hotness or coldness of an object. Measured in Celsius or Fahrenheit.",
        "examples": {
          "beginner": "I learn about temperature.",
          "intermediate": "Temperature is an important concept.",
          "advanced": "Understanding the principle of temperature is fundamental to physics.",
          "master": "Deep understanding of temperature is essential for explaining natural phenomena."
        },
        "variations": {
          "formal": [
            "It is temperature",
            "Air temperature",
            "Body temperature"
          ],
          "casual": [
            "Temperature~",
            "At temperature"
          ],
          "short": [
            "Temp",
            "Temperature"
          ]
        },
        "dialogue": {
          "context": "In science class",
          "dialogue": [
            {
              "speaker": "A",
              "text": "What did you learn today?",
              "romanization": "",
              "translation": "오늘 뭐 배웠어요?"
            },
            {
              "speaker": "B",
              "text": "I learned about temperature.",
              "romanization": "",
              "translation": "온도에 대해 배웠어요."
            },
            {
              "speaker": "A",
              "text": "Was it difficult?",
              "romanization": "",
              "translation": "어려웠어요?"
            },
            {
              "speaker": "B",
              "text": "A bit difficult but interesting.",
              "romanization": "",
              "translation": "조금 어려웠지만 재미있었어요."
            }
          ]
        }
      }
    }
  },
  {
    "id": "padong",
    "korean": "파동",
    "romanization": "padong",
    "pronunciation": {
      "korean": "[파동]",
      "ipa": "[pʰadoŋ]"
    },
    "partOfSpeech": "noun",
    "categoryId": "physics",
    "difficulty": "intermediate",
    "frequency": "common",
    "tags": [
      "physics",
      "wave",
      "motion"
    ],
    "translations": {
      "ko": {
        "word": "파동",
        "explanation": "에너지가 전달되며 진동이 퍼져 나가는 현상. 소리, 빛, 물결 등.",
        "examples": {
          "beginner": "파동을/를 배워요.",
          "intermediate": "파동은/는 중요한 개념이에요.",
          "advanced": "파동의 원리를 이해하는 것이 물리학 학습의 기초입니다.",
          "master": "파동에 대한 깊은 이해는 자연 현상을 설명하는 데 필수적입니다."
        },
        "variations": {
          "formal": [
            "파동입니다",
            "파(波)",
            "물결"
          ],
          "casual": [
            "파동~",
            "파동으로"
          ],
          "short": [
            "파동",
            "wave"
          ]
        },
        "dialogue": {
          "context": "과학 수업에서",
          "dialogue": [
            {
              "speaker": "A",
              "text": "오늘 뭐 배웠어요?",
              "romanization": "oneul mwo baewoseoyo?",
              "translation": "What did you learn today?"
            },
            {
              "speaker": "B",
              "text": "파동에 대해 배웠어요.",
              "romanization": "padonge daehae baewoseoyo.",
              "translation": "I learned about wave."
            },
            {
              "speaker": "A",
              "text": "어려웠어요?",
              "romanization": "eoryeowoseoyo?",
              "translation": "Was it difficult?"
            },
            {
              "speaker": "B",
              "text": "조금 어려웠지만 재미있었어요.",
              "romanization": "jogeum eoryeowosjiman jaemiiseoseoyo.",
              "translation": "A bit difficult but interesting."
            }
          ]
        }
      },
      "en": {
        "word": "Wave",
        "explanation": "A phenomenon where vibrations spread as energy is transmitted. Sound, light, water waves, etc.",
        "examples": {
          "beginner": "I learn about wave.",
          "intermediate": "Wave is an important concept.",
          "advanced": "Understanding the principle of wave is fundamental to physics.",
          "master": "Deep understanding of wave is essential for explaining natural phenomena."
        },
        "variations": {
          "formal": [
            "It is a wave",
            "Wave motion",
            "Undulation"
          ],
          "casual": [
            "Wave~",
            "By waves"
          ],
          "short": [
            "Wave",
            "Waves"
          ]
        },
        "dialogue": {
          "context": "In science class",
          "dialogue": [
            {
              "speaker": "A",
              "text": "What did you learn today?",
              "romanization": "",
              "translation": "오늘 뭐 배웠어요?"
            },
            {
              "speaker": "B",
              "text": "I learned about wave.",
              "romanization": "",
              "translation": "파동에 대해 배웠어요."
            },
            {
              "speaker": "A",
              "text": "Was it difficult?",
              "romanization": "",
              "translation": "어려웠어요?"
            },
            {
              "speaker": "B",
              "text": "A bit difficult but interesting.",
              "romanization": "",
              "translation": "조금 어려웠지만 재미있었어요."
            }
          ]
        }
      }
    }
  }
]