[
  {
    "id": "w-mwol",
    "korean": "뭘",
    "romanization": "mwol",
    "pronunciation": {
      "korean": "[뭘]",
      "ipa": "[mwol]"
    },
    "partOfSpeech": "noun",
    "categoryId": "pronouns",
    "difficulty": "beginner",
    "frequency": "common",
    "tags": [],
    "hasDialogue": true,
    "translations": {
      "en": {
        "word": "what",
        "explanation": "'뭘' means 'what' in English.",
        "examples": {
          "beginner": "We say \"뭘\" in Korean.",
          "intermediate": "In Korea, people often say \"뭘\".",
          "advanced": "\"뭘\" is an important expression in Korean.",
          "master": "Understanding the cultural context of \"뭘\" makes communication more natural."
        },
        "variations": {
          "formal": [
            "It is what.",
            "There is what."
          ],
          "casual": [
            "It's what.",
            "what, you know."
          ],
          "short": [
            "what"
          ]
        }
      },
      "ko": {
        "word": "뭘",
        "explanation": "뭘의 뜻은 'what'입니다.",
        "examples": {
          "beginner": "\"뭘\"는 한국어로 말해요.",
          "intermediate": "한국에서는 \"뭘\"를 자주 써요.",
          "advanced": "\"뭘\"는 한국어에서 중요한 표현입니다.",
          "master": "\"뭘\"의 문화적 맥락을 이해하면 더 자연스럽게 소통할 수 있습니다."
        },
        "variations": {
          "formal": [
            "뭘입니다.",
            "뭘이/가 있습니다."
          ],
          "casual": [
            "뭘이야.",
            "뭘 있어."
          ],
          "short": [
            "뭘"
          ]
        }
      }
    }
  },
  {
    "id": "w-쟤",
    "korean": "쟤",
    "romanization": "jyae",
    "pronunciation": {
      "korean": "[쟤]",
      "ipa": "[jyae]"
    },
    "partOfSpeech": "noun",
    "categoryId": "pronouns",
    "difficulty": "beginner",
    "frequency": "common",
    "tags": [],
    "hasDialogue": true,
    "translations": {
      "en": {
        "word": "that person",
        "explanation": "'쟤' means 'that person' in English.",
        "examples": {
          "beginner": "We say \"쟤\" in Korean.",
          "intermediate": "In Korea, people often say \"쟤\".",
          "advanced": "\"쟤\" is an important expression in Korean.",
          "master": "Understanding the cultural context of \"쟤\" makes communication more natural."
        },
        "variations": {
          "formal": [
            "It is that person.",
            "There is that person."
          ],
          "casual": [
            "It's that person.",
            "that person, you know."
          ],
          "short": [
            "that"
          ]
        }
      },
      "ko": {
        "word": "쟤",
        "explanation": "쟤의 뜻은 'that person'입니다.",
        "examples": {
          "beginner": "\"쟤\"는 한국어로 말해요.",
          "intermediate": "한국에서는 \"쟤\"를 자주 써요.",
          "advanced": "\"쟤\"는 한국어에서 중요한 표현입니다.",
          "master": "\"쟤\"의 문화적 맥락을 이해하면 더 자연스럽게 소통할 수 있습니다."
        },
        "variations": {
          "formal": [
            "쟤입니다.",
            "쟤이/가 있습니다."
          ],
          "casual": [
            "쟤이야.",
            "쟤 있어."
          ],
          "short": [
            "쟤"
          ]
        }
      }
    }
  },
  {
    "id": "w-gyae",
    "korean": "걔",
    "romanization": "gyae",
    "pronunciation": {
      "korean": "[걔]",
      "ipa": "[gyae]"
    },
    "partOfSpeech": "noun",
    "categoryId": "pronouns",
    "difficulty": "beginner",
    "frequency": "common",
    "tags": [],
    "hasDialogue": true,
    "translations": {
      "en": {
        "word": "that person",
        "explanation": "'걔' means 'that person' in English.",
        "examples": {
          "beginner": "We say \"걔\" in Korean.",
          "intermediate": "In Korea, people often say \"걔\".",
          "advanced": "\"걔\" is an important expression in Korean.",
          "master": "Understanding the cultural context of \"걔\" makes communication more natural."
        },
        "variations": {
          "formal": [
            "It is that person.",
            "There is that person."
          ],
          "casual": [
            "It's that person.",
            "that person, you know."
          ],
          "short": [
            "that"
          ]
        }
      },
      "ko": {
        "word": "걔",
        "explanation": "걔의 뜻은 'that person'입니다.",
        "examples": {
          "beginner": "\"걔\"는 한국어로 말해요.",
          "intermediate": "한국에서는 \"걔\"를 자주 써요.",
          "advanced": "\"걔\"는 한국어에서 중요한 표현입니다.",
          "master": "\"걔\"의 문화적 맥락을 이해하면 더 자연스럽게 소통할 수 있습니다."
        },
        "variations": {
          "formal": [
            "걔입니다.",
            "걔이/가 있습니다."
          ],
          "casual": [
            "걔이야.",
            "걔 있어."
          ],
          "short": [
            "걔"
          ]
        }
      }
    }
  },
  {
    "id": "w-na",
    "korean": "나",
    "romanization": "na",
    "pronunciation": {
      "korean": "[나]",
      "ipa": "[na]"
    },
    "partOfSpeech": "noun",
    "categoryId": "pronouns",
    "difficulty": "beginner",
    "frequency": "common",
    "tags": [],
    "hasDialogue": true,
    "translations": {
      "en": {
        "word": "I",
        "explanation": "'나' means 'I' in English.",
        "examples": {
          "beginner": "We say \"나\" in Korean.",
          "intermediate": "In Korea, people often say \"나\".",
          "advanced": "\"나\" is an important expression in Korean.",
          "master": "Understanding the cultural context of \"나\" makes communication more natural."
        },
        "variations": {
          "formal": [
            "It is I.",
            "There is I."
          ],
          "casual": [
            "It's I.",
            "I, you know."
          ],
          "short": [
            "I"
          ]
        }
      },
      "ko": {
        "word": "나",
        "explanation": "나의 뜻은 'I'입니다.",
        "examples": {
          "beginner": "\"나\"는 한국어로 말해요.",
          "intermediate": "한국에서는 \"나\"를 자주 써요.",
          "advanced": "\"나\"는 한국어에서 중요한 표현입니다.",
          "master": "\"나\"의 문화적 맥락을 이해하면 더 자연스럽게 소통할 수 있습니다."
        },
        "variations": {
          "formal": [
            "나입니다.",
            "나이/가 있습니다."
          ],
          "casual": [
            "나이야.",
            "나 있어."
          ],
          "short": [
            "나"
          ]
        }
      }
    }
  },
  {
    "id": "w-jeo",
    "korean": "저",
    "romanization": "jeo",
    "pronunciation": {
      "korean": "[저]",
      "ipa": "[jeo]"
    },
    "partOfSpeech": "noun",
    "categoryId": "pronouns",
    "difficulty": "beginner",
    "frequency": "common",
    "tags": [],
    "hasDialogue": true,
    "translations": {
      "en": {
        "word": "I",
        "explanation": "'저' means 'I' in English.",
        "examples": {
          "beginner": "We say \"저\" in Korean.",
          "intermediate": "In Korea, people often say \"저\".",
          "advanced": "\"저\" is an important expression in Korean.",
          "master": "Understanding the cultural context of \"저\" makes communication more natural."
        },
        "variations": {
          "formal": [
            "It is I.",
            "There is I."
          ],
          "casual": [
            "It's I.",
            "I, you know."
          ],
          "short": [
            "I"
          ]
        }
      },
      "ko": {
        "word": "저",
        "explanation": "저의 뜻은 'I'입니다.",
        "examples": {
          "beginner": "\"저\"는 한국어로 말해요.",
          "intermediate": "한국에서는 \"저\"를 자주 써요.",
          "advanced": "\"저\"는 한국어에서 중요한 표현입니다.",
          "master": "\"저\"의 문화적 맥락을 이해하면 더 자연스럽게 소통할 수 있습니다."
        },
        "variations": {
          "formal": [
            "저입니다.",
            "저이/가 있습니다."
          ],
          "casual": [
            "저이야.",
            "저 있어."
          ],
          "short": [
            "저"
          ]
        }
      }
    }
  },
  {
    "id": "w-neo",
    "korean": "너",
    "romanization": "neo",
    "pronunciation": {
      "korean": "[너]",
      "ipa": "[neo]"
    },
    "partOfSpeech": "noun",
    "categoryId": "pronouns",
    "difficulty": "beginner",
    "frequency": "common",
    "tags": [],
    "hasDialogue": true,
    "translations": {
      "en": {
        "word": "you",
        "explanation": "'너' means 'you' in English.",
        "examples": {
          "beginner": "We say \"너\" in Korean.",
          "intermediate": "In Korea, people often say \"너\".",
          "advanced": "\"너\" is an important expression in Korean.",
          "master": "Understanding the cultural context of \"너\" makes communication more natural."
        },
        "variations": {
          "formal": [
            "It is you.",
            "There is you."
          ],
          "casual": [
            "It's you.",
            "you, you know."
          ],
          "short": [
            "you"
          ]
        }
      },
      "ko": {
        "word": "너",
        "explanation": "너의 뜻은 'you'입니다.",
        "examples": {
          "beginner": "\"너\"는 한국어로 말해요.",
          "intermediate": "한국에서는 \"너\"를 자주 써요.",
          "advanced": "\"너\"는 한국어에서 중요한 표현입니다.",
          "master": "\"너\"의 문화적 맥락을 이해하면 더 자연스럽게 소통할 수 있습니다."
        },
        "variations": {
          "formal": [
            "너입니다.",
            "너이/가 있습니다."
          ],
          "casual": [
            "너이야.",
            "너 있어."
          ],
          "short": [
            "너"
          ]
        }
      }
    }
  },
  {
    "id": "w-uri",
    "korean": "우리",
    "romanization": "uri",
    "pronunciation": {
      "korean": "[우리]",
      "ipa": "[uri]"
    },
    "partOfSpeech": "noun",
    "categoryId": "pronouns",
    "difficulty": "beginner",
    "frequency": "common",
    "tags": [],
    "hasDialogue": true,
    "translations": {
      "en": {
        "word": "we",
        "explanation": "'우리' means 'we' in English.",
        "examples": {
          "beginner": "We say \"우리\" in Korean.",
          "intermediate": "In Korea, people often say \"우리\".",
          "advanced": "\"우리\" is an important expression in Korean.",
          "master": "Understanding the cultural context of \"우리\" makes communication more natural."
        },
        "variations": {
          "formal": [
            "It is we.",
            "There is we."
          ],
          "casual": [
            "It's we.",
            "we, you know."
          ],
          "short": [
            "we"
          ]
        }
      },
      "ko": {
        "word": "우리",
        "explanation": "우리의 뜻은 'we'입니다.",
        "examples": {
          "beginner": "\"우리\"는 한국어로 말해요.",
          "intermediate": "한국에서는 \"우리\"를 자주 써요.",
          "advanced": "\"우리\"는 한국어에서 중요한 표현입니다.",
          "master": "\"우리\"의 문화적 맥락을 이해하면 더 자연스럽게 소통할 수 있습니다."
        },
        "variations": {
          "formal": [
            "우리입니다.",
            "우리이/가 있습니다."
          ],
          "casual": [
            "우리이야.",
            "우리 있어."
          ],
          "short": [
            "우리"
          ]
        }
      }
    }
  },
  {
    "id": "w-geu",
    "korean": "그",
    "romanization": "geu",
    "pronunciation": {
      "korean": "[그]",
      "ipa": "[geu]"
    },
    "partOfSpeech": "noun",
    "categoryId": "pronouns",
    "difficulty": "beginner",
    "frequency": "common",
    "tags": [],
    "hasDialogue": true,
    "translations": {
      "en": {
        "word": "he",
        "explanation": "'그' means 'he' in English.",
        "examples": {
          "beginner": "We say \"그\" in Korean.",
          "intermediate": "In Korea, people often say \"그\".",
          "advanced": "\"그\" is an important expression in Korean.",
          "master": "Understanding the cultural context of \"그\" makes communication more natural."
        },
        "variations": {
          "formal": [
            "It is he.",
            "There is he."
          ],
          "casual": [
            "It's he.",
            "he, you know."
          ],
          "short": [
            "he"
          ]
        }
      },
      "ko": {
        "word": "그",
        "explanation": "그의 뜻은 'he'입니다.",
        "examples": {
          "beginner": "\"그\"는 한국어로 말해요.",
          "intermediate": "한국에서는 \"그\"를 자주 써요.",
          "advanced": "\"그\"는 한국어에서 중요한 표현입니다.",
          "master": "\"그\"의 문화적 맥락을 이해하면 더 자연스럽게 소통할 수 있습니다."
        },
        "variations": {
          "formal": [
            "그입니다.",
            "그이/가 있습니다."
          ],
          "casual": [
            "그이야.",
            "그 있어."
          ],
          "short": [
            "그"
          ]
        }
      }
    }
  },
  {
    "id": "w-geunyeo",
    "korean": "그녀",
    "romanization": "geunyeo",
    "pronunciation": {
      "korean": "[그녀]",
      "ipa": "[geunyeo]"
    },
    "partOfSpeech": "noun",
    "categoryId": "pronouns",
    "difficulty": "beginner",
    "frequency": "common",
    "tags": [],
    "hasDialogue": true,
    "translations": {
      "en": {
        "word": "she",
        "explanation": "'그녀' means 'she' in English.",
        "examples": {
          "beginner": "We say \"그녀\" in Korean.",
          "intermediate": "In Korea, people often say \"그녀\".",
          "advanced": "\"그녀\" is an important expression in Korean.",
          "master": "Understanding the cultural context of \"그녀\" makes communication more natural."
        },
        "variations": {
          "formal": [
            "It is she.",
            "There is she."
          ],
          "casual": [
            "It's she.",
            "she, you know."
          ],
          "short": [
            "she"
          ]
        }
      },
      "ko": {
        "word": "그녀",
        "explanation": "그녀의 뜻은 'she'입니다.",
        "examples": {
          "beginner": "\"그녀\"는 한국어로 말해요.",
          "intermediate": "한국에서는 \"그녀\"를 자주 써요.",
          "advanced": "\"그녀\"는 한국어에서 중요한 표현입니다.",
          "master": "\"그녀\"의 문화적 맥락을 이해하면 더 자연스럽게 소통할 수 있습니다."
        },
        "variations": {
          "formal": [
            "그녀입니다.",
            "그녀이/가 있습니다."
          ],
          "casual": [
            "그녀이야.",
            "그녀 있어."
          ],
          "short": [
            "그녀"
          ]
        }
      }
    }
  },
  {
    "id": "w-i것",
    "korean": "이것",
    "romanization": "igeot",
    "pronunciation": {
      "korean": "[이것]",
      "ipa": "[igeot]"
    },
    "partOfSpeech": "noun",
    "categoryId": "pronouns",
    "difficulty": "beginner",
    "frequency": "common",
    "tags": [],
    "hasDialogue": true,
    "translations": {
      "en": {
        "word": "this",
        "explanation": "'이것' means 'this' in English.",
        "examples": {
          "beginner": "We say \"이것\" in Korean.",
          "intermediate": "In Korea, people often say \"이것\".",
          "advanced": "\"이것\" is an important expression in Korean.",
          "master": "Understanding the cultural context of \"이것\" makes communication more natural."
        },
        "variations": {
          "formal": [
            "It is this.",
            "There is this."
          ],
          "casual": [
            "It's this.",
            "this, you know."
          ],
          "short": [
            "this"
          ]
        }
      },
      "ko": {
        "word": "이것",
        "explanation": "이것의 뜻은 'this'입니다.",
        "examples": {
          "beginner": "\"이것\"는 한국어로 말해요.",
          "intermediate": "한국에서는 \"이것\"를 자주 써요.",
          "advanced": "\"이것\"는 한국어에서 중요한 표현입니다.",
          "master": "\"이것\"의 문화적 맥락을 이해하면 더 자연스럽게 소통할 수 있습니다."
        },
        "variations": {
          "formal": [
            "이것입니다.",
            "이것이/가 있습니다."
          ],
          "casual": [
            "이것이야.",
            "이것 있어."
          ],
          "short": [
            "이것"
          ]
        }
      }
    }
  },
  {
    "id": "w-jeo것",
    "korean": "저것",
    "romanization": "jeogeot",
    "pronunciation": {
      "korean": "[저것]",
      "ipa": "[jeogeot]"
    },
    "partOfSpeech": "noun",
    "categoryId": "pronouns",
    "difficulty": "beginner",
    "frequency": "common",
    "tags": [],
    "hasDialogue": true,
    "translations": {
      "en": {
        "word": "that",
        "explanation": "'저것' means 'that' in English.",
        "examples": {
          "beginner": "We say \"저것\" in Korean.",
          "intermediate": "In Korea, people often say \"저것\".",
          "advanced": "\"저것\" is an important expression in Korean.",
          "master": "Understanding the cultural context of \"저것\" makes communication more natural."
        },
        "variations": {
          "formal": [
            "It is that.",
            "There is that."
          ],
          "casual": [
            "It's that.",
            "that, you know."
          ],
          "short": [
            "that"
          ]
        }
      },
      "ko": {
        "word": "저것",
        "explanation": "저것의 뜻은 'that'입니다.",
        "examples": {
          "beginner": "\"저것\"는 한국어로 말해요.",
          "intermediate": "한국에서는 \"저것\"를 자주 써요.",
          "advanced": "\"저것\"는 한국어에서 중요한 표현입니다.",
          "master": "\"저것\"의 문화적 맥락을 이해하면 더 자연스럽게 소통할 수 있습니다."
        },
        "variations": {
          "formal": [
            "저것입니다.",
            "저것이/가 있습니다."
          ],
          "casual": [
            "저것이야.",
            "저것 있어."
          ],
          "short": [
            "저것"
          ]
        }
      }
    }
  },
  {
    "id": "w-geu것",
    "korean": "그것",
    "romanization": "geugeot",
    "pronunciation": {
      "korean": "[그것]",
      "ipa": "[geugeot]"
    },
    "partOfSpeech": "noun",
    "categoryId": "pronouns",
    "difficulty": "beginner",
    "frequency": "common",
    "tags": [],
    "hasDialogue": true,
    "translations": {
      "en": {
        "word": "it",
        "explanation": "'그것' means 'it' in English.",
        "examples": {
          "beginner": "We say \"그것\" in Korean.",
          "intermediate": "In Korea, people often say \"그것\".",
          "advanced": "\"그것\" is an important expression in Korean.",
          "master": "Understanding the cultural context of \"그것\" makes communication more natural."
        },
        "variations": {
          "formal": [
            "It is it.",
            "There is it."
          ],
          "casual": [
            "It's it.",
            "it, you know."
          ],
          "short": [
            "it"
          ]
        }
      },
      "ko": {
        "word": "그것",
        "explanation": "그것의 뜻은 'it'입니다.",
        "examples": {
          "beginner": "\"그것\"는 한국어로 말해요.",
          "intermediate": "한국에서는 \"그것\"를 자주 써요.",
          "advanced": "\"그것\"는 한국어에서 중요한 표현입니다.",
          "master": "\"그것\"의 문화적 맥락을 이해하면 더 자연스럽게 소통할 수 있습니다."
        },
        "variations": {
          "formal": [
            "그것입니다.",
            "그것이/가 있습니다."
          ],
          "casual": [
            "그것이야.",
            "그것 있어."
          ],
          "short": [
            "그것"
          ]
        }
      }
    }
  },
  {
    "id": "w-yeogi",
    "korean": "여기",
    "romanization": "yeogi",
    "pronunciation": {
      "korean": "[여기]",
      "ipa": "[yeogi]"
    },
    "partOfSpeech": "noun",
    "categoryId": "pronouns",
    "difficulty": "beginner",
    "frequency": "common",
    "tags": [],
    "hasDialogue": true,
    "translations": {
      "en": {
        "word": "here",
        "explanation": "'여기' means 'here' in English.",
        "examples": {
          "beginner": "We say \"여기\" in Korean.",
          "intermediate": "In Korea, people often say \"여기\".",
          "advanced": "\"여기\" is an important expression in Korean.",
          "master": "Understanding the cultural context of \"여기\" makes communication more natural."
        },
        "variations": {
          "formal": [
            "It is here.",
            "There is here."
          ],
          "casual": [
            "It's here.",
            "here, you know."
          ],
          "short": [
            "here"
          ]
        }
      },
      "ko": {
        "word": "여기",
        "explanation": "여기의 뜻은 'here'입니다.",
        "examples": {
          "beginner": "\"여기\"는 한국어로 말해요.",
          "intermediate": "한국에서는 \"여기\"를 자주 써요.",
          "advanced": "\"여기\"는 한국어에서 중요한 표현입니다.",
          "master": "\"여기\"의 문화적 맥락을 이해하면 더 자연스럽게 소통할 수 있습니다."
        },
        "variations": {
          "formal": [
            "여기입니다.",
            "여기이/가 있습니다."
          ],
          "casual": [
            "여기이야.",
            "여기 있어."
          ],
          "short": [
            "여기"
          ]
        }
      }
    }
  },
  {
    "id": "w-geogi",
    "korean": "거기",
    "romanization": "geogi",
    "pronunciation": {
      "korean": "[거기]",
      "ipa": "[geogi]"
    },
    "partOfSpeech": "noun",
    "categoryId": "pronouns",
    "difficulty": "beginner",
    "frequency": "common",
    "tags": [],
    "hasDialogue": true,
    "translations": {
      "en": {
        "word": "there",
        "explanation": "'거기' means 'there' in English.",
        "examples": {
          "beginner": "We say \"거기\" in Korean.",
          "intermediate": "In Korea, people often say \"거기\".",
          "advanced": "\"거기\" is an important expression in Korean.",
          "master": "Understanding the cultural context of \"거기\" makes communication more natural."
        },
        "variations": {
          "formal": [
            "It is there.",
            "There is there."
          ],
          "casual": [
            "It's there.",
            "there, you know."
          ],
          "short": [
            "there"
          ]
        }
      },
      "ko": {
        "word": "거기",
        "explanation": "거기의 뜻은 'there'입니다.",
        "examples": {
          "beginner": "\"거기\"는 한국어로 말해요.",
          "intermediate": "한국에서는 \"거기\"를 자주 써요.",
          "advanced": "\"거기\"는 한국어에서 중요한 표현입니다.",
          "master": "\"거기\"의 문화적 맥락을 이해하면 더 자연스럽게 소통할 수 있습니다."
        },
        "variations": {
          "formal": [
            "거기입니다.",
            "거기이/가 있습니다."
          ],
          "casual": [
            "거기이야.",
            "거기 있어."
          ],
          "short": [
            "거기"
          ]
        }
      }
    }
  },
  {
    "id": "w-eodi",
    "korean": "어디",
    "romanization": "eodi",
    "pronunciation": {
      "korean": "[어디]",
      "ipa": "[eodi]"
    },
    "partOfSpeech": "noun",
    "categoryId": "pronouns",
    "difficulty": "beginner",
    "frequency": "common",
    "tags": [],
    "hasDialogue": true,
    "translations": {
      "en": {
        "word": "where",
        "explanation": "'어디' means 'where' in English.",
        "examples": {
          "beginner": "We say \"어디\" in Korean.",
          "intermediate": "In Korea, people often say \"어디\".",
          "advanced": "\"어디\" is an important expression in Korean.",
          "master": "Understanding the cultural context of \"어디\" makes communication more natural."
        },
        "variations": {
          "formal": [
            "It is where.",
            "There is where."
          ],
          "casual": [
            "It's where.",
            "where, you know."
          ],
          "short": [
            "where"
          ]
        }
      },
      "ko": {
        "word": "어디",
        "explanation": "어디의 뜻은 'where'입니다.",
        "examples": {
          "beginner": "\"어디\"는 한국어로 말해요.",
          "intermediate": "한국에서는 \"어디\"를 자주 써요.",
          "advanced": "\"어디\"는 한국어에서 중요한 표현입니다.",
          "master": "\"어디\"의 문화적 맥락을 이해하면 더 자연스럽게 소통할 수 있습니다."
        },
        "variations": {
          "formal": [
            "어디입니다.",
            "어디이/가 있습니다."
          ],
          "casual": [
            "어디이야.",
            "어디 있어."
          ],
          "short": [
            "어디"
          ]
        }
      }
    }
  },
  {
    "id": "w-nugu",
    "korean": "누구",
    "romanization": "nugu",
    "pronunciation": {
      "korean": "[누구]",
      "ipa": "[nugu]"
    },
    "partOfSpeech": "noun",
    "categoryId": "pronouns",
    "difficulty": "beginner",
    "frequency": "common",
    "tags": [],
    "hasDialogue": true,
    "translations": {
      "en": {
        "word": "who",
        "explanation": "'누구' means 'who' in English.",
        "examples": {
          "beginner": "We say \"누구\" in Korean.",
          "intermediate": "In Korea, people often say \"누구\".",
          "advanced": "\"누구\" is an important expression in Korean.",
          "master": "Understanding the cultural context of \"누구\" makes communication more natural."
        },
        "variations": {
          "formal": [
            "It is who.",
            "There is who."
          ],
          "casual": [
            "It's who.",
            "who, you know."
          ],
          "short": [
            "who"
          ]
        }
      },
      "ko": {
        "word": "누구",
        "explanation": "누구의 뜻은 'who'입니다.",
        "examples": {
          "beginner": "\"누구\"는 한국어로 말해요.",
          "intermediate": "한국에서는 \"누구\"를 자주 써요.",
          "advanced": "\"누구\"는 한국어에서 중요한 표현입니다.",
          "master": "\"누구\"의 문화적 맥락을 이해하면 더 자연스럽게 소통할 수 있습니다."
        },
        "variations": {
          "formal": [
            "누구입니다.",
            "누구이/가 있습니다."
          ],
          "casual": [
            "누구이야.",
            "누구 있어."
          ],
          "short": [
            "누구"
          ]
        }
      }
    }
  },
  {
    "id": "w-mu엇",
    "korean": "무엇",
    "romanization": "mueot",
    "pronunciation": {
      "korean": "[무엇]",
      "ipa": "[mueot]"
    },
    "partOfSpeech": "noun",
    "categoryId": "pronouns",
    "difficulty": "beginner",
    "frequency": "common",
    "tags": [],
    "hasDialogue": true,
    "translations": {
      "en": {
        "word": "what",
        "explanation": "'무엇' means 'what' in English.",
        "examples": {
          "beginner": "We say \"무엇\" in Korean.",
          "intermediate": "In Korea, people often say \"무엇\".",
          "advanced": "\"무엇\" is an important expression in Korean.",
          "master": "Understanding the cultural context of \"무엇\" makes communication more natural."
        },
        "variations": {
          "formal": [
            "It is what.",
            "There is what."
          ],
          "casual": [
            "It's what.",
            "what, you know."
          ],
          "short": [
            "what"
          ]
        }
      },
      "ko": {
        "word": "무엇",
        "explanation": "무엇의 뜻은 'what'입니다.",
        "examples": {
          "beginner": "\"무엇\"는 한국어로 말해요.",
          "intermediate": "한국에서는 \"무엇\"를 자주 써요.",
          "advanced": "\"무엇\"는 한국어에서 중요한 표현입니다.",
          "master": "\"무엇\"의 문화적 맥락을 이해하면 더 자연스럽게 소통할 수 있습니다."
        },
        "variations": {
          "formal": [
            "무엇입니다.",
            "무엇이/가 있습니다."
          ],
          "casual": [
            "무엇이야.",
            "무엇 있어."
          ],
          "short": [
            "무엇"
          ]
        }
      }
    }
  },
  {
    "id": "w-뭐",
    "korean": "뭐",
    "romanization": "mwo",
    "pronunciation": {
      "korean": "[뭐]",
      "ipa": "[mwo]"
    },
    "partOfSpeech": "noun",
    "categoryId": "pronouns",
    "difficulty": "beginner",
    "frequency": "common",
    "tags": [],
    "hasDialogue": true,
    "translations": {
      "en": {
        "word": "what",
        "explanation": "'뭐' means 'what' in English.",
        "examples": {
          "beginner": "We say \"뭐\" in Korean.",
          "intermediate": "In Korea, people often say \"뭐\".",
          "advanced": "\"뭐\" is an important expression in Korean.",
          "master": "Understanding the cultural context of \"뭐\" makes communication more natural."
        },
        "variations": {
          "formal": [
            "It is what.",
            "There is what."
          ],
          "casual": [
            "It's what.",
            "what, you know."
          ],
          "short": [
            "what"
          ]
        }
      },
      "ko": {
        "word": "뭐",
        "explanation": "뭐의 뜻은 'what'입니다.",
        "examples": {
          "beginner": "\"뭐\"는 한국어로 말해요.",
          "intermediate": "한국에서는 \"뭐\"를 자주 써요.",
          "advanced": "\"뭐\"는 한국어에서 중요한 표현입니다.",
          "master": "\"뭐\"의 문화적 맥락을 이해하면 더 자연스럽게 소통할 수 있습니다."
        },
        "variations": {
          "formal": [
            "뭐입니다.",
            "뭐이/가 있습니다."
          ],
          "casual": [
            "뭐이야.",
            "뭐 있어."
          ],
          "short": [
            "뭐"
          ]
        }
      }
    }
  },
  {
    "id": "w-eonje",
    "korean": "언제",
    "romanization": "eonje",
    "pronunciation": {
      "korean": "[언제]",
      "ipa": "[eonje]"
    },
    "partOfSpeech": "noun",
    "categoryId": "pronouns",
    "difficulty": "beginner",
    "frequency": "common",
    "tags": [],
    "hasDialogue": true,
    "translations": {
      "en": {
        "word": "when",
        "explanation": "'언제' means 'when' in English.",
        "examples": {
          "beginner": "We say \"언제\" in Korean.",
          "intermediate": "In Korea, people often say \"언제\".",
          "advanced": "\"언제\" is an important expression in Korean.",
          "master": "Understanding the cultural context of \"언제\" makes communication more natural."
        },
        "variations": {
          "formal": [
            "It is when.",
            "There is when."
          ],
          "casual": [
            "It's when.",
            "when, you know."
          ],
          "short": [
            "when"
          ]
        }
      },
      "ko": {
        "word": "언제",
        "explanation": "언제의 뜻은 'when'입니다.",
        "examples": {
          "beginner": "\"언제\"는 한국어로 말해요.",
          "intermediate": "한국에서는 \"언제\"를 자주 써요.",
          "advanced": "\"언제\"는 한국어에서 중요한 표현입니다.",
          "master": "\"언제\"의 문화적 맥락을 이해하면 더 자연스럽게 소통할 수 있습니다."
        },
        "variations": {
          "formal": [
            "언제입니다.",
            "언제이/가 있습니다."
          ],
          "casual": [
            "언제이야.",
            "언제 있어."
          ],
          "short": [
            "언제"
          ]
        }
      }
    }
  },
  {
    "id": "w-왜",
    "korean": "왜",
    "romanization": "wae",
    "pronunciation": {
      "korean": "[왜]",
      "ipa": "[wae]"
    },
    "partOfSpeech": "noun",
    "categoryId": "pronouns",
    "difficulty": "beginner",
    "frequency": "common",
    "tags": [],
    "hasDialogue": true,
    "translations": {
      "en": {
        "word": "why",
        "explanation": "'왜' means 'why' in English.",
        "examples": {
          "beginner": "We say \"왜\" in Korean.",
          "intermediate": "In Korea, people often say \"왜\".",
          "advanced": "\"왜\" is an important expression in Korean.",
          "master": "Understanding the cultural context of \"왜\" makes communication more natural."
        },
        "variations": {
          "formal": [
            "It is why.",
            "There is why."
          ],
          "casual": [
            "It's why.",
            "why, you know."
          ],
          "short": [
            "why"
          ]
        }
      },
      "ko": {
        "word": "왜",
        "explanation": "왜의 뜻은 'why'입니다.",
        "examples": {
          "beginner": "\"왜\"는 한국어로 말해요.",
          "intermediate": "한국에서는 \"왜\"를 자주 써요.",
          "advanced": "\"왜\"는 한국어에서 중요한 표현입니다.",
          "master": "\"왜\"의 문화적 맥락을 이해하면 더 자연스럽게 소통할 수 있습니다."
        },
        "variations": {
          "formal": [
            "왜입니다.",
            "왜이/가 있습니다."
          ],
          "casual": [
            "왜이야.",
            "왜 있어."
          ],
          "short": [
            "왜"
          ]
        }
      }
    }
  },
  {
    "id": "w-eo떻ge",
    "korean": "어떻게",
    "romanization": "eotteotge",
    "pronunciation": {
      "korean": "[어떻게]",
      "ipa": "[eotteotge]"
    },
    "partOfSpeech": "noun",
    "categoryId": "pronouns",
    "difficulty": "beginner",
    "frequency": "common",
    "tags": [],
    "hasDialogue": true,
    "translations": {
      "en": {
        "word": "how",
        "explanation": "'어떻게' means 'how' in English.",
        "examples": {
          "beginner": "We say \"어떻게\" in Korean.",
          "intermediate": "In Korea, people often say \"어떻게\".",
          "advanced": "\"어떻게\" is an important expression in Korean.",
          "master": "Understanding the cultural context of \"어떻게\" makes communication more natural."
        },
        "variations": {
          "formal": [
            "It is how.",
            "There is how."
          ],
          "casual": [
            "It's how.",
            "how, you know."
          ],
          "short": [
            "how"
          ]
        }
      },
      "ko": {
        "word": "어떻게",
        "explanation": "어떻게의 뜻은 'how'입니다.",
        "examples": {
          "beginner": "\"어떻게\"는 한국어로 말해요.",
          "intermediate": "한국에서는 \"어떻게\"를 자주 써요.",
          "advanced": "\"어떻게\"는 한국어에서 중요한 표현입니다.",
          "master": "\"어떻게\"의 문화적 맥락을 이해하면 더 자연스럽게 소통할 수 있습니다."
        },
        "variations": {
          "formal": [
            "어떻게입니다.",
            "어떻게이/가 있습니다."
          ],
          "casual": [
            "어떻게이야.",
            "어떻게 있어."
          ],
          "short": [
            "어떻"
          ]
        }
      }
    }
  },
  {
    "id": "ek-jeogi",
    "korean": "저기",
    "romanization": "jeogi",
    "pronunciation": {
      "korean": "[저기]",
      "ipa": "[jeogi]"
    },
    "partOfSpeech": "noun",
    "categoryId": "pronouns",
    "difficulty": "beginner",
    "frequency": "common",
    "tags": [],
    "hasDialogue": true,
    "translations": {
      "en": {
        "word": "there",
        "explanation": "'저기' means 'there' in English.",
        "examples": {
          "beginner": "We say \"저기\" in Korean.",
          "intermediate": "In Korea, people often say \"저기\".",
          "advanced": "\"저기\" is an important expression in Korean.",
          "master": "Understanding the cultural context of \"저기\" makes communication more natural."
        },
        "variations": {
          "formal": [
            "It is there.",
            "There is there."
          ],
          "casual": [
            "It's there.",
            "there, you know."
          ],
          "short": [
            "there"
          ]
        }
      },
      "ko": {
        "word": "저기",
        "explanation": "저기의 뜻은 'there'입니다.",
        "examples": {
          "beginner": "\"저기\"는 한국어로 말해요.",
          "intermediate": "한국에서는 \"저기\"를 자주 써요.",
          "advanced": "\"저기\"는 한국어에서 중요한 표현입니다.",
          "master": "\"저기\"의 문화적 맥락을 이해하면 더 자연스럽게 소통할 수 있습니다."
        },
        "variations": {
          "formal": [
            "저기입니다.",
            "저기이/가 있습니다."
          ],
          "casual": [
            "저기이야.",
            "저기 있어."
          ],
          "short": [
            "저기"
          ]
        }
      }
    }
  },
  {
    "id": "ek-왜nyaha면",
    "korean": "왜냐하면",
    "romanization": "waenyahamyeon",
    "pronunciation": {
      "korean": "[왜냐하면]",
      "ipa": "[waenyahamyeon]"
    },
    "partOfSpeech": "noun",
    "categoryId": "pronouns",
    "difficulty": "beginner",
    "frequency": "common",
    "tags": [],
    "hasDialogue": true,
    "translations": {
      "en": {
        "word": "because",
        "explanation": "'왜냐하면' means 'because' in English.",
        "examples": {
          "beginner": "We say \"왜냐하면\" in Korean.",
          "intermediate": "In Korea, people often say \"왜냐하면\".",
          "advanced": "\"왜냐하면\" is an important expression in Korean.",
          "master": "Understanding the cultural context of \"왜냐하면\" makes communication more natural."
        },
        "variations": {
          "formal": [
            "It is because.",
            "There is because."
          ],
          "casual": [
            "It's because.",
            "because, you know."
          ],
          "short": [
            "because"
          ]
        }
      },
      "ko": {
        "word": "왜냐하면",
        "explanation": "왜냐하면의 뜻은 'because'입니다.",
        "examples": {
          "beginner": "\"왜냐하면\"는 한국어로 말해요.",
          "intermediate": "한국에서는 \"왜냐하면\"를 자주 써요.",
          "advanced": "\"왜냐하면\"는 한국어에서 중요한 표현입니다.",
          "master": "\"왜냐하면\"의 문화적 맥락을 이해하면 더 자연스럽게 소통할 수 있습니다."
        },
        "variations": {
          "formal": [
            "왜냐하면입니다.",
            "왜냐하면이/가 있습니다."
          ],
          "casual": [
            "왜냐하면이야.",
            "왜냐하면 있어."
          ],
          "short": [
            "왜냐"
          ]
        }
      }
    }
  }
]
