[
  {
    "id": "w-daebak",
    "korean": "대박",
    "romanization": "daebak",
    "pronunciation": {
      "korean": "[대박]",
      "ipa": "[daebak]"
    },
    "partOfSpeech": "noun",
    "categoryId": "slang",
    "difficulty": "beginner",
    "frequency": "common",
    "tags": [],
    "hasDialogue": true,
    "translations": {
      "en": {
        "word": "Awesome",
        "explanation": "'대박' means 'Awesome' in English.",
        "examples": {
          "beginner": "We say \"대박\" in Korean.",
          "intermediate": "In Korea, people often say \"대박\".",
          "advanced": "\"대박\" is an important expression in Korean.",
          "master": "Understanding the cultural context of \"대박\" makes communication more natural."
        },
        "variations": {
          "formal": [
            "It is Awesome.",
            "There is Awesome."
          ],
          "casual": [
            "It's Awesome.",
            "Awesome, you know."
          ],
          "short": [
            "Awesome"
          ]
        }
      },
      "ko": {
        "word": "대박",
        "explanation": "대박의 뜻은 'Awesome'입니다.",
        "examples": {
          "beginner": "\"대박\"는 한국어로 말해요.",
          "intermediate": "한국에서는 \"대박\"를 자주 써요.",
          "advanced": "\"대박\"는 한국어에서 중요한 표현입니다.",
          "master": "\"대박\"의 문화적 맥락을 이해하면 더 자연스럽게 소통할 수 있습니다."
        },
        "variations": {
          "formal": [
            "대박입니다.",
            "대박이/가 있습니다."
          ],
          "casual": [
            "대박이야.",
            "대박 있어."
          ],
          "short": [
            "대박"
          ]
        }
      }
    }
  },
  {
    "id": "w-jinjja-daebak",
    "korean": "진짜 대박",
    "romanization": "jinjja daebak",
    "pronunciation": {
      "korean": "[진짜 대박]",
      "ipa": "[jinjja daebak]"
    },
    "partOfSpeech": "noun",
    "categoryId": "slang",
    "difficulty": "beginner",
    "frequency": "common",
    "tags": [],
    "hasDialogue": true,
    "translations": {
      "en": {
        "word": "OMG",
        "explanation": "'진짜 대박' means 'OMG' in English.",
        "examples": {
          "beginner": "We say \"진짜 대박\" in Korean.",
          "intermediate": "In Korea, people often say \"진짜 대박\".",
          "advanced": "\"진짜 대박\" is an important expression in Korean.",
          "master": "Understanding the cultural context of \"진짜 대박\" makes communication more natural."
        },
        "variations": {
          "formal": [
            "It is OMG.",
            "There is OMG."
          ],
          "casual": [
            "It's OMG.",
            "OMG, you know."
          ],
          "short": [
            "OMG"
          ]
        }
      },
      "ko": {
        "word": "진짜 대박",
        "explanation": "진짜 대박의 뜻은 'OMG'입니다.",
        "examples": {
          "beginner": "\"진짜 대박\"는 한국어로 말해요.",
          "intermediate": "한국에서는 \"진짜 대박\"를 자주 써요.",
          "advanced": "\"진짜 대박\"는 한국어에서 중요한 표현입니다.",
          "master": "\"진짜 대박\"의 문화적 맥락을 이해하면 더 자연스럽게 소통할 수 있습니다."
        },
        "variations": {
          "formal": [
            "진짜 대박입니다.",
            "진짜 대박이/가 있습니다."
          ],
          "casual": [
            "진짜 대박이야.",
            "진짜 대박 있어."
          ],
          "short": [
            "진짜"
          ]
        }
      }
    }
  },
  {
    "id": "w-짱",
    "korean": "짱",
    "romanization": "jjang",
    "pronunciation": {
      "korean": "[짱]",
      "ipa": "[jjang]"
    },
    "partOfSpeech": "noun",
    "categoryId": "slang",
    "difficulty": "beginner",
    "frequency": "common",
    "tags": [],
    "hasDialogue": true,
    "translations": {
      "en": {
        "word": "Awesome",
        "explanation": "'짱' means 'Awesome' in English.",
        "examples": {
          "beginner": "We say \"짱\" in Korean.",
          "intermediate": "In Korea, people often say \"짱\".",
          "advanced": "\"짱\" is an important expression in Korean.",
          "master": "Understanding the cultural context of \"짱\" makes communication more natural."
        },
        "variations": {
          "formal": [
            "It is Awesome.",
            "There is Awesome."
          ],
          "casual": [
            "It's Awesome.",
            "Awesome, you know."
          ],
          "short": [
            "Awesome"
          ]
        }
      },
      "ko": {
        "word": "짱",
        "explanation": "짱의 뜻은 'Awesome'입니다.",
        "examples": {
          "beginner": "\"짱\"는 한국어로 말해요.",
          "intermediate": "한국에서는 \"짱\"를 자주 써요.",
          "advanced": "\"짱\"는 한국어에서 중요한 표현입니다.",
          "master": "\"짱\"의 문화적 맥락을 이해하면 더 자연스럽게 소통할 수 있습니다."
        },
        "variations": {
          "formal": [
            "짱입니다.",
            "짱이/가 있습니다."
          ],
          "casual": [
            "짱이야.",
            "짱 있어."
          ],
          "short": [
            "짱"
          ]
        }
      }
    }
  },
  {
    "id": "w-굿",
    "korean": "굿",
    "romanization": "gut",
    "pronunciation": {
      "korean": "[굿]",
      "ipa": "[gut]"
    },
    "partOfSpeech": "noun",
    "categoryId": "slang",
    "difficulty": "beginner",
    "frequency": "common",
    "tags": [],
    "hasDialogue": true,
    "translations": {
      "en": {
        "word": "Good",
        "explanation": "'굿' means 'Good' in English.",
        "examples": {
          "beginner": "We say \"굿\" in Korean.",
          "intermediate": "In Korea, people often say \"굿\".",
          "advanced": "\"굿\" is an important expression in Korean.",
          "master": "Understanding the cultural context of \"굿\" makes communication more natural."
        },
        "variations": {
          "formal": [
            "It is Good.",
            "There is Good."
          ],
          "casual": [
            "It's Good.",
            "Good, you know."
          ],
          "short": [
            "Good"
          ]
        }
      },
      "ko": {
        "word": "굿",
        "explanation": "굿의 뜻은 'Good'입니다.",
        "examples": {
          "beginner": "\"굿\"는 한국어로 말해요.",
          "intermediate": "한국에서는 \"굿\"를 자주 써요.",
          "advanced": "\"굿\"는 한국어에서 중요한 표현입니다.",
          "master": "\"굿\"의 문화적 맥락을 이해하면 더 자연스럽게 소통할 수 있습니다."
        },
        "variations": {
          "formal": [
            "굿입니다.",
            "굿이/가 있습니다."
          ],
          "casual": [
            "굿이야.",
            "굿 있어."
          ],
          "short": [
            "굿"
          ]
        }
      }
    }
  },
  {
    "id": "w-웃gine",
    "korean": "웃기네",
    "romanization": "utgine",
    "pronunciation": {
      "korean": "[웃기네]",
      "ipa": "[utgine]"
    },
    "partOfSpeech": "noun",
    "categoryId": "slang",
    "difficulty": "beginner",
    "frequency": "common",
    "tags": [],
    "hasDialogue": true,
    "translations": {
      "en": {
        "word": "That",
        "explanation": "'웃기네' means 'That' in English.",
        "examples": {
          "beginner": "We say \"웃기네\" in Korean.",
          "intermediate": "In Korea, people often say \"웃기네\".",
          "advanced": "\"웃기네\" is an important expression in Korean.",
          "master": "Understanding the cultural context of \"웃기네\" makes communication more natural."
        },
        "variations": {
          "formal": [
            "It is That.",
            "There is That."
          ],
          "casual": [
            "It's That.",
            "That, you know."
          ],
          "short": [
            "That"
          ]
        }
      },
      "ko": {
        "word": "웃기네",
        "explanation": "웃기네의 뜻은 'That'입니다.",
        "examples": {
          "beginner": "\"웃기네\"는 한국어로 말해요.",
          "intermediate": "한국에서는 \"웃기네\"를 자주 써요.",
          "advanced": "\"웃기네\"는 한국어에서 중요한 표현입니다.",
          "master": "\"웃기네\"의 문화적 맥락을 이해하면 더 자연스럽게 소통할 수 있습니다."
        },
        "variations": {
          "formal": [
            "웃기네입니다.",
            "웃기네이/가 있습니다."
          ],
          "casual": [
            "웃기네이야.",
            "웃기네 있어."
          ],
          "short": [
            "웃기"
          ]
        }
      }
    }
  },
  {
    "id": "w-keukeukeu",
    "korean": "크크크",
    "romanization": "keukeukeu",
    "pronunciation": {
      "korean": "[크크크]",
      "ipa": "[keukeukeu]"
    },
    "partOfSpeech": "noun",
    "categoryId": "slang",
    "difficulty": "beginner",
    "frequency": "common",
    "tags": [],
    "hasDialogue": true,
    "translations": {
      "en": {
        "word": "Hehehe",
        "explanation": "'크크크' means 'Hehehe' in English.",
        "examples": {
          "beginner": "We say \"크크크\" in Korean.",
          "intermediate": "In Korea, people often say \"크크크\".",
          "advanced": "\"크크크\" is an important expression in Korean.",
          "master": "Understanding the cultural context of \"크크크\" makes communication more natural."
        },
        "variations": {
          "formal": [
            "It is Hehehe.",
            "There is Hehehe."
          ],
          "casual": [
            "It's Hehehe.",
            "Hehehe, you know."
          ],
          "short": [
            "Hehehe"
          ]
        }
      },
      "ko": {
        "word": "크크크",
        "explanation": "크크크의 뜻은 'Hehehe'입니다.",
        "examples": {
          "beginner": "\"크크크\"는 한국어로 말해요.",
          "intermediate": "한국에서는 \"크크크\"를 자주 써요.",
          "advanced": "\"크크크\"는 한국어에서 중요한 표현입니다.",
          "master": "\"크크크\"의 문화적 맥락을 이해하면 더 자연스럽게 소통할 수 있습니다."
        },
        "variations": {
          "formal": [
            "크크크입니다.",
            "크크크이/가 있습니다."
          ],
          "casual": [
            "크크크이야.",
            "크크크 있어."
          ],
          "short": [
            "크크"
          ]
        }
      }
    }
  },
  {
    "id": "w-ogeulgeorida",
    "korean": "오글거리다",
    "romanization": "ogeulgeorida",
    "pronunciation": {
      "korean": "[오글거리다]",
      "ipa": "[ogeulgeorida]"
    },
    "partOfSpeech": "noun",
    "categoryId": "slang",
    "difficulty": "beginner",
    "frequency": "common",
    "tags": [],
    "hasDialogue": true,
    "translations": {
      "en": {
        "word": "cringe",
        "explanation": "'오글거리다' means 'cringe' in English.",
        "examples": {
          "beginner": "We say \"오글거리다\" in Korean.",
          "intermediate": "In Korea, people often say \"오글거리다\".",
          "advanced": "\"오글거리다\" is an important expression in Korean.",
          "master": "Understanding the cultural context of \"오글거리다\" makes communication more natural."
        },
        "variations": {
          "formal": [
            "It is cringe.",
            "There is cringe."
          ],
          "casual": [
            "It's cringe.",
            "cringe, you know."
          ],
          "short": [
            "cringe"
          ]
        }
      },
      "ko": {
        "word": "오글거리다",
        "explanation": "오글거리다의 뜻은 'cringe'입니다.",
        "examples": {
          "beginner": "\"오글거리다\"는 한국어로 말해요.",
          "intermediate": "한국에서는 \"오글거리다\"를 자주 써요.",
          "advanced": "\"오글거리다\"는 한국어에서 중요한 표현입니다.",
          "master": "\"오글거리다\"의 문화적 맥락을 이해하면 더 자연스럽게 소통할 수 있습니다."
        },
        "variations": {
          "formal": [
            "오글거리다입니다.",
            "오글거리다이/가 있습니다."
          ],
          "casual": [
            "오글거리다이야.",
            "오글거리다 있어."
          ],
          "short": [
            "오글"
          ]
        }
      }
    }
  },
  {
    "id": "w-ogeulgeoryeo",
    "korean": "오글거려",
    "romanization": "ogeulgeoryeo",
    "pronunciation": {
      "korean": "[오글거려]",
      "ipa": "[ogeulgeoryeo]"
    },
    "partOfSpeech": "noun",
    "categoryId": "slang",
    "difficulty": "beginner",
    "frequency": "common",
    "tags": [],
    "hasDialogue": true,
    "translations": {
      "en": {
        "word": "cringe",
        "explanation": "'오글거려' means 'cringe' in English.",
        "examples": {
          "beginner": "We say \"오글거려\" in Korean.",
          "intermediate": "In Korea, people often say \"오글거려\".",
          "advanced": "\"오글거려\" is an important expression in Korean.",
          "master": "Understanding the cultural context of \"오글거려\" makes communication more natural."
        },
        "variations": {
          "formal": [
            "It is cringe.",
            "There is cringe."
          ],
          "casual": [
            "It's cringe.",
            "cringe, you know."
          ],
          "short": [
            "cringe"
          ]
        }
      },
      "ko": {
        "word": "오글거려",
        "explanation": "오글거려의 뜻은 'cringe'입니다.",
        "examples": {
          "beginner": "\"오글거려\"는 한국어로 말해요.",
          "intermediate": "한국에서는 \"오글거려\"를 자주 써요.",
          "advanced": "\"오글거려\"는 한국어에서 중요한 표현입니다.",
          "master": "\"오글거려\"의 문화적 맥락을 이해하면 더 자연스럽게 소통할 수 있습니다."
        },
        "variations": {
          "formal": [
            "오글거려입니다.",
            "오글거려이/가 있습니다."
          ],
          "casual": [
            "오글거려이야.",
            "오글거려 있어."
          ],
          "short": [
            "오글"
          ]
        }
      }
    }
  },
  {
    "id": "w-쪽palrida",
    "korean": "쪽팔리다",
    "romanization": "jjokpallida",
    "pronunciation": {
      "korean": "[쪽팔리다]",
      "ipa": "[jjokpallida]"
    },
    "partOfSpeech": "noun",
    "categoryId": "slang",
    "difficulty": "beginner",
    "frequency": "common",
    "tags": [],
    "hasDialogue": true,
    "translations": {
      "en": {
        "word": "embarrassing",
        "explanation": "'쪽팔리다' means 'embarrassing' in English.",
        "examples": {
          "beginner": "We say \"쪽팔리다\" in Korean.",
          "intermediate": "In Korea, people often say \"쪽팔리다\".",
          "advanced": "\"쪽팔리다\" is an important expression in Korean.",
          "master": "Understanding the cultural context of \"쪽팔리다\" makes communication more natural."
        },
        "variations": {
          "formal": [
            "It is embarrassing.",
            "There is embarrassing."
          ],
          "casual": [
            "It's embarrassing.",
            "embarrassing, you know."
          ],
          "short": [
            "embarrassing"
          ]
        }
      },
      "ko": {
        "word": "쪽팔리다",
        "explanation": "쪽팔리다의 뜻은 'embarrassing'입니다.",
        "examples": {
          "beginner": "\"쪽팔리다\"는 한국어로 말해요.",
          "intermediate": "한국에서는 \"쪽팔리다\"를 자주 써요.",
          "advanced": "\"쪽팔리다\"는 한국어에서 중요한 표현입니다.",
          "master": "\"쪽팔리다\"의 문화적 맥락을 이해하면 더 자연스럽게 소통할 수 있습니다."
        },
        "variations": {
          "formal": [
            "쪽팔리다입니다.",
            "쪽팔리다이/가 있습니다."
          ],
          "casual": [
            "쪽팔리다이야.",
            "쪽팔리다 있어."
          ],
          "short": [
            "쪽팔"
          ]
        }
      }
    }
  },
  {
    "id": "w-쪽palryeo",
    "korean": "쪽팔려",
    "romanization": "jjokpallyeo",
    "pronunciation": {
      "korean": "[쪽팔려]",
      "ipa": "[jjokpallyeo]"
    },
    "partOfSpeech": "noun",
    "categoryId": "slang",
    "difficulty": "beginner",
    "frequency": "common",
    "tags": [],
    "hasDialogue": true,
    "translations": {
      "en": {
        "word": "embarrassed",
        "explanation": "'쪽팔려' means 'embarrassed' in English.",
        "examples": {
          "beginner": "We say \"쪽팔려\" in Korean.",
          "intermediate": "In Korea, people often say \"쪽팔려\".",
          "advanced": "\"쪽팔려\" is an important expression in Korean.",
          "master": "Understanding the cultural context of \"쪽팔려\" makes communication more natural."
        },
        "variations": {
          "formal": [
            "It is embarrassed.",
            "There is embarrassed."
          ],
          "casual": [
            "It's embarrassed.",
            "embarrassed, you know."
          ],
          "short": [
            "embarrassed"
          ]
        }
      },
      "ko": {
        "word": "쪽팔려",
        "explanation": "쪽팔려의 뜻은 'embarrassed'입니다.",
        "examples": {
          "beginner": "\"쪽팔려\"는 한국어로 말해요.",
          "intermediate": "한국에서는 \"쪽팔려\"를 자주 써요.",
          "advanced": "\"쪽팔려\"는 한국어에서 중요한 표현입니다.",
          "master": "\"쪽팔려\"의 문화적 맥락을 이해하면 더 자연스럽게 소통할 수 있습니다."
        },
        "variations": {
          "formal": [
            "쪽팔려입니다.",
            "쪽팔려이/가 있습니다."
          ],
          "casual": [
            "쪽팔려이야.",
            "쪽팔려 있어."
          ],
          "short": [
            "쪽팔"
          ]
        }
      }
    }
  },
  {
    "id": "w-minmanghada",
    "korean": "민망하다",
    "romanization": "minmanghada",
    "pronunciation": {
      "korean": "[민망하다]",
      "ipa": "[minmanghada]"
    },
    "partOfSpeech": "noun",
    "categoryId": "slang",
    "difficulty": "beginner",
    "frequency": "common",
    "tags": [],
    "hasDialogue": true,
    "translations": {
      "en": {
        "word": "embarrassing",
        "explanation": "'민망하다' means 'embarrassing' in English.",
        "examples": {
          "beginner": "We say \"민망하다\" in Korean.",
          "intermediate": "In Korea, people often say \"민망하다\".",
          "advanced": "\"민망하다\" is an important expression in Korean.",
          "master": "Understanding the cultural context of \"민망하다\" makes communication more natural."
        },
        "variations": {
          "formal": [
            "It is embarrassing.",
            "There is embarrassing."
          ],
          "casual": [
            "It's embarrassing.",
            "embarrassing, you know."
          ],
          "short": [
            "embarrassing"
          ]
        }
      },
      "ko": {
        "word": "민망하다",
        "explanation": "민망하다의 뜻은 'embarrassing'입니다.",
        "examples": {
          "beginner": "\"민망하다\"는 한국어로 말해요.",
          "intermediate": "한국에서는 \"민망하다\"를 자주 써요.",
          "advanced": "\"민망하다\"는 한국어에서 중요한 표현입니다.",
          "master": "\"민망하다\"의 문화적 맥락을 이해하면 더 자연스럽게 소통할 수 있습니다."
        },
        "variations": {
          "formal": [
            "민망하다입니다.",
            "민망하다이/가 있습니다."
          ],
          "casual": [
            "민망하다이야.",
            "민망하다 있어."
          ],
          "short": [
            "민망"
          ]
        }
      }
    }
  },
  {
    "id": "w-갓생",
    "korean": "갓생",
    "romanization": "gatsaeng",
    "pronunciation": {
      "korean": "[갓생]",
      "ipa": "[gatsaeng]"
    },
    "partOfSpeech": "noun",
    "categoryId": "slang",
    "difficulty": "beginner",
    "frequency": "common",
    "tags": [],
    "hasDialogue": true,
    "translations": {
      "en": {
        "word": "best life",
        "explanation": "'갓생' means 'best life' in English.",
        "examples": {
          "beginner": "We say \"갓생\" in Korean.",
          "intermediate": "In Korea, people often say \"갓생\".",
          "advanced": "\"갓생\" is an important expression in Korean.",
          "master": "Understanding the cultural context of \"갓생\" makes communication more natural."
        },
        "variations": {
          "formal": [
            "It is best life.",
            "There is best life."
          ],
          "casual": [
            "It's best life.",
            "best life, you know."
          ],
          "short": [
            "best"
          ]
        }
      },
      "ko": {
        "word": "갓생",
        "explanation": "갓생의 뜻은 'best life'입니다.",
        "examples": {
          "beginner": "\"갓생\"는 한국어로 말해요.",
          "intermediate": "한국에서는 \"갓생\"를 자주 써요.",
          "advanced": "\"갓생\"는 한국어에서 중요한 표현입니다.",
          "master": "\"갓생\"의 문화적 맥락을 이해하면 더 자연스럽게 소통할 수 있습니다."
        },
        "variations": {
          "formal": [
            "갓생입니다.",
            "갓생이/가 있습니다."
          ],
          "casual": [
            "갓생이야.",
            "갓생 있어."
          ],
          "short": [
            "갓생"
          ]
        }
      }
    }
  },
  {
    "id": "w-워ra밸",
    "korean": "워라밸",
    "romanization": "worabael",
    "pronunciation": {
      "korean": "[워라밸]",
      "ipa": "[worabael]"
    },
    "partOfSpeech": "noun",
    "categoryId": "slang",
    "difficulty": "beginner",
    "frequency": "common",
    "tags": [],
    "hasDialogue": true,
    "translations": {
      "en": {
        "word": "work-life balance",
        "explanation": "'워라밸' means 'work-life balance' in English.",
        "examples": {
          "beginner": "We say \"워라밸\" in Korean.",
          "intermediate": "In Korea, people often say \"워라밸\".",
          "advanced": "\"워라밸\" is an important expression in Korean.",
          "master": "Understanding the cultural context of \"워라밸\" makes communication more natural."
        },
        "variations": {
          "formal": [
            "It is work-life balance.",
            "There is work-life balance."
          ],
          "casual": [
            "It's work-life balance.",
            "work-life balance, you know."
          ],
          "short": [
            "work-life"
          ]
        }
      },
      "ko": {
        "word": "워라밸",
        "explanation": "워라밸의 뜻은 'work-life balance'입니다.",
        "examples": {
          "beginner": "\"워라밸\"는 한국어로 말해요.",
          "intermediate": "한국에서는 \"워라밸\"를 자주 써요.",
          "advanced": "\"워라밸\"는 한국어에서 중요한 표현입니다.",
          "master": "\"워라밸\"의 문화적 맥락을 이해하면 더 자연스럽게 소통할 수 있습니다."
        },
        "variations": {
          "formal": [
            "워라밸입니다.",
            "워라밸이/가 있습니다."
          ],
          "casual": [
            "워라밸이야.",
            "워라밸 있어."
          ],
          "short": [
            "워라"
          ]
        }
      }
    }
  },
  {
    "id": "w-gaebalja",
    "korean": "개발자",
    "romanization": "gaebalja",
    "pronunciation": {
      "korean": "[개발자]",
      "ipa": "[gaebalja]"
    },
    "partOfSpeech": "noun",
    "categoryId": "slang",
    "difficulty": "beginner",
    "frequency": "common",
    "tags": [],
    "hasDialogue": true,
    "translations": {
      "en": {
        "word": "developer",
        "explanation": "'개발자' means 'developer' in English.",
        "examples": {
          "beginner": "We say \"개발자\" in Korean.",
          "intermediate": "In Korea, people often say \"개발자\".",
          "advanced": "\"개발자\" is an important expression in Korean.",
          "master": "Understanding the cultural context of \"개발자\" makes communication more natural."
        },
        "variations": {
          "formal": [
            "It is developer.",
            "There is developer."
          ],
          "casual": [
            "It's developer.",
            "developer, you know."
          ],
          "short": [
            "developer"
          ]
        }
      },
      "ko": {
        "word": "개발자",
        "explanation": "개발자의 뜻은 'developer'입니다.",
        "examples": {
          "beginner": "\"개발자\"는 한국어로 말해요.",
          "intermediate": "한국에서는 \"개발자\"를 자주 써요.",
          "advanced": "\"개발자\"는 한국어에서 중요한 표현입니다.",
          "master": "\"개발자\"의 문화적 맥락을 이해하면 더 자연스럽게 소통할 수 있습니다."
        },
        "variations": {
          "formal": [
            "개발자입니다.",
            "개발자이/가 있습니다."
          ],
          "casual": [
            "개발자이야.",
            "개발자 있어."
          ],
          "short": [
            "개발"
          ]
        }
      }
    }
  },
  {
    "id": "w-jjigae",
    "korean": "찌개",
    "romanization": "jjigae",
    "pronunciation": {
      "korean": "[찌개]",
      "ipa": "[jjigae]"
    },
    "partOfSpeech": "noun",
    "categoryId": "slang",
    "difficulty": "beginner",
    "frequency": "common",
    "tags": [],
    "hasDialogue": true,
    "translations": {
      "en": {
        "word": "stew",
        "explanation": "'찌개' means 'stew' in English.",
        "examples": {
          "beginner": "We say \"찌개\" in Korean.",
          "intermediate": "In Korea, people often say \"찌개\".",
          "advanced": "\"찌개\" is an important expression in Korean.",
          "master": "Understanding the cultural context of \"찌개\" makes communication more natural."
        },
        "variations": {
          "formal": [
            "It is stew.",
            "There is stew."
          ],
          "casual": [
            "It's stew.",
            "stew, you know."
          ],
          "short": [
            "stew"
          ]
        }
      },
      "ko": {
        "word": "찌개",
        "explanation": "찌개의 뜻은 'stew'입니다.",
        "examples": {
          "beginner": "\"찌개\"는 한국어로 말해요.",
          "intermediate": "한국에서는 \"찌개\"를 자주 써요.",
          "advanced": "\"찌개\"는 한국어에서 중요한 표현입니다.",
          "master": "\"찌개\"의 문화적 맥락을 이해하면 더 자연스럽게 소통할 수 있습니다."
        },
        "variations": {
          "formal": [
            "찌개입니다.",
            "찌개이/가 있습니다."
          ],
          "casual": [
            "찌개이야.",
            "찌개 있어."
          ],
          "short": [
            "찌개"
          ]
        }
      }
    }
  },
  {
    "id": "w-된jangjjigae",
    "korean": "된장찌개",
    "romanization": "doenjangjjigae",
    "pronunciation": {
      "korean": "[된장찌개]",
      "ipa": "[doenjangjjigae]"
    },
    "partOfSpeech": "noun",
    "categoryId": "slang",
    "difficulty": "beginner",
    "frequency": "common",
    "tags": [],
    "hasDialogue": true,
    "translations": {
      "en": {
        "word": "doenjang jjigae",
        "explanation": "'된장찌개' means 'doenjang jjigae' in English.",
        "examples": {
          "beginner": "We say \"된장찌개\" in Korean.",
          "intermediate": "In Korea, people often say \"된장찌개\".",
          "advanced": "\"된장찌개\" is an important expression in Korean.",
          "master": "Understanding the cultural context of \"된장찌개\" makes communication more natural."
        },
        "variations": {
          "formal": [
            "It is doenjang jjigae.",
            "There is doenjang jjigae."
          ],
          "casual": [
            "It's doenjang jjigae.",
            "doenjang jjigae, you know."
          ],
          "short": [
            "doenjang"
          ]
        }
      },
      "ko": {
        "word": "된장찌개",
        "explanation": "된장찌개의 뜻은 'doenjang jjigae'입니다.",
        "examples": {
          "beginner": "\"된장찌개\"는 한국어로 말해요.",
          "intermediate": "한국에서는 \"된장찌개\"를 자주 써요.",
          "advanced": "\"된장찌개\"는 한국어에서 중요한 표현입니다.",
          "master": "\"된장찌개\"의 문화적 맥락을 이해하면 더 자연스럽게 소통할 수 있습니다."
        },
        "variations": {
          "formal": [
            "된장찌개입니다.",
            "된장찌개이/가 있습니다."
          ],
          "casual": [
            "된장찌개이야.",
            "된장찌개 있어."
          ],
          "short": [
            "된장"
          ]
        }
      }
    }
  },
  {
    "id": "w-gimchijjigae",
    "korean": "김치찌개",
    "romanization": "gimchijjigae",
    "pronunciation": {
      "korean": "[김치찌개]",
      "ipa": "[gimchijjigae]"
    },
    "partOfSpeech": "noun",
    "categoryId": "slang",
    "difficulty": "beginner",
    "frequency": "common",
    "tags": [],
    "hasDialogue": true,
    "translations": {
      "en": {
        "word": "kimchi jjigae",
        "explanation": "'김치찌개' means 'kimchi jjigae' in English.",
        "examples": {
          "beginner": "We say \"김치찌개\" in Korean.",
          "intermediate": "In Korea, people often say \"김치찌개\".",
          "advanced": "\"김치찌개\" is an important expression in Korean.",
          "master": "Understanding the cultural context of \"김치찌개\" makes communication more natural."
        },
        "variations": {
          "formal": [
            "It is kimchi jjigae.",
            "There is kimchi jjigae."
          ],
          "casual": [
            "It's kimchi jjigae.",
            "kimchi jjigae, you know."
          ],
          "short": [
            "kimchi"
          ]
        }
      },
      "ko": {
        "word": "김치찌개",
        "explanation": "김치찌개의 뜻은 'kimchi jjigae'입니다.",
        "examples": {
          "beginner": "\"김치찌개\"는 한국어로 말해요.",
          "intermediate": "한국에서는 \"김치찌개\"를 자주 써요.",
          "advanced": "\"김치찌개\"는 한국어에서 중요한 표현입니다.",
          "master": "\"김치찌개\"의 문화적 맥락을 이해하면 더 자연스럽게 소통할 수 있습니다."
        },
        "variations": {
          "formal": [
            "김치찌개입니다.",
            "김치찌개이/가 있습니다."
          ],
          "casual": [
            "김치찌개이야.",
            "김치찌개 있어."
          ],
          "short": [
            "김치"
          ]
        }
      }
    }
  },
  {
    "id": "w-jogae",
    "korean": "조개",
    "romanization": "jogae",
    "pronunciation": {
      "korean": "[조개]",
      "ipa": "[jogae]"
    },
    "partOfSpeech": "noun",
    "categoryId": "slang",
    "difficulty": "beginner",
    "frequency": "common",
    "tags": [],
    "hasDialogue": true,
    "translations": {
      "en": {
        "word": "clam",
        "explanation": "'조개' means 'clam' in English.",
        "examples": {
          "beginner": "We say \"조개\" in Korean.",
          "intermediate": "In Korea, people often say \"조개\".",
          "advanced": "\"조개\" is an important expression in Korean.",
          "master": "Understanding the cultural context of \"조개\" makes communication more natural."
        },
        "variations": {
          "formal": [
            "It is clam.",
            "There is clam."
          ],
          "casual": [
            "It's clam.",
            "clam, you know."
          ],
          "short": [
            "clam"
          ]
        }
      },
      "ko": {
        "word": "조개",
        "explanation": "조개의 뜻은 'clam'입니다.",
        "examples": {
          "beginner": "\"조개\"는 한국어로 말해요.",
          "intermediate": "한국에서는 \"조개\"를 자주 써요.",
          "advanced": "\"조개\"는 한국어에서 중요한 표현입니다.",
          "master": "\"조개\"의 문화적 맥락을 이해하면 더 자연스럽게 소통할 수 있습니다."
        },
        "variations": {
          "formal": [
            "조개입니다.",
            "조개이/가 있습니다."
          ],
          "casual": [
            "조개이야.",
            "조개 있어."
          ],
          "short": [
            "조개"
          ]
        }
      }
    }
  },
  {
    "id": "w-angae",
    "korean": "안개",
    "romanization": "angae",
    "pronunciation": {
      "korean": "[안개]",
      "ipa": "[angae]"
    },
    "partOfSpeech": "noun",
    "categoryId": "slang",
    "difficulty": "beginner",
    "frequency": "common",
    "tags": [],
    "hasDialogue": true,
    "translations": {
      "en": {
        "word": "fog",
        "explanation": "'안개' means 'fog' in English.",
        "examples": {
          "beginner": "We say \"안개\" in Korean.",
          "intermediate": "In Korea, people often say \"안개\".",
          "advanced": "\"안개\" is an important expression in Korean.",
          "master": "Understanding the cultural context of \"안개\" makes communication more natural."
        },
        "variations": {
          "formal": [
            "It is fog.",
            "There is fog."
          ],
          "casual": [
            "It's fog.",
            "fog, you know."
          ],
          "short": [
            "fog"
          ]
        }
      },
      "ko": {
        "word": "안개",
        "explanation": "안개의 뜻은 'fog'입니다.",
        "examples": {
          "beginner": "\"안개\"는 한국어로 말해요.",
          "intermediate": "한국에서는 \"안개\"를 자주 써요.",
          "advanced": "\"안개\"는 한국어에서 중요한 표현입니다.",
          "master": "\"안개\"의 문화적 맥락을 이해하면 더 자연스럽게 소통할 수 있습니다."
        },
        "variations": {
          "formal": [
            "안개입니다.",
            "안개이/가 있습니다."
          ],
          "casual": [
            "안개이야.",
            "안개 있어."
          ],
          "short": [
            "안개"
          ]
        }
      }
    }
  },
  {
    "id": "w-gae",
    "korean": "개",
    "romanization": "gae",
    "pronunciation": {
      "korean": "[개]",
      "ipa": "[gae]"
    },
    "partOfSpeech": "noun",
    "categoryId": "slang",
    "difficulty": "beginner",
    "frequency": "common",
    "tags": [],
    "hasDialogue": true,
    "translations": {
      "en": {
        "word": "dog",
        "explanation": "'개' means 'dog' in English.",
        "examples": {
          "beginner": "We say \"개\" in Korean.",
          "intermediate": "In Korea, people often say \"개\".",
          "advanced": "\"개\" is an important expression in Korean.",
          "master": "Understanding the cultural context of \"개\" makes communication more natural."
        },
        "variations": {
          "formal": [
            "It is dog.",
            "There is dog."
          ],
          "casual": [
            "It's dog.",
            "dog, you know."
          ],
          "short": [
            "dog"
          ]
        }
      },
      "ko": {
        "word": "개",
        "explanation": "개의 뜻은 'dog'입니다.",
        "examples": {
          "beginner": "\"개\"는 한국어로 말해요.",
          "intermediate": "한국에서는 \"개\"를 자주 써요.",
          "advanced": "\"개\"는 한국어에서 중요한 표현입니다.",
          "master": "\"개\"의 문화적 맥락을 이해하면 더 자연스럽게 소통할 수 있습니다."
        },
        "variations": {
          "formal": [
            "개입니다.",
            "개이/가 있습니다."
          ],
          "casual": [
            "개이야.",
            "개 있어."
          ],
          "short": [
            "개"
          ]
        }
      }
    }
  },
  {
    "id": "w-gaeguri",
    "korean": "개구리",
    "romanization": "gaeguri",
    "pronunciation": {
      "korean": "[개구리]",
      "ipa": "[gaeguri]"
    },
    "partOfSpeech": "noun",
    "categoryId": "slang",
    "difficulty": "beginner",
    "frequency": "common",
    "tags": [],
    "hasDialogue": true,
    "translations": {
      "en": {
        "word": "frog",
        "explanation": "'개구리' means 'frog' in English.",
        "examples": {
          "beginner": "We say \"개구리\" in Korean.",
          "intermediate": "In Korea, people often say \"개구리\".",
          "advanced": "\"개구리\" is an important expression in Korean.",
          "master": "Understanding the cultural context of \"개구리\" makes communication more natural."
        },
        "variations": {
          "formal": [
            "It is frog.",
            "There is frog."
          ],
          "casual": [
            "It's frog.",
            "frog, you know."
          ],
          "short": [
            "frog"
          ]
        }
      },
      "ko": {
        "word": "개구리",
        "explanation": "개구리의 뜻은 'frog'입니다.",
        "examples": {
          "beginner": "\"개구리\"는 한국어로 말해요.",
          "intermediate": "한국에서는 \"개구리\"를 자주 써요.",
          "advanced": "\"개구리\"는 한국어에서 중요한 표현입니다.",
          "master": "\"개구리\"의 문화적 맥락을 이해하면 더 자연스럽게 소통할 수 있습니다."
        },
        "variations": {
          "formal": [
            "개구리입니다.",
            "개구리이/가 있습니다."
          ],
          "casual": [
            "개구리이야.",
            "개구리 있어."
          ],
          "short": [
            "개구"
          ]
        }
      }
    }
  },
  {
    "id": "w-gaemi",
    "korean": "개미",
    "romanization": "gaemi",
    "pronunciation": {
      "korean": "[개미]",
      "ipa": "[gaemi]"
    },
    "partOfSpeech": "noun",
    "categoryId": "slang",
    "difficulty": "beginner",
    "frequency": "common",
    "tags": [],
    "hasDialogue": true,
    "translations": {
      "en": {
        "word": "ant",
        "explanation": "'개미' means 'ant' in English.",
        "examples": {
          "beginner": "We say \"개미\" in Korean.",
          "intermediate": "In Korea, people often say \"개미\".",
          "advanced": "\"개미\" is an important expression in Korean.",
          "master": "Understanding the cultural context of \"개미\" makes communication more natural."
        },
        "variations": {
          "formal": [
            "It is ant.",
            "There is ant."
          ],
          "casual": [
            "It's ant.",
            "ant, you know."
          ],
          "short": [
            "ant"
          ]
        }
      },
      "ko": {
        "word": "개미",
        "explanation": "개미의 뜻은 'ant'입니다.",
        "examples": {
          "beginner": "\"개미\"는 한국어로 말해요.",
          "intermediate": "한국에서는 \"개미\"를 자주 써요.",
          "advanced": "\"개미\"는 한국어에서 중요한 표현입니다.",
          "master": "\"개미\"의 문화적 맥락을 이해하면 더 자연스럽게 소통할 수 있습니다."
        },
        "variations": {
          "formal": [
            "개미입니다.",
            "개미이/가 있습니다."
          ],
          "casual": [
            "개미이야.",
            "개미 있어."
          ],
          "short": [
            "개미"
          ]
        }
      }
    }
  },
  {
    "id": "w-seuta킹",
    "korean": "스타킹",
    "romanization": "seutaking",
    "pronunciation": {
      "korean": "[스타킹]",
      "ipa": "[seutaking]"
    },
    "partOfSpeech": "noun",
    "categoryId": "slang",
    "difficulty": "beginner",
    "frequency": "common",
    "tags": [],
    "hasDialogue": true,
    "translations": {
      "en": {
        "word": "stockings",
        "explanation": "'스타킹' means 'stockings' in English.",
        "examples": {
          "beginner": "We say \"스타킹\" in Korean.",
          "intermediate": "In Korea, people often say \"스타킹\".",
          "advanced": "\"스타킹\" is an important expression in Korean.",
          "master": "Understanding the cultural context of \"스타킹\" makes communication more natural."
        },
        "variations": {
          "formal": [
            "It is stockings.",
            "There is stockings."
          ],
          "casual": [
            "It's stockings.",
            "stockings, you know."
          ],
          "short": [
            "stockings"
          ]
        }
      },
      "ko": {
        "word": "스타킹",
        "explanation": "스타킹의 뜻은 'stockings'입니다.",
        "examples": {
          "beginner": "\"스타킹\"는 한국어로 말해요.",
          "intermediate": "한국에서는 \"스타킹\"를 자주 써요.",
          "advanced": "\"스타킹\"는 한국어에서 중요한 표현입니다.",
          "master": "\"스타킹\"의 문화적 맥락을 이해하면 더 자연스럽게 소통할 수 있습니다."
        },
        "variations": {
          "formal": [
            "스타킹입니다.",
            "스타킹이/가 있습니다."
          ],
          "casual": [
            "스타킹이야.",
            "스타킹 있어."
          ],
          "short": [
            "스타"
          ]
        }
      }
    }
  },
  {
    "id": "w-begae",
    "korean": "베개",
    "romanization": "begae",
    "pronunciation": {
      "korean": "[베개]",
      "ipa": "[begae]"
    },
    "partOfSpeech": "noun",
    "categoryId": "slang",
    "difficulty": "beginner",
    "frequency": "common",
    "tags": [],
    "hasDialogue": true,
    "translations": {
      "en": {
        "word": "pillow",
        "explanation": "'베개' means 'pillow' in English.",
        "examples": {
          "beginner": "We say \"베개\" in Korean.",
          "intermediate": "In Korea, people often say \"베개\".",
          "advanced": "\"베개\" is an important expression in Korean.",
          "master": "Understanding the cultural context of \"베개\" makes communication more natural."
        },
        "variations": {
          "formal": [
            "It is pillow.",
            "There is pillow."
          ],
          "casual": [
            "It's pillow.",
            "pillow, you know."
          ],
          "short": [
            "pillow"
          ]
        }
      },
      "ko": {
        "word": "베개",
        "explanation": "베개의 뜻은 'pillow'입니다.",
        "examples": {
          "beginner": "\"베개\"는 한국어로 말해요.",
          "intermediate": "한국에서는 \"베개\"를 자주 써요.",
          "advanced": "\"베개\"는 한국어에서 중요한 표현입니다.",
          "master": "\"베개\"의 문화적 맥락을 이해하면 더 자연스럽게 소통할 수 있습니다."
        },
        "variations": {
          "formal": [
            "베개입니다.",
            "베개이/가 있습니다."
          ],
          "casual": [
            "베개이야.",
            "베개 있어."
          ],
          "short": [
            "베개"
          ]
        }
      }
    }
  },
  {
    "id": "w-멋있",
    "korean": "멋있",
    "romanization": "meotit",
    "pronunciation": {
      "korean": "[멋있]",
      "ipa": "[meotit]"
    },
    "partOfSpeech": "noun",
    "categoryId": "slang",
    "difficulty": "beginner",
    "frequency": "common",
    "tags": [],
    "hasDialogue": true,
    "translations": {
      "en": {
        "word": "cool",
        "explanation": "'멋있' means 'cool' in English.",
        "examples": {
          "beginner": "We say \"멋있\" in Korean.",
          "intermediate": "In Korea, people often say \"멋있\".",
          "advanced": "\"멋있\" is an important expression in Korean.",
          "master": "Understanding the cultural context of \"멋있\" makes communication more natural."
        },
        "variations": {
          "formal": [
            "It is cool.",
            "There is cool."
          ],
          "casual": [
            "It's cool.",
            "cool, you know."
          ],
          "short": [
            "cool"
          ]
        }
      },
      "ko": {
        "word": "cool",
        "explanation": "'멋있' means 'cool' in English.",
        "examples": {
          "beginner": "We say \"멋있\" in Korean.",
          "intermediate": "In Korea, people often say \"멋있\".",
          "advanced": "\"멋있\" is an important expression in Korean.",
          "master": "Understanding the cultural context of \"멋있\" makes communication more natural."
        },
        "variations": {
          "formal": [
            "It is cool.",
            "There is cool."
          ],
          "casual": [
            "It's cool.",
            "cool, you know."
          ],
          "short": [
            "cool"
          ]
        }
      }
    }
  },
  {
    "id": "w-si원ha",
    "korean": "시원하",
    "romanization": "siwonha",
    "pronunciation": {
      "korean": "[시원하]",
      "ipa": "[siwonha]"
    },
    "partOfSpeech": "noun",
    "categoryId": "slang",
    "difficulty": "beginner",
    "frequency": "common",
    "tags": [],
    "hasDialogue": true,
    "translations": {
      "en": {
        "word": "cool",
        "explanation": "'시원하' means 'cool' in English.",
        "examples": {
          "beginner": "We say \"시원하\" in Korean.",
          "intermediate": "In Korea, people often say \"시원하\".",
          "advanced": "\"시원하\" is an important expression in Korean.",
          "master": "Understanding the cultural context of \"시원하\" makes communication more natural."
        },
        "variations": {
          "formal": [
            "It is cool.",
            "There is cool."
          ],
          "casual": [
            "It's cool.",
            "cool, you know."
          ],
          "short": [
            "cool"
          ]
        }
      },
      "ko": {
        "word": "cool",
        "explanation": "'시원하' means 'cool' in English.",
        "examples": {
          "beginner": "We say \"시원하\" in Korean.",
          "intermediate": "In Korea, people often say \"시원하\".",
          "advanced": "\"시원하\" is an important expression in Korean.",
          "master": "Understanding the cultural context of \"시원하\" makes communication more natural."
        },
        "variations": {
          "formal": [
            "It is cool.",
            "There is cool."
          ],
          "casual": [
            "It's cool.",
            "cool, you know."
          ],
          "short": [
            "cool"
          ]
        }
      }
    }
  },
  {
    "id": "w-sogae팅",
    "korean": "소개팅",
    "romanization": "sogaeting",
    "pronunciation": {
      "korean": "[소개팅]",
      "ipa": "[sogaeting]"
    },
    "partOfSpeech": "noun",
    "categoryId": "slang",
    "difficulty": "beginner",
    "frequency": "common",
    "tags": [],
    "hasDialogue": true,
    "translations": {
      "en": {
        "word": "blind date",
        "explanation": "'소개팅' means 'blind date' in English.",
        "examples": {
          "beginner": "We say \"소개팅\" in Korean.",
          "intermediate": "In Korea, people often say \"소개팅\".",
          "advanced": "\"소개팅\" is an important expression in Korean.",
          "master": "Understanding the cultural context of \"소개팅\" makes communication more natural."
        },
        "variations": {
          "formal": [
            "It is blind date.",
            "There is blind date."
          ],
          "casual": [
            "It's blind date.",
            "blind date, you know."
          ],
          "short": [
            "blind"
          ]
        }
      },
      "ko": {
        "word": "소개팅",
        "explanation": "소개팅의 뜻은 'blind date'입니다.",
        "examples": {
          "beginner": "\"소개팅\"는 한국어로 말해요.",
          "intermediate": "한국에서는 \"소개팅\"를 자주 써요.",
          "advanced": "\"소개팅\"는 한국어에서 중요한 표현입니다.",
          "master": "\"소개팅\"의 문화적 맥락을 이해하면 더 자연스럽게 소통할 수 있습니다."
        },
        "variations": {
          "formal": [
            "소개팅입니다.",
            "소개팅이/가 있습니다."
          ],
          "casual": [
            "소개팅이야.",
            "소개팅 있어."
          ],
          "short": [
            "소개"
          ]
        }
      }
    }
  },
  {
    "id": "w-jagisogaeseo",
    "korean": "자기소개서",
    "romanization": "jagisogaeseo",
    "pronunciation": {
      "korean": "[자기소개서]",
      "ipa": "[jagisogaeseo]"
    },
    "partOfSpeech": "noun",
    "categoryId": "slang",
    "difficulty": "beginner",
    "frequency": "common",
    "tags": [],
    "hasDialogue": true,
    "translations": {
      "en": {
        "word": "cover letter",
        "explanation": "'자기소개서' means 'cover letter' in English.",
        "examples": {
          "beginner": "We say \"자기소개서\" in Korean.",
          "intermediate": "In Korea, people often say \"자기소개서\".",
          "advanced": "\"자기소개서\" is an important expression in Korean.",
          "master": "Understanding the cultural context of \"자기소개서\" makes communication more natural."
        },
        "variations": {
          "formal": [
            "It is cover letter.",
            "There is cover letter."
          ],
          "casual": [
            "It's cover letter.",
            "cover letter, you know."
          ],
          "short": [
            "cover"
          ]
        }
      },
      "ko": {
        "word": "자기소개서",
        "explanation": "자기소개서의 뜻은 'cover letter'입니다.",
        "examples": {
          "beginner": "\"자기소개서\"는 한국어로 말해요.",
          "intermediate": "한국에서는 \"자기소개서\"를 자주 써요.",
          "advanced": "\"자기소개서\"는 한국어에서 중요한 표현입니다.",
          "master": "\"자기소개서\"의 문화적 맥락을 이해하면 더 자연스럽게 소통할 수 있습니다."
        },
        "variations": {
          "formal": [
            "자기소개서입니다.",
            "자기소개서이/가 있습니다."
          ],
          "casual": [
            "자기소개서이야.",
            "자기소개서 있어."
          ],
          "short": [
            "자기"
          ]
        }
      }
    }
  },
  {
    "id": "w-6gae월",
    "korean": "6개월",
    "romanization": "6gaewol",
    "pronunciation": {
      "korean": "[6개월]",
      "ipa": "[6gaewol]"
    },
    "partOfSpeech": "noun",
    "categoryId": "slang",
    "difficulty": "beginner",
    "frequency": "common",
    "tags": [],
    "hasDialogue": true,
    "translations": {
      "en": {
        "word": "six months",
        "explanation": "'6개월' means 'six months' in English.",
        "examples": {
          "beginner": "We say \"6개월\" in Korean.",
          "intermediate": "In Korea, people often say \"6개월\".",
          "advanced": "\"6개월\" is an important expression in Korean.",
          "master": "Understanding the cultural context of \"6개월\" makes communication more natural."
        },
        "variations": {
          "formal": [
            "It is six months.",
            "There is six months."
          ],
          "casual": [
            "It's six months.",
            "six months, you know."
          ],
          "short": [
            "six"
          ]
        }
      },
      "ko": {
        "word": "6개월",
        "explanation": "6개월의 뜻은 'six months'입니다.",
        "examples": {
          "beginner": "\"6개월\"는 한국어로 말해요.",
          "intermediate": "한국에서는 \"6개월\"를 자주 써요.",
          "advanced": "\"6개월\"는 한국어에서 중요한 표현입니다.",
          "master": "\"6개월\"의 문화적 맥락을 이해하면 더 자연스럽게 소통할 수 있습니다."
        },
        "variations": {
          "formal": [
            "6개월입니다.",
            "6개월이/가 있습니다."
          ],
          "casual": [
            "6개월이야.",
            "6개월 있어."
          ],
          "short": [
            "6개"
          ]
        }
      }
    }
  },
  {
    "id": "ek-daebak",
    "korean": "대박",
    "romanization": "daebak",
    "pronunciation": {
      "korean": "[대박]",
      "ipa": "[daebak]"
    },
    "partOfSpeech": "noun",
    "categoryId": "slang",
    "difficulty": "beginner",
    "frequency": "common",
    "tags": [],
    "hasDialogue": true,
    "translations": {
      "en": {
        "word": "omg",
        "explanation": "'대박' means 'omg' in English.",
        "examples": {
          "beginner": "We say \"대박\" in Korean.",
          "intermediate": "In Korea, people often say \"대박\".",
          "advanced": "\"대박\" is an important expression in Korean.",
          "master": "Understanding the cultural context of \"대박\" makes communication more natural."
        },
        "variations": {
          "formal": [
            "It is omg.",
            "There is omg."
          ],
          "casual": [
            "It's omg.",
            "omg, you know."
          ],
          "short": [
            "omg"
          ]
        }
      },
      "ko": {
        "word": "대박",
        "explanation": "대박의 뜻은 'omg'입니다.",
        "examples": {
          "beginner": "\"대박\"는 한국어로 말해요.",
          "intermediate": "한국에서는 \"대박\"를 자주 써요.",
          "advanced": "\"대박\"는 한국어에서 중요한 표현입니다.",
          "master": "\"대박\"의 문화적 맥락을 이해하면 더 자연스럽게 소통할 수 있습니다."
        },
        "variations": {
          "formal": [
            "대박입니다.",
            "대박이/가 있습니다."
          ],
          "casual": [
            "대박이야.",
            "대박 있어."
          ],
          "short": [
            "대박"
          ]
        }
      }
    }
  },
  {
    "id": "ek-멋jin",
    "korean": "멋진",
    "romanization": "meotjin",
    "pronunciation": {
      "korean": "[멋진]",
      "ipa": "[meotjin]"
    },
    "partOfSpeech": "noun",
    "categoryId": "slang",
    "difficulty": "beginner",
    "frequency": "common",
    "tags": [],
    "hasDialogue": true,
    "translations": {
      "en": {
        "word": "awesome",
        "explanation": "'멋진' means 'awesome' in English.",
        "examples": {
          "beginner": "We say \"멋진\" in Korean.",
          "intermediate": "In Korea, people often say \"멋진\".",
          "advanced": "\"멋진\" is an important expression in Korean.",
          "master": "Understanding the cultural context of \"멋진\" makes communication more natural."
        },
        "variations": {
          "formal": [
            "It is awesome.",
            "There is awesome."
          ],
          "casual": [
            "It's awesome.",
            "awesome, you know."
          ],
          "short": [
            "awesome"
          ]
        }
      },
      "ko": {
        "word": "awesome",
        "explanation": "'멋진' means 'awesome' in English.",
        "examples": {
          "beginner": "We say \"멋진\" in Korean.",
          "intermediate": "In Korea, people often say \"멋진\".",
          "advanced": "\"멋진\" is an important expression in Korean.",
          "master": "Understanding the cultural context of \"멋진\" makes communication more natural."
        },
        "variations": {
          "formal": [
            "It is awesome.",
            "There is awesome."
          ],
          "casual": [
            "It's awesome.",
            "awesome, you know."
          ],
          "short": [
            "awesome"
          ]
        }
      }
    }
  },
  {
    "id": "ek-si원han",
    "korean": "시원한",
    "romanization": "siwonhan",
    "pronunciation": {
      "korean": "[시원한]",
      "ipa": "[siwonhan]"
    },
    "partOfSpeech": "noun",
    "categoryId": "slang",
    "difficulty": "beginner",
    "frequency": "common",
    "tags": [],
    "hasDialogue": true,
    "translations": {
      "en": {
        "word": "cool",
        "explanation": "'시원한' means 'cool' in English.",
        "examples": {
          "beginner": "We say \"시원한\" in Korean.",
          "intermediate": "In Korea, people often say \"시원한\".",
          "advanced": "\"시원한\" is an important expression in Korean.",
          "master": "Understanding the cultural context of \"시원한\" makes communication more natural."
        },
        "variations": {
          "formal": [
            "It is cool.",
            "There is cool."
          ],
          "casual": [
            "It's cool.",
            "cool, you know."
          ],
          "short": [
            "cool"
          ]
        }
      },
      "ko": {
        "word": "cool",
        "explanation": "'시원한' means 'cool' in English.",
        "examples": {
          "beginner": "We say \"시원한\" in Korean.",
          "intermediate": "In Korea, people often say \"시원한\".",
          "advanced": "\"시원한\" is an important expression in Korean.",
          "master": "Understanding the cultural context of \"시원한\" makes communication more natural."
        },
        "variations": {
          "formal": [
            "It is cool.",
            "There is cool."
          ],
          "casual": [
            "It's cool.",
            "cool, you know."
          ],
          "short": [
            "cool"
          ]
        }
      }
    }
  },
  {
    "id": "ek-ogeulgeoryeo",
    "korean": "오글거려",
    "romanization": "ogeulgeoryeo",
    "pronunciation": {
      "korean": "[오글거려]",
      "ipa": "[ogeulgeoryeo]"
    },
    "partOfSpeech": "noun",
    "categoryId": "slang",
    "difficulty": "beginner",
    "frequency": "common",
    "tags": [],
    "hasDialogue": true,
    "translations": {
      "en": {
        "word": "cringe",
        "explanation": "'오글거려' means 'cringe' in English.",
        "examples": {
          "beginner": "We say \"오글거려\" in Korean.",
          "intermediate": "In Korea, people often say \"오글거려\".",
          "advanced": "\"오글거려\" is an important expression in Korean.",
          "master": "Understanding the cultural context of \"오글거려\" makes communication more natural."
        },
        "variations": {
          "formal": [
            "It is cringe.",
            "There is cringe."
          ],
          "casual": [
            "It's cringe.",
            "cringe, you know."
          ],
          "short": [
            "cringe"
          ]
        }
      },
      "ko": {
        "word": "오글거려",
        "explanation": "오글거려의 뜻은 'cringe'입니다.",
        "examples": {
          "beginner": "\"오글거려\"는 한국어로 말해요.",
          "intermediate": "한국에서는 \"오글거려\"를 자주 써요.",
          "advanced": "\"오글거려\"는 한국어에서 중요한 표현입니다.",
          "master": "\"오글거려\"의 문화적 맥락을 이해하면 더 자연스럽게 소통할 수 있습니다."
        },
        "variations": {
          "formal": [
            "오글거려입니다.",
            "오글거려이/가 있습니다."
          ],
          "casual": [
            "오글거려이야.",
            "오글거려 있어."
          ],
          "short": [
            "오글"
          ]
        }
      }
    }
  },
  {
    "id": "ek-쪽palryeo",
    "korean": "쪽팔려",
    "romanization": "jjokpallyeo",
    "pronunciation": {
      "korean": "[쪽팔려]",
      "ipa": "[jjokpallyeo]"
    },
    "partOfSpeech": "noun",
    "categoryId": "slang",
    "difficulty": "beginner",
    "frequency": "common",
    "tags": [],
    "hasDialogue": true,
    "translations": {
      "en": {
        "word": "not cool",
        "explanation": "'쪽팔려' means 'not cool' in English.",
        "examples": {
          "beginner": "We say \"쪽팔려\" in Korean.",
          "intermediate": "In Korea, people often say \"쪽팔려\".",
          "advanced": "\"쪽팔려\" is an important expression in Korean.",
          "master": "Understanding the cultural context of \"쪽팔려\" makes communication more natural."
        },
        "variations": {
          "formal": [
            "It is not cool.",
            "There is not cool."
          ],
          "casual": [
            "It's not cool.",
            "not cool, you know."
          ],
          "short": [
            "not"
          ]
        }
      },
      "ko": {
        "word": "쪽팔려",
        "explanation": "쪽팔려의 뜻은 'not cool'입니다.",
        "examples": {
          "beginner": "\"쪽팔려\"는 한국어로 말해요.",
          "intermediate": "한국에서는 \"쪽팔려\"를 자주 써요.",
          "advanced": "\"쪽팔려\"는 한국어에서 중요한 표현입니다.",
          "master": "\"쪽팔려\"의 문화적 맥락을 이해하면 더 자연스럽게 소통할 수 있습니다."
        },
        "variations": {
          "formal": [
            "쪽팔려입니다.",
            "쪽팔려이/가 있습니다."
          ],
          "casual": [
            "쪽팔려이야.",
            "쪽팔려 있어."
          ],
          "short": [
            "쪽팔"
          ]
        }
      }
    }
  },
  {
    "id": "ek-12gae",
    "korean": "12개",
    "romanization": "12gae",
    "pronunciation": {
      "korean": "[12개]",
      "ipa": "[12gae]"
    },
    "partOfSpeech": "noun",
    "categoryId": "slang",
    "difficulty": "beginner",
    "frequency": "common",
    "tags": [],
    "hasDialogue": true,
    "translations": {
      "en": {
        "word": "dozen",
        "explanation": "'12개' means 'dozen' in English.",
        "examples": {
          "beginner": "We say \"12개\" in Korean.",
          "intermediate": "In Korea, people often say \"12개\".",
          "advanced": "\"12개\" is an important expression in Korean.",
          "master": "Understanding the cultural context of \"12개\" makes communication more natural."
        },
        "variations": {
          "formal": [
            "It is dozen.",
            "There is dozen."
          ],
          "casual": [
            "It's dozen.",
            "dozen, you know."
          ],
          "short": [
            "dozen"
          ]
        }
      },
      "ko": {
        "word": "12개",
        "explanation": "12개의 뜻은 'dozen'입니다.",
        "examples": {
          "beginner": "\"12개\"는 한국어로 말해요.",
          "intermediate": "한국에서는 \"12개\"를 자주 써요.",
          "advanced": "\"12개\"는 한국어에서 중요한 표현입니다.",
          "master": "\"12개\"의 문화적 맥락을 이해하면 더 자연스럽게 소통할 수 있습니다."
        },
        "variations": {
          "formal": [
            "12개입니다.",
            "12개이/가 있습니다."
          ],
          "casual": [
            "12개이야.",
            "12개 있어."
          ],
          "short": [
            "12"
          ]
        }
      }
    }
  }
]