[
  {
    "id": "uju",
    "korean": "우주",
    "romanization": "uju",
    "pronunciation": {
      "korean": "[우주]",
      "ipa": "[udʑu]"
    },
    "partOfSpeech": "noun",
    "categoryId": "space",
    "difficulty": "beginner",
    "frequency": "common",
    "tags": [
      "space",
      "universe",
      "cosmos"
    ],
    "translations": {
      "ko": {
        "word": "우주",
        "explanation": "지구와 모든 천체를 포함하는 무한한 공간. 우리가 사는 모든 것.",
        "examples": {
          "beginner": "우주이/가 보여요.",
          "intermediate": "우주에 대해 배웠어요.",
          "advanced": "우주의 연구는 우주 과학에서 중요합니다.",
          "master": "우주에 대한 탐구는 인류의 우주 이해를 넓혀왔습니다."
        },
        "variations": {
          "formal": [
            "우주입니다",
            "대우주",
            "우주 공간"
          ],
          "casual": [
            "우주~",
            "우주에"
          ],
          "short": [
            "우주",
            "space"
          ]
        },
        "dialogue": {
          "context": "우주에 대해 이야기하며",
          "dialogue": [
            {
              "speaker": "A",
              "text": "우주에서 제일 관심 있는 게 뭐예요?",
              "romanization": "ujueseo jeil gwansim isneun ge mwoyeyo?",
              "translation": "What interests you most about space?"
            },
            {
              "speaker": "B",
              "text": "우주이/가 정말 신기해요.",
              "romanization": "ujui/ga jeongmal singihaeyo.",
              "translation": "Universe / Space / Cosmos is really fascinating."
            },
            {
              "speaker": "A",
              "text": "왜요?",
              "romanization": "waeyo?",
              "translation": "Why?"
            },
            {
              "speaker": "B",
              "text": "아직 모르는 게 너무 많아서요.",
              "romanization": "ajik moreuneun ge neomu manaseoyo.",
              "translation": "Because there's still so much we don't know."
            }
          ]
        }
      },
      "en": {
        "word": "Universe / Space / Cosmos",
        "explanation": "The infinite space containing Earth and all celestial bodies. Everything we exist in.",
        "examples": {
          "beginner": "I can see universe / space / cosmos.",
          "intermediate": "I learned about universe / space / cosmos.",
          "advanced": "Research on universe / space / cosmos is important in space science.",
          "master": "Exploration of universe / space / cosmos has expanded humanity's understanding of space."
        },
        "variations": {
          "formal": [
            "It is the universe",
            "Outer space",
            "Cosmic space"
          ],
          "casual": [
            "Universe~",
            "In space"
          ],
          "short": [
            "Space",
            "Universe"
          ]
        },
        "dialogue": {
          "context": "Talking about space",
          "dialogue": [
            {
              "speaker": "A",
              "text": "What interests you most about space?",
              "romanization": "",
              "translation": "우주에서 제일 관심 있는 게 뭐예요?"
            },
            {
              "speaker": "B",
              "text": "Universe / Space / Cosmos is really fascinating.",
              "romanization": "",
              "translation": "우주이/가 정말 신기해요."
            },
            {
              "speaker": "A",
              "text": "Why?",
              "romanization": "",
              "translation": "왜요?"
            },
            {
              "speaker": "B",
              "text": "Because there's still so much we don't know.",
              "romanization": "",
              "translation": "아직 모르는 게 너무 많아서요."
            }
          ]
        }
      }
    }
  },
  {
    "id": "byeol",
    "korean": "별",
    "romanization": "byeol",
    "pronunciation": {
      "korean": "[별]",
      "ipa": "[pjʌl]"
    },
    "partOfSpeech": "noun",
    "categoryId": "space",
    "difficulty": "beginner",
    "frequency": "common",
    "tags": [
      "space",
      "star",
      "astronomy"
    ],
    "translations": {
      "ko": {
        "word": "별",
        "explanation": "밤하늘에 빛나는 천체. 스스로 빛을 내는 항성.",
        "examples": {
          "beginner": "별이/가 보여요.",
          "intermediate": "별에 대해 배웠어요.",
          "advanced": "별의 연구는 우주 과학에서 중요합니다.",
          "master": "별에 대한 탐구는 인류의 우주 이해를 넓혀왔습니다."
        },
        "variations": {
          "formal": [
            "별입니다",
            "항성",
            "성(星)"
          ],
          "casual": [
            "별~",
            "별 봐"
          ],
          "short": [
            "별",
            "star"
          ]
        },
        "dialogue": {
          "context": "우주에 대해 이야기하며",
          "dialogue": [
            {
              "speaker": "A",
              "text": "우주에서 제일 관심 있는 게 뭐예요?",
              "romanization": "ujueseo jeil gwansim isneun ge mwoyeyo?",
              "translation": "What interests you most about space?"
            },
            {
              "speaker": "B",
              "text": "별이/가 정말 신기해요.",
              "romanization": "byeoli/ga jeongmal singihaeyo.",
              "translation": "Star is really fascinating."
            },
            {
              "speaker": "A",
              "text": "왜요?",
              "romanization": "waeyo?",
              "translation": "Why?"
            },
            {
              "speaker": "B",
              "text": "아직 모르는 게 너무 많아서요.",
              "romanization": "ajik moreuneun ge neomu manaseoyo.",
              "translation": "Because there's still so much we don't know."
            }
          ]
        }
      },
      "en": {
        "word": "Star",
        "explanation": "A celestial body that shines in the night sky. A self-luminous stellar object.",
        "examples": {
          "beginner": "I can see star.",
          "intermediate": "I learned about star.",
          "advanced": "Research on star is important in space science.",
          "master": "Exploration of star has expanded humanity's understanding of space."
        },
        "variations": {
          "formal": [
            "It is a star",
            "Stellar object",
            "Star (formal)"
          ],
          "casual": [
            "Star~",
            "Look at stars"
          ],
          "short": [
            "Star",
            "Stars"
          ]
        },
        "dialogue": {
          "context": "Talking about space",
          "dialogue": [
            {
              "speaker": "A",
              "text": "What interests you most about space?",
              "romanization": "",
              "translation": "우주에서 제일 관심 있는 게 뭐예요?"
            },
            {
              "speaker": "B",
              "text": "Star is really fascinating.",
              "romanization": "",
              "translation": "별이/가 정말 신기해요."
            },
            {
              "speaker": "A",
              "text": "Why?",
              "romanization": "",
              "translation": "왜요?"
            },
            {
              "speaker": "B",
              "text": "Because there's still so much we don't know.",
              "romanization": "",
              "translation": "아직 모르는 게 너무 많아서요."
            }
          ]
        }
      }
    }
  },
  {
    "id": "jigu",
    "korean": "지구",
    "romanization": "jigu",
    "pronunciation": {
      "korean": "[지구]",
      "ipa": "[tɕiɡu]"
    },
    "partOfSpeech": "noun",
    "categoryId": "space",
    "difficulty": "beginner",
    "frequency": "common",
    "tags": [
      "space",
      "planet",
      "earth"
    ],
    "translations": {
      "ko": {
        "word": "지구",
        "explanation": "우리가 사는 행성. 태양계의 세 번째 행성.",
        "examples": {
          "beginner": "지구이/가 보여요.",
          "intermediate": "지구에 대해 배웠어요.",
          "advanced": "지구의 연구는 우주 과학에서 중요합니다.",
          "master": "지구에 대한 탐구는 인류의 우주 이해를 넓혀왔습니다."
        },
        "variations": {
          "formal": [
            "지구입니다",
            "지구촌",
            "행성 지구"
          ],
          "casual": [
            "지구~",
            "지구에서"
          ],
          "short": [
            "지구",
            "Earth"
          ]
        },
        "dialogue": {
          "context": "우주에 대해 이야기하며",
          "dialogue": [
            {
              "speaker": "A",
              "text": "우주에서 제일 관심 있는 게 뭐예요?",
              "romanization": "ujueseo jeil gwansim isneun ge mwoyeyo?",
              "translation": "What interests you most about space?"
            },
            {
              "speaker": "B",
              "text": "지구이/가 정말 신기해요.",
              "romanization": "jigui/ga jeongmal singihaeyo.",
              "translation": "Earth is really fascinating."
            },
            {
              "speaker": "A",
              "text": "왜요?",
              "romanization": "waeyo?",
              "translation": "Why?"
            },
            {
              "speaker": "B",
              "text": "아직 모르는 게 너무 많아서요.",
              "romanization": "ajik moreuneun ge neomu manaseoyo.",
              "translation": "Because there's still so much we don't know."
            }
          ]
        }
      },
      "en": {
        "word": "Earth",
        "explanation": "The planet we live on. The third planet in the solar system.",
        "examples": {
          "beginner": "I can see earth.",
          "intermediate": "I learned about earth.",
          "advanced": "Research on earth is important in space science.",
          "master": "Exploration of earth has expanded humanity's understanding of space."
        },
        "variations": {
          "formal": [
            "It is Earth",
            "The globe",
            "Planet Earth"
          ],
          "casual": [
            "Earth~",
            "On Earth"
          ],
          "short": [
            "Earth",
            "Globe"
          ]
        },
        "dialogue": {
          "context": "Talking about space",
          "dialogue": [
            {
              "speaker": "A",
              "text": "What interests you most about space?",
              "romanization": "",
              "translation": "우주에서 제일 관심 있는 게 뭐예요?"
            },
            {
              "speaker": "B",
              "text": "Earth is really fascinating.",
              "romanization": "",
              "translation": "지구이/가 정말 신기해요."
            },
            {
              "speaker": "A",
              "text": "Why?",
              "romanization": "",
              "translation": "왜요?"
            },
            {
              "speaker": "B",
              "text": "Because there's still so much we don't know.",
              "romanization": "",
              "translation": "아직 모르는 게 너무 많아서요."
            }
          ]
        }
      }
    }
  },
  {
    "id": "haengseong",
    "korean": "행성",
    "romanization": "haengseong",
    "pronunciation": {
      "korean": "[행성]",
      "ipa": "[hɛŋsʌŋ]"
    },
    "partOfSpeech": "noun",
    "categoryId": "space",
    "difficulty": "intermediate",
    "frequency": "common",
    "tags": [
      "space",
      "planet",
      "astronomy"
    ],
    "translations": {
      "ko": {
        "word": "행성",
        "explanation": "별 주위를 도는 천체. 지구, 화성, 목성 등.",
        "examples": {
          "beginner": "행성이/가 보여요.",
          "intermediate": "행성에 대해 배웠어요.",
          "advanced": "행성의 연구는 우주 과학에서 중요합니다.",
          "master": "행성에 대한 탐구는 인류의 우주 이해를 넓혀왔습니다."
        },
        "variations": {
          "formal": [
            "행성입니다",
            "유성",
            "혹성"
          ],
          "casual": [
            "행성~",
            "행성들"
          ],
          "short": [
            "행성",
            "planet"
          ]
        },
        "dialogue": {
          "context": "우주에 대해 이야기하며",
          "dialogue": [
            {
              "speaker": "A",
              "text": "우주에서 제일 관심 있는 게 뭐예요?",
              "romanization": "ujueseo jeil gwansim isneun ge mwoyeyo?",
              "translation": "What interests you most about space?"
            },
            {
              "speaker": "B",
              "text": "행성이/가 정말 신기해요.",
              "romanization": "haengseongi/ga jeongmal singihaeyo.",
              "translation": "Planet is really fascinating."
            },
            {
              "speaker": "A",
              "text": "왜요?",
              "romanization": "waeyo?",
              "translation": "Why?"
            },
            {
              "speaker": "B",
              "text": "아직 모르는 게 너무 많아서요.",
              "romanization": "ajik moreuneun ge neomu manaseoyo.",
              "translation": "Because there's still so much we don't know."
            }
          ]
        }
      },
      "en": {
        "word": "Planet",
        "explanation": "A celestial body orbiting a star. Earth, Mars, Jupiter, etc.",
        "examples": {
          "beginner": "I can see planet.",
          "intermediate": "I learned about planet.",
          "advanced": "Research on planet is important in space science.",
          "master": "Exploration of planet has expanded humanity's understanding of space."
        },
        "variations": {
          "formal": [
            "It is a planet",
            "Wandering star",
            "Planetary body"
          ],
          "casual": [
            "Planet~",
            "Planets"
          ],
          "short": [
            "Planet",
            "World"
          ]
        },
        "dialogue": {
          "context": "Talking about space",
          "dialogue": [
            {
              "speaker": "A",
              "text": "What interests you most about space?",
              "romanization": "",
              "translation": "우주에서 제일 관심 있는 게 뭐예요?"
            },
            {
              "speaker": "B",
              "text": "Planet is really fascinating.",
              "romanization": "",
              "translation": "행성이/가 정말 신기해요."
            },
            {
              "speaker": "A",
              "text": "Why?",
              "romanization": "",
              "translation": "왜요?"
            },
            {
              "speaker": "B",
              "text": "Because there's still so much we don't know.",
              "romanization": "",
              "translation": "아직 모르는 게 너무 많아서요."
            }
          ]
        }
      }
    }
  },
  {
    "id": "taeyang",
    "korean": "태양",
    "romanization": "taeyang",
    "pronunciation": {
      "korean": "[태양]",
      "ipa": "[tʰɛjaŋ]"
    },
    "partOfSpeech": "noun",
    "categoryId": "space",
    "difficulty": "beginner",
    "frequency": "common",
    "tags": [
      "space",
      "sun",
      "star"
    ],
    "translations": {
      "ko": {
        "word": "태양",
        "explanation": "태양계의 중심에 있는 별. 지구에 빛과 열을 주는 항성.",
        "examples": {
          "beginner": "태양이/가 보여요.",
          "intermediate": "태양에 대해 배웠어요.",
          "advanced": "태양의 연구는 우주 과학에서 중요합니다.",
          "master": "태양에 대한 탐구는 인류의 우주 이해를 넓혀왔습니다."
        },
        "variations": {
          "formal": [
            "태양입니다",
            "해",
            "일(日)"
          ],
          "casual": [
            "태양~",
            "해"
          ],
          "short": [
            "태양",
            "sun"
          ]
        },
        "dialogue": {
          "context": "우주에 대해 이야기하며",
          "dialogue": [
            {
              "speaker": "A",
              "text": "우주에서 제일 관심 있는 게 뭐예요?",
              "romanization": "ujueseo jeil gwansim isneun ge mwoyeyo?",
              "translation": "What interests you most about space?"
            },
            {
              "speaker": "B",
              "text": "태양이/가 정말 신기해요.",
              "romanization": "taeyangi/ga jeongmal singihaeyo.",
              "translation": "Sun is really fascinating."
            },
            {
              "speaker": "A",
              "text": "왜요?",
              "romanization": "waeyo?",
              "translation": "Why?"
            },
            {
              "speaker": "B",
              "text": "아직 모르는 게 너무 많아서요.",
              "romanization": "ajik moreuneun ge neomu manaseoyo.",
              "translation": "Because there's still so much we don't know."
            }
          ]
        }
      },
      "en": {
        "word": "Sun",
        "explanation": "The star at the center of the solar system. The star that gives Earth light and heat.",
        "examples": {
          "beginner": "I can see sun.",
          "intermediate": "I learned about sun.",
          "advanced": "Research on sun is important in space science.",
          "master": "Exploration of sun has expanded humanity's understanding of space."
        },
        "variations": {
          "formal": [
            "It is the sun",
            "Solar orb",
            "Sol"
          ],
          "casual": [
            "Sun~",
            "The sun"
          ],
          "short": [
            "Sun",
            "Sol"
          ]
        },
        "dialogue": {
          "context": "Talking about space",
          "dialogue": [
            {
              "speaker": "A",
              "text": "What interests you most about space?",
              "romanization": "",
              "translation": "우주에서 제일 관심 있는 게 뭐예요?"
            },
            {
              "speaker": "B",
              "text": "Sun is really fascinating.",
              "romanization": "",
              "translation": "태양이/가 정말 신기해요."
            },
            {
              "speaker": "A",
              "text": "Why?",
              "romanization": "",
              "translation": "왜요?"
            },
            {
              "speaker": "B",
              "text": "Because there's still so much we don't know.",
              "romanization": "",
              "translation": "아직 모르는 게 너무 많아서요."
            }
          ]
        }
      }
    }
  },
  {
    "id": "ujuseon",
    "korean": "우주선",
    "romanization": "ujuseon",
    "pronunciation": {
      "korean": "[우주선]",
      "ipa": "[udʑusʌn]"
    },
    "partOfSpeech": "noun",
    "categoryId": "space",
    "difficulty": "beginner",
    "frequency": "common",
    "tags": [
      "space",
      "spacecraft",
      "vehicle"
    ],
    "translations": {
      "ko": {
        "word": "우주선",
        "explanation": "우주를 여행하는 탈것. 로켓, 인공위성 등.",
        "examples": {
          "beginner": "우주선이/가 보여요.",
          "intermediate": "우주선에 대해 배웠어요.",
          "advanced": "우주선의 연구는 우주 과학에서 중요합니다.",
          "master": "우주선에 대한 탐구는 인류의 우주 이해를 넓혀왔습니다."
        },
        "variations": {
          "formal": [
            "우주선입니다",
            "우주 비행체",
            "로켓"
          ],
          "casual": [
            "우주선~",
            "우주선 타고"
          ],
          "short": [
            "우주선",
            "spacecraft"
          ]
        },
        "dialogue": {
          "context": "우주에 대해 이야기하며",
          "dialogue": [
            {
              "speaker": "A",
              "text": "우주에서 제일 관심 있는 게 뭐예요?",
              "romanization": "ujueseo jeil gwansim isneun ge mwoyeyo?",
              "translation": "What interests you most about space?"
            },
            {
              "speaker": "B",
              "text": "우주선이/가 정말 신기해요.",
              "romanization": "ujuseoni/ga jeongmal singihaeyo.",
              "translation": "Spacecraft / Spaceship is really fascinating."
            },
            {
              "speaker": "A",
              "text": "왜요?",
              "romanization": "waeyo?",
              "translation": "Why?"
            },
            {
              "speaker": "B",
              "text": "아직 모르는 게 너무 많아서요.",
              "romanization": "ajik moreuneun ge neomu manaseoyo.",
              "translation": "Because there's still so much we don't know."
            }
          ]
        }
      },
      "en": {
        "word": "Spacecraft / Spaceship",
        "explanation": "A vehicle for traveling in space. Rockets, satellites, etc.",
        "examples": {
          "beginner": "I can see spacecraft / spaceship.",
          "intermediate": "I learned about spacecraft / spaceship.",
          "advanced": "Research on spacecraft / spaceship is important in space science.",
          "master": "Exploration of spacecraft / spaceship has expanded humanity's understanding of space."
        },
        "variations": {
          "formal": [
            "It is a spacecraft",
            "Space vehicle",
            "Rocket"
          ],
          "casual": [
            "Spaceship~",
            "On a spaceship"
          ],
          "short": [
            "Spacecraft",
            "Ship"
          ]
        },
        "dialogue": {
          "context": "Talking about space",
          "dialogue": [
            {
              "speaker": "A",
              "text": "What interests you most about space?",
              "romanization": "",
              "translation": "우주에서 제일 관심 있는 게 뭐예요?"
            },
            {
              "speaker": "B",
              "text": "Spacecraft / Spaceship is really fascinating.",
              "romanization": "",
              "translation": "우주선이/가 정말 신기해요."
            },
            {
              "speaker": "A",
              "text": "Why?",
              "romanization": "",
              "translation": "왜요?"
            },
            {
              "speaker": "B",
              "text": "Because there's still so much we don't know.",
              "romanization": "",
              "translation": "아직 모르는 게 너무 많아서요."
            }
          ]
        }
      }
    }
  },
  {
    "id": "ujuin",
    "korean": "우주인",
    "romanization": "ujuin",
    "pronunciation": {
      "korean": "[우주인]",
      "ipa": "[udʑuin]"
    },
    "partOfSpeech": "noun",
    "categoryId": "space",
    "difficulty": "beginner",
    "frequency": "common",
    "tags": [
      "space",
      "astronaut",
      "people"
    ],
    "translations": {
      "ko": {
        "word": "우주인",
        "explanation": "우주를 여행하는 사람. 우주 비행사. 또는 외계인을 가리키기도 한다.",
        "examples": {
          "beginner": "우주인이/가 보여요.",
          "intermediate": "우주인에 대해 배웠어요.",
          "advanced": "우주인의 연구는 우주 과학에서 중요합니다.",
          "master": "우주인에 대한 탐구는 인류의 우주 이해를 넓혀왔습니다."
        },
        "variations": {
          "formal": [
            "우주인입니다",
            "우주 비행사",
            "항공사"
          ],
          "casual": [
            "우주인~",
            "우주인처럼"
          ],
          "short": [
            "우주인",
            "astronaut"
          ]
        },
        "dialogue": {
          "context": "우주에 대해 이야기하며",
          "dialogue": [
            {
              "speaker": "A",
              "text": "우주에서 제일 관심 있는 게 뭐예요?",
              "romanization": "ujueseo jeil gwansim isneun ge mwoyeyo?",
              "translation": "What interests you most about space?"
            },
            {
              "speaker": "B",
              "text": "우주인이/가 정말 신기해요.",
              "romanization": "ujuini/ga jeongmal singihaeyo.",
              "translation": "Astronaut / Spaceman is really fascinating."
            },
            {
              "speaker": "A",
              "text": "왜요?",
              "romanization": "waeyo?",
              "translation": "Why?"
            },
            {
              "speaker": "B",
              "text": "아직 모르는 게 너무 많아서요.",
              "romanization": "ajik moreuneun ge neomu manaseoyo.",
              "translation": "Because there's still so much we don't know."
            }
          ]
        }
      },
      "en": {
        "word": "Astronaut / Spaceman",
        "explanation": "A person who travels in space. Astronaut. Can also refer to aliens.",
        "examples": {
          "beginner": "I can see astronaut / spaceman.",
          "intermediate": "I learned about astronaut / spaceman.",
          "advanced": "Research on astronaut / spaceman is important in space science.",
          "master": "Exploration of astronaut / spaceman has expanded humanity's understanding of space."
        },
        "variations": {
          "formal": [
            "It is an astronaut",
            "Space traveler",
            "Cosmonaut"
          ],
          "casual": [
            "Astronaut~",
            "Like an astronaut"
          ],
          "short": [
            "Astronaut",
            "Spaceman"
          ]
        },
        "dialogue": {
          "context": "Talking about space",
          "dialogue": [
            {
              "speaker": "A",
              "text": "What interests you most about space?",
              "romanization": "",
              "translation": "우주에서 제일 관심 있는 게 뭐예요?"
            },
            {
              "speaker": "B",
              "text": "Astronaut / Spaceman is really fascinating.",
              "romanization": "",
              "translation": "우주인이/가 정말 신기해요."
            },
            {
              "speaker": "A",
              "text": "Why?",
              "romanization": "",
              "translation": "왜요?"
            },
            {
              "speaker": "B",
              "text": "Because there's still so much we don't know.",
              "romanization": "",
              "translation": "아직 모르는 게 너무 많아서요."
            }
          ]
        }
      }
    }
  },
  {
    "id": "eunha",
    "korean": "은하",
    "romanization": "eunha",
    "pronunciation": {
      "korean": "[은하]",
      "ipa": "[ɯnɦa]"
    },
    "partOfSpeech": "noun",
    "categoryId": "space",
    "difficulty": "intermediate",
    "frequency": "common",
    "tags": [
      "space",
      "galaxy",
      "astronomy"
    ],
    "translations": {
      "ko": {
        "word": "은하",
        "explanation": "수많은 별들이 모여 있는 거대한 천체 시스템. 우리 은하는 '은하수'라고 불린다.",
        "examples": {
          "beginner": "은하이/가 보여요.",
          "intermediate": "은하에 대해 배웠어요.",
          "advanced": "은하의 연구는 우주 과학에서 중요합니다.",
          "master": "은하에 대한 탐구는 인류의 우주 이해를 넓혀왔습니다."
        },
        "variations": {
          "formal": [
            "은하입니다",
            "은하계",
            "성운"
          ],
          "casual": [
            "은하~",
            "은하수"
          ],
          "short": [
            "은하",
            "galaxy"
          ]
        },
        "dialogue": {
          "context": "우주에 대해 이야기하며",
          "dialogue": [
            {
              "speaker": "A",
              "text": "우주에서 제일 관심 있는 게 뭐예요?",
              "romanization": "ujueseo jeil gwansim isneun ge mwoyeyo?",
              "translation": "What interests you most about space?"
            },
            {
              "speaker": "B",
              "text": "은하이/가 정말 신기해요.",
              "romanization": "eunhai/ga jeongmal singihaeyo.",
              "translation": "Galaxy is really fascinating."
            },
            {
              "speaker": "A",
              "text": "왜요?",
              "romanization": "waeyo?",
              "translation": "Why?"
            },
            {
              "speaker": "B",
              "text": "아직 모르는 게 너무 많아서요.",
              "romanization": "ajik moreuneun ge neomu manaseoyo.",
              "translation": "Because there's still so much we don't know."
            }
          ]
        }
      },
      "en": {
        "word": "Galaxy",
        "explanation": "A massive celestial system containing countless stars. Our galaxy is called the 'Milky Way'.",
        "examples": {
          "beginner": "I can see galaxy.",
          "intermediate": "I learned about galaxy.",
          "advanced": "Research on galaxy is important in space science.",
          "master": "Exploration of galaxy has expanded humanity's understanding of space."
        },
        "variations": {
          "formal": [
            "It is a galaxy",
            "Galactic system",
            "Nebula"
          ],
          "casual": [
            "Galaxy~",
            "Milky Way"
          ],
          "short": [
            "Galaxy",
            "Gal"
          ]
        },
        "dialogue": {
          "context": "Talking about space",
          "dialogue": [
            {
              "speaker": "A",
              "text": "What interests you most about space?",
              "romanization": "",
              "translation": "우주에서 제일 관심 있는 게 뭐예요?"
            },
            {
              "speaker": "B",
              "text": "Galaxy is really fascinating.",
              "romanization": "",
              "translation": "은하이/가 정말 신기해요."
            },
            {
              "speaker": "A",
              "text": "Why?",
              "romanization": "",
              "translation": "왜요?"
            },
            {
              "speaker": "B",
              "text": "Because there's still so much we don't know.",
              "romanization": "",
              "translation": "아직 모르는 게 너무 많아서요."
            }
          ]
        }
      }
    }
  },
  {
    "id": "heukhole",
    "korean": "블랙홀",
    "romanization": "beullaekol",
    "partOfSpeech": "noun",
    "categoryId": "space",
    "difficulty": "intermediate",
    "frequency": "common",
    "tags": [
      "space",
      "blackhole",
      "astronomy"
    ],
    "translations": {
      "ko": {
        "word": "블랙홀",
        "explanation": "중력이 너무 강해서 빛조차 빠져나올 수 없는 천체. 암흑 천체.",
        "examples": {
          "beginner": "블랙홀이/가 보여요.",
          "intermediate": "블랙홀에 대해 배웠어요.",
          "advanced": "블랙홀의 연구는 우주 과학에서 중요합니다.",
          "master": "블랙홀에 대한 탐구는 인류의 우주 이해를 넓혀왔습니다."
        },
        "variations": {
          "formal": [
            "블랙홀입니다",
            "암흑 천체",
            "중력 구멍"
          ],
          "casual": [
            "블랙홀~",
            "블랙홀처럼"
          ],
          "short": [
            "블랙홀",
            "black hole"
          ]
        },
        "dialogue": {
          "context": "우주에 대해 이야기하며",
          "dialogue": [
            {
              "speaker": "A",
              "text": "우주에서 제일 관심 있는 게 뭐예요?",
              "romanization": "ujueseo jeil gwansim isneun ge mwoyeyo?",
              "translation": "What interests you most about space?"
            },
            {
              "speaker": "B",
              "text": "블랙홀이/가 정말 신기해요.",
              "romanization": "beulraekholi/ga jeongmal singihaeyo.",
              "translation": "Black Hole is really fascinating."
            },
            {
              "speaker": "A",
              "text": "왜요?",
              "romanization": "waeyo?",
              "translation": "Why?"
            },
            {
              "speaker": "B",
              "text": "아직 모르는 게 너무 많아서요.",
              "romanization": "ajik moreuneun ge neomu manaseoyo.",
              "translation": "Because there's still so much we don't know."
            }
          ]
        }
      },
      "en": {
        "word": "Black Hole",
        "explanation": "A celestial body with gravity so strong that even light cannot escape. A dark object.",
        "examples": {
          "beginner": "I can see black hole.",
          "intermediate": "I learned about black hole.",
          "advanced": "Research on black hole is important in space science.",
          "master": "Exploration of black hole has expanded humanity's understanding of space."
        },
        "variations": {
          "formal": [
            "It is a black hole",
            "Dark celestial body",
            "Gravity well"
          ],
          "casual": [
            "Black hole~",
            "Like a black hole"
          ],
          "short": [
            "Black hole",
            "BH"
          ]
        },
        "dialogue": {
          "context": "Talking about space",
          "dialogue": [
            {
              "speaker": "A",
              "text": "What interests you most about space?",
              "romanization": "",
              "translation": "우주에서 제일 관심 있는 게 뭐예요?"
            },
            {
              "speaker": "B",
              "text": "Black Hole is really fascinating.",
              "romanization": "",
              "translation": "블랙홀이/가 정말 신기해요."
            },
            {
              "speaker": "A",
              "text": "Why?",
              "romanization": "",
              "translation": "왜요?"
            },
            {
              "speaker": "B",
              "text": "Because there's still so much we don't know.",
              "romanization": "",
              "translation": "아직 모르는 게 너무 많아서요."
            }
          ]
        }
      }
    },
    "pronunciation": {
      "korean": "[블랙홀]",
      "ipa": "[pɯllɛkʰol]"
    }
  },
  {
    "id": "manwongyeong",
    "korean": "망원경",
    "romanization": "mangwongyeong",
    "pronunciation": {
      "korean": "[망원경]",
      "ipa": "[maŋwʌnɡjʌŋ]"
    },
    "partOfSpeech": "noun",
    "categoryId": "space",
    "difficulty": "beginner",
    "frequency": "common",
    "tags": [
      "space",
      "telescope",
      "tool"
    ],
    "translations": {
      "ko": {
        "word": "망원경",
        "explanation": "먼 곳을 크게 보이게 하는 광학 기구. 별을 관측하는 도구.",
        "examples": {
          "beginner": "망원경이/가 보여요.",
          "intermediate": "망원경에 대해 배웠어요.",
          "advanced": "망원경의 연구는 우주 과학에서 중요합니다.",
          "master": "망원경에 대한 탐구는 인류의 우주 이해를 넓혀왔습니다."
        },
        "variations": {
          "formal": [
            "망원경입니다",
            "천체 망원경",
            "관측 기구"
          ],
          "casual": [
            "망원경~",
            "망원경으로"
          ],
          "short": [
            "망원경",
            "telescope"
          ]
        },
        "dialogue": {
          "context": "우주에 대해 이야기하며",
          "dialogue": [
            {
              "speaker": "A",
              "text": "우주에서 제일 관심 있는 게 뭐예요?",
              "romanization": "ujueseo jeil gwansim isneun ge mwoyeyo?",
              "translation": "What interests you most about space?"
            },
            {
              "speaker": "B",
              "text": "망원경이/가 정말 신기해요.",
              "romanization": "mangwongyeongi/ga jeongmal singihaeyo.",
              "translation": "Telescope is really fascinating."
            },
            {
              "speaker": "A",
              "text": "왜요?",
              "romanization": "waeyo?",
              "translation": "Why?"
            },
            {
              "speaker": "B",
              "text": "아직 모르는 게 너무 많아서요.",
              "romanization": "ajik moreuneun ge neomu manaseoyo.",
              "translation": "Because there's still so much we don't know."
            }
          ]
        }
      },
      "en": {
        "word": "Telescope",
        "explanation": "An optical instrument that makes distant objects appear larger. A tool for observing stars.",
        "examples": {
          "beginner": "I can see telescope.",
          "intermediate": "I learned about telescope.",
          "advanced": "Research on telescope is important in space science.",
          "master": "Exploration of telescope has expanded humanity's understanding of space."
        },
        "variations": {
          "formal": [
            "It is a telescope",
            "Astronomical telescope",
            "Observation device"
          ],
          "casual": [
            "Telescope~",
            "With telescope"
          ],
          "short": [
            "Telescope",
            "Scope"
          ]
        },
        "dialogue": {
          "context": "Talking about space",
          "dialogue": [
            {
              "speaker": "A",
              "text": "What interests you most about space?",
              "romanization": "",
              "translation": "우주에서 제일 관심 있는 게 뭐예요?"
            },
            {
              "speaker": "B",
              "text": "Telescope is really fascinating.",
              "romanization": "",
              "translation": "망원경이/가 정말 신기해요."
            },
            {
              "speaker": "A",
              "text": "Why?",
              "romanization": "",
              "translation": "왜요?"
            },
            {
              "speaker": "B",
              "text": "Because there's still so much we don't know.",
              "romanization": "",
              "translation": "아직 모르는 게 너무 많아서요."
            }
          ]
        }
      }
    }
  }
]